{
  "seed": 1,
  "method": "gfn",
  "benchmark": "branin",
  "spec_name": "reward_protocol_rank_v2",
  "regrets": [
    1.9835938215255737,
    1.9835938215255737,
    1.9835938215255737,
    1.9835938215255737,
    1.9835938215255737,
    1.9835938215255737,
    1.9835938215255737,
    1.9835938215255737,
    1.9835938215255737,
    1.9835938215255737,
    1.9835938215255737,
    1.9835938215255737,
    1.9835938215255737,
    1.9835938215255737,
    1.9835938215255737,
    1.9835938215255737,
    1.9835938215255737,
    1.9835938215255737
  ],
  "best_values": [
    -2.381481170654297,
    -2.381481170654297,
    -2.381481170654297,
    -2.381481170654297,
    -2.381481170654297,
    -2.381481170654297,
    -2.381481170654297,
    -2.381481170654297,
    -2.381481170654297,
    -2.381481170654297,
    -2.381481170654297,
    -2.381481170654297,
    -2.381481170654297,
    -2.381481170654297,
    -2.381481170654297,
    -2.381481170654297,
    -2.381481170654297,
    -2.381481170654297
  ],
  "queried_values": [
    -3.400947093963623,
    -20.601472854614258,
    -9.1447172164917,
    -3.1127471923828125,
    -13.308252334594727,
    -3.3272533416748047,
    -6.150182723999023,
    -3.3597402572631836,
    -18.46360969543457,
    -11.912846565246582,
    -10.915671348571777,
    -3.934197425842285,
    -3.542668342590332,
    -5.599778175354004,
    -11.381745338439941,
    -10.062283515930176,
    -6.189944267272949,
    -3.2645368576049805
  ],
  "actual_gains": [
    -1.0194659233093262,
    -18.21999168395996,
    -6.763236045837402,
    -0.7312660217285156,
    -10.92677116394043,
    -0.9457721710205078,
    -3.7687015533447266,
    -0.9782590866088867,
    -16.082128524780273,
    -9.531365394592285,
    -8.53419017791748,
    -1.5527162551879883,
    -1.1611871719360352,
    -3.218297004699707,
    -9.000264167785645,
    -7.680802345275879,
    -3.8084630966186523,
    -0.8830556869506836
  ],
  "proxy_rewards": [
    1.0,
    1.0,
    1.0,
    1.0,
    1.0,
    1.0,
    1.0,
    1.0,
    1.0,
    1.0,
    1.0,
    1.0,
    1.0,
    1.0,
    1.0,
    1.0,
    1.0,
    1.0
  ],
  "proxy_improvements": [
    38.01517868041992,
    19.035715103149414,
    24.692337036132812,
    7.956483840942383,
    15.186628341674805,
    -1.3876879215240479,
    3.013822078704834,
    11.044845581054688,
    4.5386199951171875,
    1.9117573499679565,
    2.5582244396209717,
    5.500458240509033,
    1.1285731792449951,
    4.107540130615234,
    13.503707885742188,
    5.826638221740723,
    4.447427749633789,
    3.437004804611206
  ],
  "floor_reward_flags": [
    0.0,
    0.0,
    0.0,
    0.0,
    0.0,
    0.0,
    0.0,
    0.0,
    0.0,
    0.0,
    0.0,
    0.0,
    0.0,
    0.0,
    0.0,
    0.0,
    0.0,
    0.0
  ],
  "step_reward_std": [
    0.3011295199394226,
    0.2918417751789093,
    0.2924087941646576,
    0.30364885926246643,
    0.36967089772224426,
    0.32405921816825867,
    0.3523380160331726,
    0.31663501262664795,
    0.32075321674346924,
    0.30200278759002686,
    0.3080151081085205,
    0.2549578845500946,
    0.31522220373153687,
    0.30730628967285156,
    0.291578471660614,
    0.37418630719184875,
    0.3261899948120117,
    0.32719963788986206
  ],
  "step_improvement_std": [
    21.79145622253418,
    14.920198440551758,
    5.863759994506836,
    2.048583745956421,
    7.404196262359619,
    5.177255630493164,
    3.0238125324249268,
    2.242612600326538,
    17.001001358032227,
    4.554908752441406,
    3.6439080238342285,
    3.258775472640991,
    4.640799522399902,
    3.344224214553833,
    4.039700508117676,
    4.060213565826416,
    7.425629615783691,
    5.526129245758057
  ],
  "same_mask_repeat_std": [
    1.597684621810913,
    1.8754189014434814,
    2.937228202819824,
    1.8709923028945923,
    2.102918863296509,
    0.6526668667793274,
    1.8820805549621582,
    1.703027606010437,
    0.6259585618972778,
    1.4103050231933594,
    1.5555613040924072,
    0.7158894538879395,
    0.6486239433288574,
    0.8734174966812134,
    1.645548701286316,
    1.2155567407608032,
    1.2397494316101074,
    0.7705269455909729
  ],
  "proxy_actual_gain_corr": -0.12055483169100452,
  "surrogate_train_times_sec": [
    0.11643616855144501,
    0.11222241818904877,
    0.11920975148677826,
    0.12168162316083908,
    0.12181679159402847,
    0.11894920468330383,
    0.12547820806503296,
    0.1162167489528656,
    0.12260383367538452,
    0.1257369965314865,
    0.11798933148384094,
    0.11034200340509415,
    0.11975687742233276,
    0.12114875018596649,
    0.11118900030851364,
    0.12147875130176544,
    0.1172797903418541,
    0.11839954555034637
  ],
  "gfn_train_times_sec": [
    10.151937484741211,
    10.42296314239502,
    10.322736740112305,
    10.200189590454102,
    10.055353164672852,
    10.166645050048828,
    10.118025779724121,
    10.068442344665527,
    10.072460174560547,
    10.31338119506836,
    10.089229583740234,
    10.023940086364746,
    10.089189529418945,
    10.018233299255371,
    10.20913314819336,
    10.396730422973633,
    10.163610458374023,
    10.195266723632812
  ],
  "proposal_times_sec": [
    10.418496131896973,
    10.691080093383789,
    10.592748641967773,
    10.472664833068848,
    10.328073501586914,
    10.450881004333496,
    10.385392189025879,
    10.337191581726074,
    10.346734046936035,
    10.58679485321045,
    10.355347633361816,
    10.298820495605469,
    10.354390144348145,
    10.28542709350586,
    10.485486030578613,
    10.668374061584473,
    10.436631202697754,
    10.46361255645752
  ],
  "iteration_times_sec": [
    10.545097351074219,
    10.813545227050781,
    10.72297191619873,
    10.606071472167969,
    10.461243629455566,
    10.581867218017578,
    10.522266387939453,
    10.464241981506348,
    10.480342864990234,
    10.72365951538086,
    10.484719276428223,
    10.421272277832031,
    10.484392166137695,
    10.417442321777344,
    10.607575416564941,
    10.80093765258789,
    10.564879417419434,
    10.593719482421875
  ],
  "total_wall_time_sec": 190.29714795795735
}
