{
  "seed": 4,
  "method": "gfn",
  "benchmark": "branin",
  "spec_name": "reward_protocol_rank_v2",
  "regrets": [
    3.2858641147613525,
    3.2858641147613525,
    3.2858641147613525,
    3.2858641147613525,
    3.2858641147613525,
    3.2858641147613525,
    3.2858641147613525,
    3.2858641147613525,
    3.2858641147613525,
    3.2858641147613525,
    3.2858641147613525,
    3.2858641147613525,
    3.2858641147613525,
    3.2858641147613525,
    3.2858641147613525,
    3.2858641147613525,
    3.2858641147613525,
    3.2858641147613525
  ],
  "best_values": [
    -3.6837515830993652,
    -3.6837515830993652,
    -3.6837515830993652,
    -3.6837515830993652,
    -3.6837515830993652,
    -3.6837515830993652,
    -3.6837515830993652,
    -3.6837515830993652,
    -3.6837515830993652,
    -3.6837515830993652,
    -3.6837515830993652,
    -3.6837515830993652,
    -3.6837515830993652,
    -3.6837515830993652,
    -3.6837515830993652,
    -3.6837515830993652,
    -3.6837515830993652,
    -3.6837515830993652
  ],
  "queried_values": [
    -5.734039306640625,
    -11.572847366333008,
    -20.315105438232422,
    -5.713440895080566,
    -4.282136917114258,
    -7.1973114013671875,
    -8.372903823852539,
    -9.351821899414062,
    -7.050745964050293,
    -4.984287738800049,
    -9.32540512084961,
    -5.89841365814209,
    -4.951131820678711,
    -13.099693298339844,
    -5.054669380187988,
    -5.654735088348389,
    -8.035507202148438,
    -4.894131660461426
  ],
  "actual_gains": [
    -2.0502877235412598,
    -7.889095783233643,
    -16.6313533782959,
    -2.029689311981201,
    -0.5983853340148926,
    -3.5135598182678223,
    -4.689152240753174,
    -5.668070316314697,
    -3.3669943809509277,
    -1.3005361557006836,
    -5.641653537750244,
    -2.2146620750427246,
    -1.2673802375793457,
    -9.41594123840332,
    -1.370917797088623,
    -1.9709835052490234,
    -4.351755619049072,
    -1.2103800773620605
  ],
  "proxy_rewards": [
    1.0,
    1.0,
    1.0,
    1.0,
    1.0,
    1.0,
    1.0,
    1.0,
    1.0,
    1.0,
    1.0,
    1.0,
    1.0,
    1.0,
    1.0,
    1.0,
    1.0,
    1.0
  ],
  "proxy_improvements": [
    12.940753936767578,
    9.047749519348145,
    18.058486938476562,
    0.5131455659866333,
    -3.341630458831787,
    -3.4158990383148193,
    3.6947131156921387,
    2.640653133392334,
    1.5631052255630493,
    1.1099601984024048,
    -0.598767101764679,
    -0.8309391140937805,
    -3.177415132522583,
    -0.3688543438911438,
    -1.1295855045318604,
    -1.0339305400848389,
    -0.5862816572189331,
    -0.18320603668689728
  ],
  "floor_reward_flags": [
    0.0,
    0.0,
    0.0,
    0.0,
    0.0,
    0.0,
    0.0,
    0.0,
    0.0,
    0.0,
    0.0,
    0.0,
    0.0,
    0.0,
    0.0,
    0.0,
    0.0,
    0.0
  ],
  "step_reward_std": [
    0.3552134335041046,
    0.327675998210907,
    0.3099031150341034,
    0.373953253030777,
    0.3178437650203705,
    0.3132847547531128,
    0.3175446093082428,
    0.3320309519767761,
    0.2704031467437744,
    0.3586183190345764,
    0.30678531527519226,
    0.38080835342407227,
    0.3809090256690979,
    0.3513105809688568,
    0.3677595257759094,
    0.3133079409599304,
    0.35763466358184814,
    0.3624113202095032
  ],
  "step_improvement_std": [
    8.300951957702637,
    6.685176372528076,
    3.919363260269165,
    8.994524955749512,
    12.772449493408203,
    2.447171449661255,
    7.0683770179748535,
    4.410821437835693,
    4.946774005889893,
    5.348498821258545,
    1.5037349462509155,
    10.16832447052002,
    5.322303771972656,
    9.3233060836792,
    9.057426452636719,
    5.203098773956299,
    3.4863996505737305,
    2.9818527698516846
  ],
  "same_mask_repeat_std": [
    2.0702502727508545,
    1.1419827938079834,
    1.498270869255066,
    1.9245514869689941,
    1.1764556169509888,
    1.1286840438842773,
    1.3153269290924072,
    1.4318625926971436,
    0.5450994968414307,
    1.6783283948898315,
    1.4789942502975464,
    1.2523490190505981,
    1.3891297578811646,
    0.49562937021255493,
    1.0813430547714233,
    0.9269596934318542,
    0.9053556323051453,
    0.8865723013877869
  ],
  "proxy_actual_gain_corr": -0.6665477887030051,
  "surrogate_train_times_sec": [
    0.11201854050159454,
    0.12135591357946396,
    0.12221450358629227,
    0.11937174946069717,
    0.1155543327331543,
    0.11376262456178665,
    0.12073037773370743,
    0.1163228303194046,
    0.11536645889282227,
    0.11570804566144943,
    0.11694508045911789,
    0.11938420683145523,
    0.1246100440621376,
    0.11950462311506271,
    0.12105946242809296,
    0.11803008615970612,
    0.11228137463331223,
    0.11234354227781296
  ],
  "gfn_train_times_sec": [
    9.903008460998535,
    10.23017406463623,
    10.130769729614258,
    9.903048515319824,
    9.942063331604004,
    10.072305679321289,
    10.146349906921387,
    10.16524887084961,
    10.541084289550781,
    10.08521842956543,
    10.215551376342773,
    10.33482837677002,
    10.107510566711426,
    10.044535636901855,
    10.091119766235352,
    9.997151374816895,
    10.065865516662598,
    10.243487358093262
  ],
  "proposal_times_sec": [
    10.170926094055176,
    10.512001991271973,
    10.39453411102295,
    10.167991638183594,
    10.203285217285156,
    10.331088066101074,
    10.414570808410645,
    10.437300682067871,
    10.812737464904785,
    10.357839584350586,
    10.498345375061035,
    10.610325813293457,
    10.377721786499023,
    10.308697700500488,
    10.35612678527832,
    10.263277053833008,
    10.32923412322998,
    10.507508277893066
  ],
  "iteration_times_sec": [
    10.293251991271973,
    10.645222663879395,
    10.527998924255371,
    10.297404289245605,
    10.329776763916016,
    10.455794334411621,
    10.545975685119629,
    10.564236640930176,
    10.93947982788086,
    10.484222412109375,
    10.626921653747559,
    10.741801261901855,
    10.513787269592285,
    10.43927001953125,
    10.488090515136719,
    10.391569137573242,
    10.451872825622559,
    10.631133079528809
  ],
  "total_wall_time_sec": 189.3689889999805
}
