{
  "seed": 3,
  "method": "gfn",
  "benchmark": "branin",
  "spec_name": "reward_protocol_rank_v2",
  "regrets": [
    4.9067606925964355,
    4.9067606925964355,
    4.9067606925964355,
    4.9067606925964355,
    4.9067606925964355,
    4.9067606925964355,
    4.9067606925964355,
    4.9067606925964355,
    4.9067606925964355,
    4.9067606925964355,
    4.9067606925964355,
    4.9067606925964355,
    4.9067606925964355,
    4.9067606925964355,
    4.9067606925964355,
    4.9067606925964355,
    4.9067606925964355,
    4.9067606925964355
  ],
  "best_values": [
    -5.304647922515869,
    -5.304647922515869,
    -5.304647922515869,
    -5.304647922515869,
    -5.304647922515869,
    -5.304647922515869,
    -5.304647922515869,
    -5.304647922515869,
    -5.304647922515869,
    -5.304647922515869,
    -5.304647922515869,
    -5.304647922515869,
    -5.304647922515869,
    -5.304647922515869,
    -5.304647922515869,
    -5.304647922515869,
    -5.304647922515869,
    -5.304647922515869
  ],
  "queried_values": [
    -10.189760208129883,
    -9.275758743286133,
    -6.237730503082275,
    -8.805522918701172,
    -8.906296730041504,
    -9.220476150512695,
    -5.353418827056885,
    -8.80099105834961,
    -8.665771484375,
    -7.241494655609131,
    -5.902482509613037,
    -8.52078914642334,
    -8.503406524658203,
    -5.8719706535339355,
    -7.532135009765625,
    -6.020814895629883,
    -8.726275444030762,
    -9.061500549316406
  ],
  "actual_gains": [
    -4.885112285614014,
    -3.9711108207702637,
    -0.9330825805664062,
    -3.5008749961853027,
    -3.6016488075256348,
    -3.915828227996826,
    -0.048770904541015625,
    -3.4963431358337402,
    -3.361123561859131,
    -1.9368467330932617,
    -0.597834587097168,
    -3.2161412239074707,
    -3.198758602142334,
    -0.5673227310180664,
    -2.227487087249756,
    -0.7161669731140137,
    -3.4216275215148926,
    -3.756852626800537
  ],
  "proxy_rewards": [
    1.0,
    1.0,
    1.0,
    1.0,
    1.0,
    1.0,
    1.0,
    1.0,
    1.0,
    1.0,
    1.0,
    1.0,
    1.0,
    1.0,
    1.0,
    1.0,
    1.0,
    1.0
  ],
  "proxy_improvements": [
    -0.8070723414421082,
    -4.085565090179443,
    1.1082042455673218,
    1.6342417001724243,
    1.4579479694366455,
    2.2586145401000977,
    -1.9210361242294312,
    1.0038020610809326,
    -1.329541563987732,
    3.246140480041504,
    6.9813385009765625,
    -1.160700798034668,
    0.19260339438915253,
    1.2592092752456665,
    -0.022255659103393555,
    0.6963644027709961,
    -2.6058425903320312,
    1.3185395002365112
  ],
  "floor_reward_flags": [
    0.0,
    0.0,
    0.0,
    0.0,
    0.0,
    0.0,
    0.0,
    0.0,
    0.0,
    0.0,
    0.0,
    0.0,
    0.0,
    0.0,
    0.0,
    0.0,
    0.0,
    0.0
  ],
  "step_reward_std": [
    0.37769538164138794,
    0.38146349787712097,
    0.38049057126045227,
    0.35883042216300964,
    0.3254026770591736,
    0.35570937395095825,
    0.3745986521244049,
    0.31807979941368103,
    0.3543059825897217,
    0.36984729766845703,
    0.3194921314716339,
    0.3108316957950592,
    0.30752941966056824,
    0.2899808883666992,
    0.37539762258529663,
    0.3429988920688629,
    0.33752456307411194,
    0.34202760457992554
  ],
  "step_improvement_std": [
    9.94576358795166,
    13.99874496459961,
    2.7736189365386963,
    11.78427791595459,
    11.618265151977539,
    7.101244926452637,
    2.541013240814209,
    1.9396083354949951,
    1.833868384361267,
    8.983048439025879,
    6.169923305511475,
    5.7235107421875,
    6.644465923309326,
    3.766707181930542,
    2.3018670082092285,
    1.4030040502548218,
    4.75314474105835,
    3.383030652999878
  ],
  "same_mask_repeat_std": [
    1.8681330680847168,
    1.088965654373169,
    1.3507952690124512,
    1.096320629119873,
    1.4923245906829834,
    1.0148462057113647,
    1.2623913288116455,
    1.2022345066070557,
    1.0780671834945679,
    1.1400842666625977,
    1.2923601865768433,
    1.7699366807937622,
    0.5729963183403015,
    0.4570940434932709,
    0.18177969753742218,
    0.5267278552055359,
    1.3329499959945679,
    0.6639626622200012
  ],
  "proxy_actual_gain_corr": 0.3309731906206472,
  "surrogate_train_times_sec": [
    0.11299020797014236,
    0.11475833505392075,
    0.11992666870355606,
    0.12338012456893921,
    0.12099062651395798,
    0.12116929143667221,
    0.11693587154150009,
    0.11881816387176514,
    0.1221565455198288,
    0.11752887815237045,
    0.12029162794351578,
    0.1152033731341362,
    0.12492541968822479,
    0.11485179513692856,
    0.12335233390331268,
    0.12062783539295197,
    0.11487129330635071,
    0.11273645609617233
  ],
  "gfn_train_times_sec": [
    10.122365951538086,
    10.127389907836914,
    10.130131721496582,
    10.094609260559082,
    10.126733779907227,
    10.13625431060791,
    10.161043167114258,
    10.12154769897461,
    10.123832702636719,
    10.073370933532715,
    10.13118839263916,
    10.225046157836914,
    10.185928344726562,
    10.211589813232422,
    10.342988014221191,
    10.175551414489746,
    10.109267234802246,
    10.203587532043457
  ],
  "proposal_times_sec": [
    10.393651008605957,
    10.399340629577637,
    10.404215812683105,
    10.366826057434082,
    10.394821166992188,
    10.406553268432617,
    10.433296203613281,
    10.389562606811523,
    10.398603439331055,
    10.344621658325195,
    10.403406143188477,
    10.49876594543457,
    10.462838172912598,
    10.48287582397461,
    10.618401527404785,
    10.447772026062012,
    10.379565238952637,
    10.46579647064209
  ],
  "iteration_times_sec": [
    10.517598152160645,
    10.524698257446289,
    10.535889625549316,
    10.500811576843262,
    10.526533126831055,
    10.538661003112793,
    10.561507225036621,
    10.518710136413574,
    10.532504081726074,
    10.47362232208252,
    10.534956932067871,
    10.624755859375,
    10.598987579345703,
    10.608925819396973,
    10.752705574035645,
    10.578888893127441,
    10.50568962097168,
    10.58995532989502
  ],
  "total_wall_time_sec": 190.0262982910499
}
