{
  "seed": 2,
  "method": "gfn",
  "benchmark": "branin",
  "spec_name": "reward_protocol_rank_v2",
  "regrets": [
    5.224915027618408,
    5.217525005340576,
    5.217525005340576,
    5.217525005340576,
    5.217525005340576,
    5.217525005340576,
    5.217525005340576,
    5.217525005340576,
    5.217525005340576,
    5.217525005340576,
    5.217525005340576,
    5.217525005340576,
    5.217525005340576,
    5.217525005340576,
    5.217525005340576,
    5.192541122436523,
    5.192541122436523,
    5.192541122436523
  ],
  "best_values": [
    -5.622802257537842,
    -5.61541223526001,
    -5.61541223526001,
    -5.61541223526001,
    -5.61541223526001,
    -5.61541223526001,
    -5.61541223526001,
    -5.61541223526001,
    -5.61541223526001,
    -5.61541223526001,
    -5.61541223526001,
    -5.61541223526001,
    -5.61541223526001,
    -5.61541223526001,
    -5.61541223526001,
    -5.590428352355957,
    -5.590428352355957,
    -5.590428352355957
  ],
  "queried_values": [
    -6.709662437438965,
    -5.61541223526001,
    -8.50587272644043,
    -7.730349540710449,
    -10.837651252746582,
    -9.92028522491455,
    -6.527298927307129,
    -7.058078289031982,
    -8.489579200744629,
    -9.588235855102539,
    -8.912996292114258,
    -9.581949234008789,
    -9.921407699584961,
    -9.517742156982422,
    -8.817521095275879,
    -5.590428352355957,
    -9.376913070678711,
    -8.89859390258789
  ],
  "actual_gains": [
    -1.086860179901123,
    0.007390022277832031,
    -2.89046049118042,
    -2.1149373054504395,
    -5.222239017486572,
    -4.304872989654541,
    -0.9118866920471191,
    -1.4426660537719727,
    -2.874166965484619,
    -3.9728236198425293,
    -3.297584056854248,
    -3.9665369987487793,
    -4.305995464324951,
    -3.902329921722412,
    -3.202108860015869,
    0.024983882904052734,
    -3.786484718322754,
    -3.3081655502319336
  ],
  "proxy_rewards": [
    1.0,
    1.0,
    1.0,
    1.0,
    1.0,
    1.0,
    1.0,
    1.0,
    1.0,
    1.0,
    1.0,
    1.0,
    1.0,
    1.0,
    1.0,
    1.0,
    1.0,
    1.0
  ],
  "proxy_improvements": [
    18.74738121032715,
    13.857324600219727,
    5.026836395263672,
    3.593287467956543,
    7.041501045227051,
    0.3539993166923523,
    3.113396644592285,
    -0.8748356699943542,
    -0.23862604796886444,
    1.7304000854492188,
    -0.25901421904563904,
    -0.7310941219329834,
    1.2777247428894043,
    -0.4766993522644043,
    -0.7134680151939392,
    -1.6137597560882568,
    -1.2749238014221191,
    -0.44426265358924866
  ],
  "floor_reward_flags": [
    0.0,
    0.0,
    0.0,
    0.0,
    0.0,
    0.0,
    0.0,
    0.0,
    0.0,
    0.0,
    0.0,
    0.0,
    0.0,
    0.0,
    0.0,
    0.0,
    0.0,
    0.0
  ],
  "step_reward_std": [
    0.36854785680770874,
    0.3584675192832947,
    0.36164164543151855,
    0.3194851279258728,
    0.35424044728279114,
    0.2982269823551178,
    0.37280482053756714,
    0.2744111120700836,
    0.3580120801925659,
    0.3634779155254364,
    0.35418447852134705,
    0.33769577741622925,
    0.3695526421070099,
    0.37197667360305786,
    0.3592183589935303,
    0.358066588640213,
    0.3415745496749878,
    0.37620946764945984
  ],
  "step_improvement_std": [
    7.281736373901367,
    5.692090034484863,
    6.0017547607421875,
    4.661000728607178,
    8.193650245666504,
    6.33744478225708,
    6.039229393005371,
    5.742675304412842,
    5.87521505355835,
    4.456167221069336,
    6.061063766479492,
    3.927489757537842,
    6.675475597381592,
    4.306972980499268,
    4.748391151428223,
    11.289833068847656,
    3.7437350749969482,
    5.748159408569336
  ],
  "same_mask_repeat_std": [
    1.856614589691162,
    1.2570703029632568,
    0.7769572734832764,
    1.7845503091812134,
    0.3311561048030853,
    1.0863600969314575,
    0.9599531888961792,
    0.41244077682495117,
    0.567086398601532,
    0.5429713129997253,
    0.8676288723945618,
    0.5030578374862671,
    0.579474687576294,
    0.9412775635719299,
    1.9999892711639404,
    0.5797997117042542,
    0.26379406452178955,
    0.857269823551178
  ],
  "proxy_actual_gain_corr": 0.37912066134971545,
  "surrogate_train_times_sec": [
    0.11168324947357178,
    0.11901954561471939,
    0.11216804385185242,
    0.12061437219381332,
    0.11472074687480927,
    0.11316179484128952,
    0.1217724159359932,
    0.12323066592216492,
    0.12153767049312592,
    0.11258408427238464,
    0.11302191764116287,
    0.11888699978590012,
    0.11559991538524628,
    0.11683692038059235,
    0.12130216509103775,
    0.11410199850797653,
    0.11369887739419937,
    0.11918395757675171
  ],
  "gfn_train_times_sec": [
    10.011543273925781,
    9.982309341430664,
    10.035545349121094,
    10.32085132598877,
    10.186677932739258,
    10.028938293457031,
    10.079473495483398,
    10.159750938415527,
    10.010293006896973,
    10.060819625854492,
    10.116085052490234,
    10.011920928955078,
    10.106026649475098,
    10.082307815551758,
    9.990150451660156,
    9.97509765625,
    10.096769332885742,
    10.07098388671875
  ],
  "proposal_times_sec": [
    10.284241676330566,
    10.25952434539795,
    10.312342643737793,
    10.605971336364746,
    10.455511093139648,
    10.288277626037598,
    10.345125198364258,
    10.421624183654785,
    10.276525497436523,
    10.330939292907715,
    10.389204025268555,
    10.276459693908691,
    10.37099838256836,
    10.345821380615234,
    10.251989364624023,
    10.239045143127441,
    10.375555038452148,
    10.337738037109375
  ],
  "iteration_times_sec": [
    10.407360076904297,
    10.389778137207031,
    10.436942100524902,
    10.737096786499023,
    10.581418991088867,
    10.411808967590332,
    10.477315902709961,
    10.555891990661621,
    10.408232688903809,
    10.454208374023438,
    10.513374328613281,
    10.40635871887207,
    10.49700927734375,
    10.473808288574219,
    10.384258270263672,
    10.364100456237793,
    10.5003080368042,
    10.467205047607422
  ],
  "total_wall_time_sec": 188.46738995902706
}
