{
  "seed": 0,
  "method": "gfn",
  "benchmark": "branin",
  "spec_name": "reward_protocol_rank_v2",
  "regrets": [
    7.320659637451172,
    7.320659637451172,
    7.320659637451172,
    7.320659637451172,
    7.320659637451172,
    7.320659637451172,
    0.32232940196990967,
    0.32232940196990967,
    0.32232940196990967,
    0.32232940196990967,
    0.32232940196990967,
    0.32232940196990967,
    0.32232940196990967,
    0.32232940196990967,
    0.32232940196990967,
    0.32232940196990967,
    0.32232940196990967,
    0.32232940196990967
  ],
  "best_values": [
    -7.7185468673706055,
    -7.7185468673706055,
    -7.7185468673706055,
    -7.7185468673706055,
    -7.7185468673706055,
    -7.7185468673706055,
    -0.7202167510986328,
    -0.7202167510986328,
    -0.7202167510986328,
    -0.7202167510986328,
    -0.7202167510986328,
    -0.7202167510986328,
    -0.7202167510986328,
    -0.7202167510986328,
    -0.7202167510986328,
    -0.7202167510986328,
    -0.7202167510986328,
    -0.7202167510986328
  ],
  "queried_values": [
    -10.896522521972656,
    -116.2981185913086,
    -8.796359062194824,
    -15.065195083618164,
    -16.151226043701172,
    -20.665117263793945,
    -0.7202167510986328,
    -3.8468871116638184,
    -2.255528450012207,
    -3.596731185913086,
    -1.8050031661987305,
    -0.7369747161865234,
    -9.492302894592285,
    -3.7854928970336914,
    -1.8954362869262695,
    -1.8097944259643555,
    -2.4728708267211914,
    -3.7056326866149902
  ],
  "actual_gains": [
    -3.177975654602051,
    -108.57957458496094,
    -1.0778121948242188,
    -7.346648216247559,
    -8.432679176330566,
    -12.94657039642334,
    6.998330116271973,
    -3.1266703605651855,
    -1.5353116989135742,
    -2.876514434814453,
    -1.0847864151000977,
    -0.016757965087890625,
    -8.772086143493652,
    -3.0652761459350586,
    -1.1752195358276367,
    -1.0895776748657227,
    -1.7526540756225586,
    -2.9854159355163574
  ],
  "proxy_rewards": [
    1.0,
    1.0,
    1.0,
    1.0,
    1.0,
    1.0,
    1.0,
    1.0,
    1.0,
    1.0,
    1.0,
    1.0,
    1.0,
    1.0,
    1.0,
    1.0,
    1.0,
    1.0
  ],
  "proxy_improvements": [
    7.532024383544922,
    5.112433433532715,
    19.902687072753906,
    9.986615180969238,
    2.913524627685547,
    3.979217290878296,
    -1.1665384769439697,
    -3.464108943939209,
    -4.737407684326172,
    -1.4957269430160522,
    -0.9068784713745117,
    -6.0846147537231445,
    -2.0607759952545166,
    0.3840106129646301,
    -2.789226770401001,
    2.0826621055603027,
    -1.1029492616653442,
    0.7695298194885254
  ],
  "floor_reward_flags": [
    0.0,
    0.0,
    0.0,
    0.0,
    0.0,
    0.0,
    0.0,
    0.0,
    0.0,
    0.0,
    0.0,
    0.0,
    0.0,
    0.0,
    0.0,
    0.0,
    0.0,
    0.0
  ],
  "step_reward_std": [
    0.28348758816719055,
    0.29684770107269287,
    0.31185123324394226,
    0.2980753481388092,
    0.2874944806098938,
    0.3724921643733978,
    0.3070831596851349,
    0.3190747797489166,
    0.3006119132041931,
    0.31952905654907227,
    0.3580568730831146,
    0.2932916581630707,
    0.2916705310344696,
    0.30296769738197327,
    0.28302302956581116,
    0.32016998529434204,
    0.3328641951084137,
    0.29688403010368347
  ],
  "step_improvement_std": [
    0.28572431206703186,
    1.646352767944336,
    5.545205116271973,
    3.788641929626465,
    2.1171507835388184,
    2.6863179206848145,
    3.3196067810058594,
    3.7049520015716553,
    4.659806728363037,
    3.2142996788024902,
    11.452207565307617,
    2.813661813735962,
    4.170464992523193,
    10.060681343078613,
    2.2479071617126465,
    2.70285701751709,
    6.080778121948242,
    3.029130697250366
  ],
  "same_mask_repeat_std": [
    1.0697247982025146,
    0.7962678074836731,
    0.9633567929267883,
    0.9159678816795349,
    0.8598429560661316,
    1.0547192096710205,
    1.4951386451721191,
    0.6923705339431763,
    0.9715321063995361,
    0.8338279128074646,
    0.5214852094650269,
    0.4103350341320038,
    0.550987184047699,
    0.9437410235404968,
    0.7543016076087952,
    0.5366280674934387,
    0.3302190899848938,
    0.4204777181148529
  ],
  "proxy_actual_gain_corr": -0.1724215654654227,
  "surrogate_train_times_sec": [
    0.11000412702560425,
    0.12363450229167938,
    0.11130037158727646,
    0.11858708411455154,
    0.12122096121311188,
    0.11856421083211899,
    0.11526183038949966,
    0.1153540387749672,
    0.12070408463478088,
    0.11294925212860107,
    0.11982928961515427,
    0.11547049880027771,
    0.11302974820137024,
    0.11878050118684769,
    0.11536271125078201,
    0.12700974941253662,
    0.11479412764310837,
    0.11206503957509995
  ],
  "gfn_train_times_sec": [
    9.909236907958984,
    10.056755065917969,
    10.389328956604004,
    10.297014236450195,
    10.252527236938477,
    10.291956901550293,
    10.141010284423828,
    10.018830299377441,
    10.12250804901123,
    10.071548461914062,
    10.169513702392578,
    10.148197174072266,
    10.245187759399414,
    10.245840072631836,
    10.266339302062988,
    10.465116500854492,
    10.256418228149414,
    10.137041091918945
  ],
  "proposal_times_sec": [
    10.185934066772461,
    10.328259468078613,
    10.663904190063477,
    10.574172019958496,
    10.531723022460938,
    10.578436851501465,
    10.40949535369873,
    10.290539741516113,
    10.3859224319458,
    10.342650413513184,
    10.448824882507324,
    10.43266773223877,
    10.518647193908691,
    10.527254104614258,
    10.564810752868652,
    10.72962474822998,
    10.519783973693848,
    10.408061981201172
  ],
  "iteration_times_sec": [
    10.307150840759277,
    10.464872360229492,
    10.786409378051758,
    10.705455780029297,
    10.664070129394531,
    10.709482192993164,
    10.535226821899414,
    10.41696834564209,
    10.516782760620117,
    10.46621322631836,
    10.579545974731445,
    10.559246063232422,
    10.64283275604248,
    10.656686782836914,
    10.69288444519043,
    10.867546081542969,
    10.645440101623535,
    10.531232833862305
  ],
  "total_wall_time_sec": 190.74915004195645
}
