{
  "seed": 3,
  "method": "random",
  "benchmark": "branin",
  "spec_name": "reward_protocol_rank_v2",
  "regrets": [
    4.9067606925964355,
    4.9067606925964355,
    4.9067606925964355,
    4.9067606925964355,
    4.436506748199463,
    4.436506748199463,
    4.436506748199463,
    4.436506748199463,
    4.436506748199463,
    4.436506748199463,
    4.436506748199463,
    4.436506748199463,
    4.436506748199463,
    4.436506748199463,
    4.436506748199463,
    4.436506748199463,
    4.436506748199463,
    4.436506748199463
  ],
  "best_values": [
    -5.304647922515869,
    -5.304647922515869,
    -5.304647922515869,
    -5.304647922515869,
    -4.8343939781188965,
    -4.8343939781188965,
    -4.8343939781188965,
    -4.8343939781188965,
    -4.8343939781188965,
    -4.8343939781188965,
    -4.8343939781188965,
    -4.8343939781188965,
    -4.8343939781188965,
    -4.8343939781188965,
    -4.8343939781188965,
    -4.8343939781188965,
    -4.8343939781188965,
    -4.8343939781188965
  ],
  "queried_values": [
    -10.189760208129883,
    -9.275758743286133,
    -6.237730503082275,
    -6.501555919647217,
    -4.8343939781188965,
    -9.220476150512695,
    -6.209304332733154,
    -9.162718772888184,
    -8.665771484375,
    -7.241494655609131,
    -6.014538764953613,
    -6.945668697357178,
    -7.9592061042785645,
    -7.0137104988098145,
    -7.532135009765625,
    -7.087416172027588,
    -10.406229019165039,
    -9.061500549316406
  ],
  "actual_gains": [
    -4.885112285614014,
    -3.9711108207702637,
    -0.9330825805664062,
    -1.1969079971313477,
    0.47025394439697266,
    -4.386082172393799,
    -1.3749103546142578,
    -4.328324794769287,
    -3.8313775062561035,
    -2.4071006774902344,
    -1.1801447868347168,
    -2.1112747192382812,
    -3.124812126159668,
    -2.179316520690918,
    -2.6977410316467285,
    -2.2530221939086914,
    -5.571835041046143,
    -4.22710657119751
  ],
  "proxy_rewards": [
    1.0,
    1.0,
    1.0,
    1.0,
    1.0,
    1.0,
    1.0,
    1.0,
    1.0,
    1.0,
    1.0,
    1.0,
    1.0,
    1.0,
    1.0,
    1.0,
    1.0,
    1.0
  ],
  "proxy_improvements": [
    -0.8070723414421082,
    2.504653215408325,
    -1.0180954933166504,
    5.1934814453125,
    1.0000766515731812,
    5.839860916137695,
    1.5531795024871826,
    2.20664119720459,
    2.7679407596588135,
    2.1082851886749268,
    2.956015110015869,
    0.20359086990356445,
    -2.7698967456817627,
    -1.2580503225326538,
    2.583759069442749,
    0.06758890300989151,
    -0.28906258940696716,
    -0.64934903383255
  ],
  "floor_reward_flags": [
    0.0,
    0.0,
    0.0,
    0.0,
    0.0,
    0.0,
    0.0,
    0.0,
    0.0,
    0.0,
    0.0,
    0.0,
    0.0,
    0.0,
    0.0,
    0.0,
    0.0,
    0.0
  ],
  "step_reward_std": [
    0.2933947443962097,
    0.0,
    0.3282630145549774,
    0.3491525650024414,
    0.35617193579673767,
    0.1685553640127182,
    0.21250809729099274,
    0.0,
    0.3171288073062897,
    0.0,
    0.3273419737815857,
    0.30635902285575867,
    0.28202152252197266,
    0.10047151148319244,
    0.13985058665275574,
    0.24796625971794128,
    0.3116917610168457,
    0.13985058665275574
  ],
  "step_improvement_std": [
    0.8269376754760742,
    4.440892098500626e-16,
    0.08782485127449036,
    0.5949625968933105,
    4.353969573974609,
    0.11306318640708923,
    0.19243259727954865,
    4.440892098500626e-16,
    0.02506733126938343,
    4.440892098500626e-16,
    0.4559454321861267,
    0.0851786807179451,
    0.03148125112056732,
    0.07707051187753677,
    0.7481725811958313,
    0.12393225729465485,
    0.07379084825515747,
    0.23392921686172485
  ],
  "same_mask_repeat_std": [
    1.8681330680847168,
    1.5927534103393555,
    1.1217000484466553,
    1.6694155931472778,
    1.9492985010147095,
    1.2102299928665161,
    1.781542181968689,
    1.0832388401031494,
    1.0265259742736816,
    0.7720420956611633,
    0.912941575050354,
    1.9679535627365112,
    0.8393197655677795,
    1.0855926275253296,
    0.5187719464302063,
    0.540224015712738,
    1.2024431228637695,
    0.7230823636054993
  ],
  "proxy_actual_gain_corr": 0.04530326229837838,
  "surrogate_train_times_sec": [
    0.11182200163602829,
    0.12108183652162552,
    0.11870478838682175,
    0.11707616597414017,
    0.11149553954601288,
    0.11102491617202759,
    0.11916462332010269,
    0.11832550168037415,
    0.11847183108329773,
    0.12202520668506622,
    0.11873191595077515,
    0.11630924791097641,
    0.11062899976968765,
    0.11770516633987427,
    0.12211829423904419,
    0.11460275202989578,
    0.1134389191865921,
    0.11452025175094604
  ],
  "gfn_train_times_sec": [
    0.0,
    0.0,
    0.0,
    0.0,
    0.0,
    0.0,
    0.0,
    0.0,
    0.0,
    0.0,
    0.0,
    0.0,
    0.0,
    0.0,
    0.0,
    0.0,
    0.0,
    0.0
  ],
  "proposal_times_sec": [
    0.17318195104599,
    0.1731972098350525,
    0.1714150458574295,
    0.17216187715530396,
    0.1680610030889511,
    0.17142488062381744,
    0.16981945931911469,
    0.1730051189661026,
    0.1713823676109314,
    0.17226195335388184,
    0.16917137801647186,
    0.1730368286371231,
    0.1707131713628769,
    0.17212504148483276,
    0.1706693321466446,
    0.16861870884895325,
    0.169430673122406,
    0.17015808820724487
  ],
  "iteration_times_sec": [
    0.2957629859447479,
    0.30517205595970154,
    0.3008882999420166,
    0.30015361309051514,
    0.28976011276245117,
    0.29241254925727844,
    0.3002541959285736,
    0.30263757705688477,
    0.30003783106803894,
    0.3049587905406952,
    0.2980552911758423,
    0.3005305528640747,
    0.2920474708080292,
    0.3009328842163086,
    0.30318087339401245,
    0.29349762201309204,
    0.293139785528183,
    0.2950427532196045
  ],
  "total_wall_time_sec": 5.369252749951556
}
