{
  "seed": 0,
  "method": "random",
  "benchmark": "branin",
  "spec_name": "reward_protocol_rank_v2",
  "regrets": [
    7.320659637451172,
    7.320659637451172,
    7.320659637451172,
    6.0472493171691895,
    1.8716248273849487,
    1.8716248273849487,
    1.8716248273849487,
    1.8716248273849487,
    1.8716248273849487,
    1.8716248273849487,
    0.5403136014938354,
    0.5403136014938354,
    0.5403136014938354,
    0.5403136014938354,
    0.5403136014938354,
    0.5403136014938354,
    0.5403136014938354,
    0.5403136014938354
  ],
  "best_values": [
    -7.7185468673706055,
    -7.7185468673706055,
    -7.7185468673706055,
    -6.445136547088623,
    -2.269512176513672,
    -2.269512176513672,
    -2.269512176513672,
    -2.269512176513672,
    -2.269512176513672,
    -2.269512176513672,
    -0.9382009506225586,
    -0.9382009506225586,
    -0.9382009506225586,
    -0.9382009506225586,
    -0.9382009506225586,
    -0.9382009506225586,
    -0.9382009506225586,
    -0.9382009506225586
  ],
  "queried_values": [
    -10.896522521972656,
    -14.649395942687988,
    -290.0107116699219,
    -6.445136547088623,
    -2.269512176513672,
    -20.370933532714844,
    -10.25371265411377,
    -20.73922348022461,
    -9.799449920654297,
    -8.634454727172852,
    -0.9382009506225586,
    -19.84520149230957,
    -18.118846893310547,
    -3.7854928970336914,
    -4.71329927444458,
    -8.271291732788086,
    -3.1700057983398438,
    -6.419327259063721
  ],
  "actual_gains": [
    -3.177975654602051,
    -6.930849075317383,
    -282.29217529296875,
    1.2734103202819824,
    4.175624370574951,
    -18.101421356201172,
    -7.984200477600098,
    -18.469711303710938,
    -7.529937744140625,
    -6.36494255065918,
    1.3313112258911133,
    -18.907001495361328,
    -17.180644989013672,
    -2.847291946411133,
    -3.7750983238220215,
    -7.333090782165527,
    -2.231804847717285,
    -5.481126308441162
  ],
  "proxy_rewards": [
    1.0,
    1.0,
    1.0,
    1.0,
    1.0,
    1.0,
    1.0,
    1.0,
    1.0,
    1.0,
    1.0,
    1.0,
    1.0,
    1.0,
    1.0,
    1.0,
    1.0,
    1.0
  ],
  "proxy_improvements": [
    7.532024383544922,
    4.3580498695373535,
    12.750144004821777,
    8.197966575622559,
    1.7872586250305176,
    6.130651950836182,
    2.4097752571105957,
    -2.722566843032837,
    -5.821447849273682,
    1.9576473236083984,
    1.5296666622161865,
    -1.3720083236694336,
    -0.6050748825073242,
    -1.438751459121704,
    0.9638504981994629,
    -0.28453198075294495,
    -2.9299778938293457,
    -2.1609983444213867
  ],
  "floor_reward_flags": [
    0.0,
    0.0,
    0.0,
    0.0,
    0.0,
    0.0,
    0.0,
    0.0,
    0.0,
    0.0,
    0.0,
    0.0,
    0.0,
    0.0,
    0.0,
    0.0,
    0.0,
    0.0
  ],
  "step_reward_std": [
    0.3118947744369507,
    0.2290358990430832,
    0.3195732533931732,
    0.32899531722068787,
    0.28502434492111206,
    0.320769727230072,
    0.3291172683238983,
    0.36400312185287476,
    0.3797070384025574,
    0.36253491044044495,
    0.3342518210411072,
    0.29183274507522583,
    0.33707907795906067,
    0.33639413118362427,
    0.3217177987098694,
    0.3220246136188507,
    0.3666881024837494,
    0.37254598736763
  ],
  "step_improvement_std": [
    0.13966846466064453,
    0.24746428430080414,
    0.03444920480251312,
    2.0698821544647217,
    4.809966087341309,
    0.8548405766487122,
    2.5215234756469727,
    1.5312775373458862,
    9.811321258544922,
    1.1667296886444092,
    1.6904993057250977,
    0.8703914284706116,
    1.494544267654419,
    0.9049227237701416,
    1.524738073348999,
    2.4119479656219482,
    0.7026683688163757,
    3.1220293045043945
  ],
  "same_mask_repeat_std": [
    0.9729151129722595,
    0.5238438844680786,
    0.8588520288467407,
    1.1950472593307495,
    1.1629635095596313,
    1.5247079133987427,
    1.4012975692749023,
    0.9327710270881653,
    1.7308109998703003,
    1.291430115699768,
    1.063049077987671,
    0.904671311378479,
    1.3640928268432617,
    1.724012017250061,
    0.8261109590530396,
    0.8429298996925354,
    0.7525272965431213,
    0.7581666707992554
  ],
  "proxy_actual_gain_corr": -0.5719355890001108,
  "surrogate_train_times_sec": [
    0.12186679244041443,
    0.1189197525382042,
    0.11836308240890503,
    0.11513195931911469,
    0.12481929361820221,
    0.11923962831497192,
    0.11100845783948898,
    0.11649716645479202,
    0.11100070923566818,
    0.11189708113670349,
    0.12039295583963394,
    0.11607358604669571,
    0.12267795950174332,
    0.11413629353046417,
    0.11759408563375473,
    0.11509554088115692,
    0.11307920515537262,
    0.11580149829387665
  ],
  "gfn_train_times_sec": [
    0.0,
    0.0,
    0.0,
    0.0,
    0.0,
    0.0,
    0.0,
    0.0,
    0.0,
    0.0,
    0.0,
    0.0,
    0.0,
    0.0,
    0.0,
    0.0,
    0.0,
    0.0
  ],
  "proposal_times_sec": [
    0.18360595405101776,
    0.18428629636764526,
    0.17723150551319122,
    0.189172625541687,
    0.17993099987506866,
    0.1813652515411377,
    0.17629759013652802,
    0.17761129140853882,
    0.17616982758045197,
    0.17044617235660553,
    0.184005007147789,
    0.18122462928295135,
    0.17492862045764923,
    0.1740799993276596,
    0.17594921588897705,
    0.17099221050739288,
    0.1753610372543335,
    0.17970620095729828
  ],
  "iteration_times_sec": [
    0.3161884546279907,
    0.3160373866558075,
    0.3060893714427948,
    0.31571587920188904,
    0.31560078263282776,
    0.31087300181388855,
    0.2979179620742798,
    0.3056442439556122,
    0.29805195331573486,
    0.2931419909000397,
    0.3154827952384949,
    0.3081975281238556,
    0.308611661195755,
    0.30003800988197327,
    0.30370932817459106,
    0.2965065836906433,
    0.2997708022594452,
    0.30593594908714294
  ],
  "total_wall_time_sec": 5.51431924989447
}
