{
  "seed": 4,
  "method": "random",
  "benchmark": "branin",
  "spec_name": "reward_protocol_rank_v2",
  "regrets": [
    3.2858641147613525,
    3.2858641147613525,
    3.2858641147613525,
    3.2858641147613525,
    3.2858641147613525,
    3.2858641147613525,
    3.2858641147613525,
    3.2858641147613525,
    3.2858641147613525,
    3.2858641147613525,
    3.2858641147613525,
    3.2858641147613525,
    3.2858641147613525,
    3.2858641147613525,
    3.2858641147613525,
    3.2858641147613525,
    3.2858641147613525,
    3.2858641147613525
  ],
  "best_values": [
    -3.6837515830993652,
    -3.6837515830993652,
    -3.6837515830993652,
    -3.6837515830993652,
    -3.6837515830993652,
    -3.6837515830993652,
    -3.6837515830993652,
    -3.6837515830993652,
    -3.6837515830993652,
    -3.6837515830993652,
    -3.6837515830993652,
    -3.6837515830993652,
    -3.6837515830993652,
    -3.6837515830993652,
    -3.6837515830993652,
    -3.6837515830993652,
    -3.6837515830993652,
    -3.6837515830993652
  ],
  "queried_values": [
    -5.734039306640625,
    -17.20921516418457,
    -5.777707099914551,
    -20.59784698486328,
    -15.96878433227539,
    -7.1973114013671875,
    -13.24360466003418,
    -6.039591312408447,
    -4.989388942718506,
    -4.984287738800049,
    -5.96544075012207,
    -8.057069778442383,
    -4.951131820678711,
    -4.785799980163574,
    -5.054669380187988,
    -5.654735088348389,
    -6.407851219177246,
    -10.217437744140625
  ],
  "actual_gains": [
    -2.0502877235412598,
    -13.525463104248047,
    -2.0939555168151855,
    -16.914094924926758,
    -12.285032272338867,
    -3.5135598182678223,
    -9.559852600097656,
    -2.355839729309082,
    -1.3056373596191406,
    -1.3005361557006836,
    -2.281689167022705,
    -4.373318195343018,
    -1.2673802375793457,
    -1.102048397064209,
    -1.370917797088623,
    -1.9709835052490234,
    -2.724099636077881,
    -6.53368616104126
  ],
  "proxy_rewards": [
    1.0,
    1.0,
    1.0,
    1.0,
    1.0,
    1.0,
    1.0,
    1.0,
    1.0,
    1.0,
    1.0,
    1.0,
    1.0,
    1.0,
    1.0,
    1.0,
    1.0,
    1.0
  ],
  "proxy_improvements": [
    12.940753936767578,
    20.14713478088379,
    9.587545394897461,
    -0.6393653154373169,
    4.547186851501465,
    -7.117997169494629,
    -2.285783529281616,
    3.005500316619873,
    1.9455244541168213,
    -7.6457905769348145,
    -0.8463186025619507,
    0.13751402497291565,
    -4.714137077331543,
    0.3099440038204193,
    -1.8696296215057373,
    -0.13703465461730957,
    -4.997807025909424,
    -0.6406503319740295
  ],
  "floor_reward_flags": [
    0.0,
    0.0,
    0.0,
    0.0,
    0.0,
    0.0,
    0.0,
    0.0,
    0.0,
    0.0,
    0.0,
    0.0,
    0.0,
    0.0,
    0.0,
    0.0,
    0.0,
    0.0
  ],
  "step_reward_std": [
    0.3654235005378723,
    0.30631715059280396,
    0.32327109575271606,
    0.2594948709011078,
    0.3506157398223877,
    0.3741699457168579,
    0.34050247073173523,
    0.34675490856170654,
    0.29195907711982727,
    0.3541945815086365,
    0.33274349570274353,
    0.3515315353870392,
    0.26797249913215637,
    0.24768653512001038,
    0.3404991328716278,
    0.3661370873451233,
    0.3616260886192322,
    0.36493539810180664
  ],
  "step_improvement_std": [
    0.8560593128204346,
    2.7387521266937256,
    1.194798469543457,
    0.6732097268104553,
    2.671966075897217,
    0.8212674260139465,
    1.2681350708007812,
    1.0865287780761719,
    0.975781261920929,
    1.022839069366455,
    0.22008781135082245,
    1.8755415678024292,
    1.2088189125061035,
    0.46115151047706604,
    0.7881600260734558,
    0.9303764700889587,
    1.2848284244537354,
    1.2851170301437378
  ],
  "same_mask_repeat_std": [
    1.9525916576385498,
    1.603589653968811,
    1.2596954107284546,
    1.4563814401626587,
    0.9853381514549255,
    0.7928506731987,
    1.8436636924743652,
    1.0161188840866089,
    0.7518690824508667,
    0.9313660264015198,
    0.8249896764755249,
    0.6877167224884033,
    1.2660048007965088,
    1.046985149383545,
    0.5705345869064331,
    0.8486565947532654,
    0.5117546319961548,
    0.4610069990158081
  ],
  "proxy_actual_gain_corr": -0.31591928997936103,
  "surrogate_train_times_sec": [
    0.11364466696977615,
    0.1143503338098526,
    0.11332641541957855,
    0.11069437861442566,
    0.1121898740530014,
    0.11055225133895874,
    0.11531417071819305,
    0.11842029541730881,
    0.11490599811077118,
    0.10881499946117401,
    0.11623308062553406,
    0.11234521120786667,
    0.1156296655535698,
    0.12469841539859772,
    0.1163836270570755,
    0.11725316941738129,
    0.11325162649154663,
    0.12017066776752472
  ],
  "gfn_train_times_sec": [
    0.0,
    0.0,
    0.0,
    0.0,
    0.0,
    0.0,
    0.0,
    0.0,
    0.0,
    0.0,
    0.0,
    0.0,
    0.0,
    0.0,
    0.0,
    0.0,
    0.0,
    0.0
  ],
  "proposal_times_sec": [
    0.16590824723243713,
    0.16975779831409454,
    0.1717151701450348,
    0.17035911977291107,
    0.1708948314189911,
    0.1713852435350418,
    0.17096346616744995,
    0.17362874746322632,
    0.17082521319389343,
    0.17230892181396484,
    0.16831891238689423,
    0.18662628531455994,
    0.17268021404743195,
    0.1765975058078766,
    0.17121562361717224,
    0.17395858466625214,
    0.16970087587833405,
    0.17726241052150726
  ],
  "iteration_times_sec": [
    0.28965088725090027,
    0.2947438061237335,
    0.29549440741539,
    0.2916453182697296,
    0.2938525080680847,
    0.29230332374572754,
    0.29735130071640015,
    0.3023388683795929,
    0.2961924076080322,
    0.2912265360355377,
    0.2943967878818512,
    0.3094050884246826,
    0.2992211580276489,
    0.3117677569389343,
    0.2982385456562042,
    0.3020753860473633,
    0.29315608739852905,
    0.3078351616859436
  ],
  "total_wall_time_sec": 5.361724416958168
}
