{
  "seed": 1,
  "method": "random",
  "benchmark": "branin",
  "spec_name": "reward_protocol_rank_v2",
  "regrets": [
    1.9835938215255737,
    1.9835938215255737,
    1.9835938215255737,
    1.9835938215255737,
    1.9835938215255737,
    1.9835938215255737,
    1.9835938215255737,
    1.9835938215255737,
    1.9835938215255737,
    1.9835938215255737,
    1.9835938215255737,
    1.9835938215255737,
    1.9835938215255737,
    1.9835938215255737,
    1.9835938215255737,
    1.9835938215255737,
    1.9835938215255737,
    1.9835938215255737
  ],
  "best_values": [
    -2.381481170654297,
    -2.381481170654297,
    -2.381481170654297,
    -2.381481170654297,
    -2.381481170654297,
    -2.381481170654297,
    -2.381481170654297,
    -2.381481170654297,
    -2.381481170654297,
    -2.381481170654297,
    -2.381481170654297,
    -2.381481170654297,
    -2.381481170654297,
    -2.381481170654297,
    -2.381481170654297,
    -2.381481170654297,
    -2.381481170654297,
    -2.381481170654297
  ],
  "queried_values": [
    -3.400947093963623,
    -20.601472854614258,
    -4.560078144073486,
    -25.600446701049805,
    -4.739233493804932,
    -6.1772966384887695,
    -13.319131851196289,
    -4.816737651824951,
    -17.227886199951172,
    -15.74199390411377,
    -3.914449691772461,
    -3.934197425842285,
    -5.716584205627441,
    -7.549785614013672,
    -5.294373035430908,
    -10.062283515930176,
    -3.816497325897217,
    -3.2645368576049805
  ],
  "actual_gains": [
    -1.0194659233093262,
    -18.21999168395996,
    -2.1785969734191895,
    -23.218965530395508,
    -2.3577523231506348,
    -3.7958154678344727,
    -10.937650680541992,
    -2.4352564811706543,
    -14.846405029296875,
    -13.360512733459473,
    -1.532968521118164,
    -1.5527162551879883,
    -3.3351030349731445,
    -5.168304443359375,
    -2.9128918647766113,
    -7.680802345275879,
    -1.43501615524292,
    -0.8830556869506836
  ],
  "proxy_rewards": [
    1.0,
    1.0,
    1.0,
    1.0,
    1.0,
    1.0,
    1.0,
    1.0,
    1.0,
    1.0,
    1.0,
    1.0,
    1.0,
    1.0,
    1.0,
    1.0,
    1.0,
    1.0
  ],
  "proxy_improvements": [
    38.01517868041992,
    32.55851745605469,
    13.573517799377441,
    10.91563892364502,
    6.801421165466309,
    2.4417223930358887,
    4.675788879394531,
    4.713659763336182,
    7.384573459625244,
    -2.8005311489105225,
    1.1842634677886963,
    -1.1236536502838135,
    4.856801509857178,
    -1.4490479230880737,
    1.256064534187317,
    4.640488147735596,
    4.722013473510742,
    -0.6182457208633423
  ],
  "floor_reward_flags": [
    0.0,
    0.0,
    0.0,
    0.0,
    0.0,
    0.0,
    0.0,
    0.0,
    0.0,
    0.0,
    0.0,
    0.0,
    0.0,
    0.0,
    0.0,
    0.0,
    0.0,
    0.0
  ],
  "step_reward_std": [
    0.3802172541618347,
    0.32075414061546326,
    0.34399479627609253,
    0.38115954399108887,
    0.3278590738773346,
    0.3015819787979126,
    0.3353717029094696,
    0.37339508533477783,
    0.35866034030914307,
    0.22963717579841614,
    0.3515528440475464,
    0.36955124139785767,
    0.36037585139274597,
    0.37448927760124207,
    0.3450523018836975,
    0.33297792077064514,
    0.29961153864860535,
    0.291808545589447
  ],
  "step_improvement_std": [
    8.209918022155762,
    4.8301310539245605,
    2.7652082443237305,
    3.4465911388397217,
    3.6355278491973877,
    1.4524966478347778,
    1.8182117938995361,
    1.2506890296936035,
    2.80741548538208,
    0.9260271787643433,
    1.5144903659820557,
    3.0753862857818604,
    2.776845932006836,
    0.379314661026001,
    2.725101947784424,
    3.646275281906128,
    1.0379037857055664,
    1.3830257654190063
  ],
  "same_mask_repeat_std": [
    1.588672161102295,
    2.1400065422058105,
    0.9691171646118164,
    1.511303424835205,
    1.1119940280914307,
    1.312334418296814,
    0.461104154586792,
    1.267243504524231,
    1.8807743787765503,
    1.0913164615631104,
    1.7449820041656494,
    0.6948805451393127,
    1.291106104850769,
    0.6939167976379395,
    0.8152859210968018,
    1.931532382965088,
    1.585199236869812,
    0.7438924312591553
  ],
  "proxy_actual_gain_corr": -0.21592138676044997,
  "surrogate_train_times_sec": [
    0.11574429273605347,
    0.10852450132369995,
    0.12415424734354019,
    0.11846058070659637,
    0.11272616684436798,
    0.11042691767215729,
    0.10965466499328613,
    0.10795778781175613,
    0.12185279279947281,
    0.11768849939107895,
    0.1100921705365181,
    0.11823821067810059,
    0.11128958314657211,
    0.1241728737950325,
    0.1130383312702179,
    0.1115027517080307,
    0.11610595881938934,
    0.11294679343700409
  ],
  "gfn_train_times_sec": [
    0.0,
    0.0,
    0.0,
    0.0,
    0.0,
    0.0,
    0.0,
    0.0,
    0.0,
    0.0,
    0.0,
    0.0,
    0.0,
    0.0,
    0.0,
    0.0,
    0.0,
    0.0
  ],
  "proposal_times_sec": [
    0.17028525471687317,
    0.1815306693315506,
    0.18224425613880157,
    0.17991037666797638,
    0.1694842129945755,
    0.1754230409860611,
    0.1717037856578827,
    0.17199982702732086,
    0.1790069192647934,
    0.17644591629505157,
    0.17646808922290802,
    0.17346562445163727,
    0.17621953785419464,
    0.17687886953353882,
    0.17978216707706451,
    0.17614716291427612,
    0.18067333102226257,
    0.17410150170326233
  ],
  "iteration_times_sec": [
    0.2971870005130768,
    0.3016505539417267,
    0.31658586859703064,
    0.3086933195590973,
    0.29253190755844116,
    0.2968791127204895,
    0.29163992404937744,
    0.2905316650867462,
    0.31193211674690247,
    0.3049491345882416,
    0.2979032099246979,
    0.30223000049591064,
    0.29777616262435913,
    0.31218990683555603,
    0.3039616346359253,
    0.29810258746147156,
    0.3074745535850525,
    0.29832592606544495
  ],
  "total_wall_time_sec": 5.431308666011319
}
