{
  "seed": 2,
  "method": "random",
  "benchmark": "branin",
  "spec_name": "reward_protocol_rank_v2",
  "regrets": [
    5.224915027618408,
    5.217525005340576,
    5.217525005340576,
    5.217525005340576,
    5.217525005340576,
    5.217525005340576,
    5.217525005340576,
    5.217525005340576,
    5.217525005340576,
    5.217525005340576,
    5.217525005340576,
    5.217525005340576,
    5.217525005340576,
    5.217525005340576,
    5.217525005340576,
    5.192541122436523,
    5.192541122436523,
    5.192541122436523
  ],
  "best_values": [
    -5.622802257537842,
    -5.61541223526001,
    -5.61541223526001,
    -5.61541223526001,
    -5.61541223526001,
    -5.61541223526001,
    -5.61541223526001,
    -5.61541223526001,
    -5.61541223526001,
    -5.61541223526001,
    -5.61541223526001,
    -5.61541223526001,
    -5.61541223526001,
    -5.61541223526001,
    -5.61541223526001,
    -5.590428352355957,
    -5.590428352355957,
    -5.590428352355957
  ],
  "queried_values": [
    -6.709662437438965,
    -5.61541223526001,
    -7.069571018218994,
    -7.730349540710449,
    -10.837651252746582,
    -9.92028522491455,
    -6.527298927307129,
    -7.058078289031982,
    -8.489579200744629,
    -9.588235855102539,
    -8.912996292114258,
    -9.581949234008789,
    -9.921407699584961,
    -8.278762817382812,
    -6.424537658691406,
    -5.590428352355957,
    -5.618099212646484,
    -8.89859390258789
  ],
  "actual_gains": [
    -1.086860179901123,
    0.007390022277832031,
    -1.4541587829589844,
    -2.1149373054504395,
    -5.222239017486572,
    -4.304872989654541,
    -0.9118866920471191,
    -1.4426660537719727,
    -2.874166965484619,
    -3.9728236198425293,
    -3.297584056854248,
    -3.9665369987487793,
    -4.305995464324951,
    -2.6633505821228027,
    -0.8091254234313965,
    0.024983882904052734,
    -0.027670860290527344,
    -3.3081655502319336
  ],
  "proxy_rewards": [
    1.0,
    1.0,
    1.0,
    1.0,
    1.0,
    1.0,
    1.0,
    1.0,
    1.0,
    1.0,
    1.0,
    1.0,
    1.0,
    1.0,
    1.0,
    1.0,
    1.0,
    1.0
  ],
  "proxy_improvements": [
    18.74738121032715,
    6.379848480224609,
    4.469039440155029,
    3.661835193634033,
    5.23479700088501,
    3.011747121810913,
    2.6902096271514893,
    2.558171510696411,
    -1.6372092962265015,
    1.7108627557754517,
    -0.8591192960739136,
    0.4167381823062897,
    -0.3770419657230377,
    -0.4946965277194977,
    -0.8077858686447144,
    -0.19360871613025665,
    -1.2544760704040527,
    -0.657983660697937
  ],
  "floor_reward_flags": [
    0.0,
    0.0,
    0.0,
    0.0,
    0.0,
    0.0,
    0.0,
    0.0,
    0.0,
    0.0,
    0.0,
    0.0,
    0.0,
    0.0,
    0.0,
    0.0,
    0.0,
    0.0
  ],
  "step_reward_std": [
    0.3301231265068054,
    0.32185477018356323,
    0.2641542851924896,
    0.0,
    0.0,
    0.10047151148319244,
    0.21250809729099274,
    0.0,
    0.13985058665275574,
    0.3214488923549652,
    0.19359341263771057,
    0.10047151148319244,
    0.0,
    0.10047151148319244,
    0.25768497586250305,
    0.32403451204299927,
    0.35281118750572205,
    0.23391678929328918
  ],
  "step_improvement_std": [
    3.2894914150238037,
    2.1674611568450928,
    0.06032858043909073,
    0.0,
    8.881784197001252e-16,
    2.450157403945923,
    0.25424760580062866,
    4.440892098500626e-16,
    0.3729517459869385,
    2.43211030960083,
    0.7285440564155579,
    0.7647396326065063,
    0.0,
    2.1652629375457764,
    0.14123351871967316,
    0.04819963872432709,
    0.34533846378326416,
    0.0021475208923220634
  ],
  "same_mask_repeat_std": [
    1.8447935581207275,
    0.7525804042816162,
    1.0383210182189941,
    1.4851245880126953,
    0.8193241953849792,
    0.8955458998680115,
    0.7555108070373535,
    0.5764310956001282,
    0.8586416840553284,
    0.37112295627593994,
    0.41718512773513794,
    0.89594966173172,
    0.4337616562843323,
    0.9556546807289124,
    0.45071932673454285,
    0.4246184527873993,
    0.11109250783920288,
    0.2825106680393219
  ],
  "proxy_actual_gain_corr": 0.16722184451565916,
  "surrogate_train_times_sec": [
    0.12048075348138809,
    0.12336062639951706,
    0.12058008462190628,
    0.11552704125642776,
    0.11962278932332993,
    0.11732995510101318,
    0.11084271222352982,
    0.11899325251579285,
    0.1121198758482933,
    0.11699241399765015,
    0.11142054200172424,
    0.11788958311080933,
    0.11943041533231735,
    0.11652450263500214,
    0.11570753902196884,
    0.10991171002388,
    0.12290166318416595,
    0.12239482998847961
  ],
  "gfn_train_times_sec": [
    0.0,
    0.0,
    0.0,
    0.0,
    0.0,
    0.0,
    0.0,
    0.0,
    0.0,
    0.0,
    0.0,
    0.0,
    0.0,
    0.0,
    0.0,
    0.0,
    0.0,
    0.0
  ],
  "proposal_times_sec": [
    0.1740967035293579,
    0.18546274304389954,
    0.18016137182712555,
    0.1712268739938736,
    0.17741499841213226,
    0.17970679700374603,
    0.16824175417423248,
    0.18004591763019562,
    0.1719287931919098,
    0.17226582765579224,
    0.17475229501724243,
    0.16919299960136414,
    0.17543700337409973,
    0.17337816953659058,
    0.1703428328037262,
    0.17280954122543335,
    0.17573566734790802,
    0.18304316699504852
  ],
  "iteration_times_sec": [
    0.3055839538574219,
    0.32048919796943665,
    0.3124174177646637,
    0.29715824127197266,
    0.3075341582298279,
    0.30768686532974243,
    0.2894858717918396,
    0.30934807658195496,
    0.2943468391895294,
    0.2994895875453949,
    0.29636338353157043,
    0.2975676655769348,
    0.30537480115890503,
    0.3009575307369232,
    0.29642146825790405,
    0.2938307523727417,
    0.3091582953929901,
    0.3164920508861542
  ],
  "total_wall_time_sec": 5.460476374952123
}
