{
  "summary": {
    "random": {
      "mean_regret": [
        20.4649658203125,
        20.4649658203125,
        20.4649658203125,
        20.4649658203125
      ],
      "std_regret": [
        0.08544540405273438,
        0.08544540405273438,
        0.08544540405273438,
        0.08544540405273438
      ],
      "mean_best_value": [
        -20.4649658203125,
        -20.4649658203125,
        -20.4649658203125,
        -20.4649658203125
      ],
      "std_best_value": [
        0.08544540405273438,
        0.08544540405273438,
        0.08544540405273438,
        0.08544540405273438
      ],
      "mean_query_value": [
        -21.237173080444336,
        -21.43440818786621,
        -21.460220336914062,
        -21.507366180419922
      ],
      "std_query_value": [
        0.30220603942871094,
        0.4131183624267578,
        0.08548355102539062,
        0.3063774108886719
      ],
      "final_regret_mean": 20.4649658203125,
      "final_regret_std": 0.08544540405273438,
      "floor_reward_fraction_mean": 0.0,
      "step_reward_std_mean": 0.26117998361587524,
      "step_improvement_std_mean": 0.00935931596904993,
      "same_mask_repeat_std_mean": 0.022804586216807365,
      "proxy_actual_gain_corr_mean": 0.04343465715646744,
      "total_time_mean_sec": 0.0830864374875091
    },
    "gfn": {
      "mean_regret": [
        20.4649658203125,
        20.4649658203125,
        20.4649658203125,
        20.4649658203125
      ],
      "std_regret": [
        0.08544540405273438,
        0.08544540405273438,
        0.08544540405273438,
        0.08544540405273438
      ],
      "mean_best_value": [
        -20.4649658203125,
        -20.4649658203125,
        -20.4649658203125,
        -20.4649658203125
      ],
      "std_best_value": [
        0.08544540405273438,
        0.08544540405273438,
        0.08544540405273438,
        0.08544540405273438
      ],
      "mean_query_value": [
        -21.17572593688965,
        -21.173402786254883,
        -21.54309844970703,
        -21.138010025024414
      ],
      "std_query_value": [
        0.36365318298339844,
        0.6741237640380859,
        0.002605438232421875,
        0.17667579650878906
      ],
      "final_regret_mean": 20.4649658203125,
      "final_regret_std": 0.08544540405273438,
      "floor_reward_fraction_mean": 0.0,
      "step_reward_std_mean": 0.32214275002479553,
      "step_improvement_std_mean": 0.023890119045972824,
      "same_mask_repeat_std_mean": 0.035624437034130096,
      "proxy_actual_gain_corr_mean": -0.8086998462677002,
      "total_time_mean_sec": 0.7895293339970522
    },
    "tradeoff": {
      "regret_gain_of_gfn": 0.0,
      "slowdown_factor": 9.502505557730128
    }
  },
  "random_trials": [
    {
      "seed": 0,
      "method": "random",
      "benchmark": "ackley10",
      "spec_name": "finetune_restart_v2",
      "regrets": [
        20.379520416259766,
        20.379520416259766,
        20.379520416259766,
        20.379520416259766
      ],
      "best_values": [
        -20.379520416259766,
        -20.379520416259766,
        -20.379520416259766,
        -20.379520416259766
      ],
      "queried_values": [
        -20.934967041015625,
        -21.021289825439453,
        -21.374736785888672,
        -21.20098876953125
      ],
      "actual_gains": [
        -0.5554466247558594,
        -0.6417694091796875,
        -0.9952163696289062,
        -0.8214683532714844
      ],
      "proxy_rewards": [
        1.0,
        1.0,
        1.0,
        1.0
      ],
      "proxy_improvements": [
        -0.42144009470939636,
        -0.42726513743400574,
        -0.3915535807609558,
        -0.4757012128829956
      ],
      "floor_reward_flags": [
        0.0,
        0.0,
        0.0,
        0.0
      ],
      "step_reward_std": [
        0.17499448359012604,
        0.2948732376098633,
        0.0,
        0.2533532679080963
      ],
      "step_improvement_std": [
        0.0031351179350167513,
        0.0039833299815654755,
        0.0,
        0.006509142462164164
      ],
      "same_mask_repeat_std": [
        0.025933673605322838,
        0.02710539475083351,
        0.03523334115743637,
        0.027692580595612526
      ],
      "proxy_actual_gain_corr": -0.20472480007693297,
      "surrogate_train_times_sec": [
        0.014279250055551529,
        0.012677917256951332,
        0.01212233304977417,
        0.012150958180427551
      ],
      "gfn_train_times_sec": [
        0.0,
        0.0,
        0.0,
        0.0
      ],
      "proposal_times_sec": [
        0.005206957925111055,
        0.0052544171921908855,
        0.005211166106164455,
        0.005169833078980446
      ],
      "iteration_times_sec": [
        0.022381499409675598,
        0.020791416987776756,
        0.020143333822488785,
        0.020150000229477882
      ],
      "total_wall_time_sec": 0.08354862499982119
    },
    {
      "seed": 1,
      "method": "random",
      "benchmark": "ackley10",
      "spec_name": "finetune_restart_v2",
      "regrets": [
        20.550411224365234,
        20.550411224365234,
        20.550411224365234,
        20.550411224365234
      ],
      "best_values": [
        -20.550411224365234,
        -20.550411224365234,
        -20.550411224365234,
        -20.550411224365234
      ],
      "queried_values": [
        -21.539379119873047,
        -21.84752655029297,
        -21.545703887939453,
        -21.813743591308594
      ],
      "actual_gains": [
        -0.9889678955078125,
        -1.2971153259277344,
        -0.9952926635742188,
        -1.2633323669433594
      ],
      "proxy_rewards": [
        1.0,
        1.0,
        1.0,
        1.0
      ],
      "proxy_improvements": [
        -0.41895613074302673,
        -0.43702584505081177,
        -0.5024300217628479,
        -0.565056324005127
      ],
      "floor_reward_flags": [
        0.0,
        0.0,
        0.0,
        0.0
      ],
      "step_reward_std": [
        0.2875872254371643,
        0.3493683636188507,
        0.35762202739715576,
        0.3716413378715515
      ],
      "step_improvement_std": [
        0.005522925406694412,
        0.026352854445576668,
        0.01707635074853897,
        0.01229480467736721
      ],
      "same_mask_repeat_std": [
        0.022170953452587128,
        0.017520923167467117,
        0.009425210766494274,
        0.01735461689531803
      ],
      "proxy_actual_gain_corr": 0.29159410904318894,
      "surrogate_train_times_sec": [
        0.012338083237409592,
        0.012603875249624252,
        0.012514583766460419,
        0.012509625405073166
      ],
      "gfn_train_times_sec": [
        0.0,
        0.0,
        0.0,
        0.0
      ],
      "proposal_times_sec": [
        0.005214917007833719,
        0.0054960837587714195,
        0.005212415941059589,
        0.005127083044499159
      ],
      "iteration_times_sec": [
        0.020437082275748253,
        0.021020833402872086,
        0.020590750500559807,
        0.020498916506767273
      ],
      "total_wall_time_sec": 0.08262424997519702
    }
  ],
  "gfn_trials": [
    {
      "seed": 0,
      "method": "gfn",
      "benchmark": "ackley10",
      "spec_name": "finetune_restart_v2",
      "regrets": [
        20.379520416259766,
        20.379520416259766,
        20.379520416259766,
        20.379520416259766
      ],
      "best_values": [
        -20.379520416259766,
        -20.379520416259766,
        -20.379520416259766,
        -20.379520416259766
      ],
      "queried_values": [
        -20.81207275390625,
        -20.499279022216797,
        -21.54049301147461,
        -20.961334228515625
      ],
      "actual_gains": [
        -0.4325523376464844,
        -0.11975860595703125,
        -1.1609725952148438,
        -0.5818138122558594
      ],
      "proxy_rewards": [
        1.0,
        1.0,
        1.0,
        1.0
      ],