{
  "summary": {
    "random": {
      "mean_regret": [
        20.304357528686523,
        20.304357528686523,
        20.304357528686523,
        20.304357528686523
      ],
      "std_regret": [
        0.10862161964178085,
        0.10862161964178085,
        0.10862161964178085,
        0.10862161964178085
      ],
      "mean_best_value": [
        -20.304357528686523,
        -20.304357528686523,
        -20.304357528686523,
        -20.304357528686523
      ],
      "std_best_value": [
        0.10862161964178085,
        0.10862161964178085,
        0.10862161964178085,
        0.10862161964178085
      ],
      "mean_query_value": [
        -21.46600341796875,
        -21.29184341430664,
        -21.495189666748047,
        -21.273632049560547
      ],
      "std_query_value": [
        0.37780889868736267,
        0.19318808615207672,
        0.34643906354904175,
        0.25071579217910767
      ],
      "final_regret_mean": 20.304357528686523,
      "final_regret_std": 0.10862161964178085,
      "floor_reward_fraction_mean": 0.0,
      "step_reward_std_mean": 0.0,
      "step_improvement_std_mean": 0.0,
      "same_mask_repeat_std_mean": 0.0262942872941494,
      "proxy_actual_gain_corr_mean": -0.3850482106208801,
      "total_time_mean_sec": 0.09980438337661326
    },
    "gfn": null,
    "tradeoff": null
  },
  "random_trials": [
    {
      "seed": 0,
      "method": "random",
      "benchmark": "ackley10",
      "spec_name": "plain_random_v2",
      "regrets": [
        20.45248031616211,
        20.45248031616211,
        20.45248031616211,
        20.45248031616211
      ],
      "best_values": [
        -20.45248031616211,
        -20.45248031616211,
        -20.45248031616211,
        -20.45248031616211
      ],
      "queried_values": [
        -21.854095458984375,
        -21.521644592285156,
        -21.392913818359375,
        -21.27518081665039
      ],
      "actual_gains": [
        -1.4016151428222656,
        -1.0691642761230469,
        -0.9404335021972656,
        -0.8227005004882812
      ],
      "proxy_rewards": [
        1.0,
        1.0,
        1.0,
        1.0
      ],
      "proxy_improvements": [
        -0.34840327501296997,
        -0.45094525814056396,
        -0.6394636034965515,
        -0.6163119077682495
      ],
      "floor_reward_flags": [
        0.0,
        0.0,
        0.0,
        0.0
      ],
      "step_reward_std": [
        0.0,
        0.0,
        0.0,
        0.0
      ],
      "step_improvement_std": [
        0.0,
        0.0,
        0.0,
        0.0
      ],
      "same_mask_repeat_std": [
        0.012394445016980171,
        0.0338423028588295,
        0.010711798444390297,
        0.022006407380104065
      ],
      "proxy_actual_gain_corr": -0.9281268349951567,
      "surrogate_train_times_sec": [
        0.018931541591882706,
        0.017946500331163406,
        0.018139749765396118,
        0.03197808191180229
      ],
      "gfn_train_times_sec": [
        0.0,
        0.0,
        0.0,
        0.0
      ],
      "proposal_times_sec": [
        0.0007792080286890268,
        0.0007909999694675207,
        0.00067258405033499,
        0.0008307920070365071
      ],
      "iteration_times_sec": [
        0.024013333022594452,
        0.022918540984392166,
        0.022538749501109123,
        0.03715245798230171
      ],
      "total_wall_time_sec": 0.1068435839843005
    },
    {
      "seed": 1,
      "method": "random",
      "benchmark": "ackley10",
      "spec_name": "plain_random_v2",
      "regrets": [
        20.375728607177734,
        20.375728607177734,
        20.375728607177734,
        20.375728607177734
      ],
      "best_values": [
        -20.375728607177734,
        -20.375728607177734,
        -20.375728607177734,
        -20.375728607177734
      ],
      "queried_values": [
        -21.897483825683594,
        -21.0018310546875,
        -21.573692321777344,
        -21.344432830810547
      ],
      "actual_gains": [
        -1.5217552185058594,
        -0.6261024475097656,
        -1.1979637145996094,
        -0.9687042236328125
      ],
      "proxy_rewards": [
        1.0,
        1.0,
        1.0,
        1.0
      ],
      "proxy_improvements": [
        -0.3473159968852997,
        -0.6071776747703552,
        -0.5357283353805542,
        -0.6469197273254395
      ],
      "floor_reward_flags": [
        0.0,
        0.0,
        0.0,
        0.0
      ],
      "step_reward_std": [
        0.0,
        0.0,
        0.0,
        0.0
      ],
      "step_improvement_std": [
        0.0,
        0.0,
        0.0,
        0.0
      ],
      "same_mask_repeat_std": [
        0.032226450741291046,
        0.02301664836704731,
        0.034568484872579575,
        0.017057769000530243
      ],
      "proxy_actual_gain_corr": -0.8510271970137546,
      "surrogate_train_times_sec": [
        0.019615957513451576,
        0.019123416393995285,
        0.020414959639310837,
        0.02028358355164528
      ],
      "gfn_train_times_sec": [
        0.0,
        0.0,
        0.0,
        0.0
      ],
      "proposal_times_sec": [
        0.0008592080557718873,
        0.0008346670074388385,
        0.0007809579838067293,
        0.0007860000478103757
      ],
      "iteration_times_sec": [
        0.0245687086135149,
        0.024170082062482834,
        0.025523459538817406,
        0.025335457175970078
      ],
      "total_wall_time_sec": 0.09983066597487777
    },
    {
      "seed": 2,
      "method": "random",
      "benchmark": "ackley10",
      "spec_name": "plain_random_v2",
      "regrets": [
        20.21505355834961,
        20.21505355834961,
        20.21505355834961,
        20.21505355834961
      ],
      "best_values": [
        -20.21505355834961,
        -20.21505355834961,
        -20.21505355834961,
        -20.21505355834961
      ],
      "queried_values": [
        -21.460983276367188,
        -21.453475952148438,
        -21.884410858154297,
        -20.797199249267578
      ],
      "actual_gains": [
        -1.2459297180175781,
        -1.2384223937988281,
        -1.6693572998046875,
        -0.5821456909179688
      ],
      "proxy_rewards": [
        1.0,
        1.0,
        1.0,
        1.0
      ],
      "proxy_improvements": [
        -0.4755619764328003,
        -0.6274376511573792,
        -0.6970086693763733,
        -0.65654456615448
      ],
      "floor_reward_flags": [
        0.0,
        0.0,
        0.0,
        0.0
      ],
      "step_reward_std": [
        0.0,
        0.0,
        0.0,
        0.0
      ],
      "step_improvement_std": [
        0.0,
        0.0,
        0.0,
        0.0
      ],
      "same_mask_repeat_std": [
        0.034405022859573364,
        0.016452262178063393,
        0.017339855432510376,
        0.02684977278113365
      ],
      "proxy_actual_gain_corr": 0.05253624983951583,
      "surrogate_train_times_sec": [
        0.020653624087572098,
        0.018888041377067566,
        0.017249207943677902,
        0.0187389999628067
      ],
      "gfn_train_times_sec": [
        0.0,
        0.0,
        0.0,
        0.0
      ],
      "proposal_times_sec": [
        0.0007406249642372131,
        0.0008148340275511146,
        0.0007492079166695476,
        0.0007792080286890268
      ],
      "iteration_times_sec": [
        0.025493832305073738,
        0.023861665278673172,
        0.021768957376480103,
        0.02333829179406166
      ],
      "total_wall_time_sec": 0.09467320796102285
    },
    {
      "seed": 3,
      "method": "random",
      "benchmark": "ackley10",
      "spec_name": "plain_random_v2",
      "regrets": [
        20.327327728271484,
        20.327327728271484,
        20.327327728271484,
        20.327327728271484
      ],
      "best_values": [
        -20.327327728271484,
        -20.327327728271484,
        -20.327327728271484,
        -20.327327728271484
      ],