{
  "suite": "main_v2",
  "profile": "smoke",
  "runs": [
    {
      "spec_name": "main_v2",
      "benchmark": "branin",
      "artifact_dir": "/Users/ayana.mussabayeva/projects/domaha/sequential_desicion_project/artifacts_v2/main_v2/branin/20260422_213056_756004",
      "summary": {
        "random": {
          "mean_regret": [
            4.603847026824951,
            2.8278422355651855,
            2.0861849784851074,
            0.5226982831954956
          ],
          "std_regret": [
            0.1547245979309082,
            1.2463213205337524,
            1.987978458404541,
            0.42449188232421875
          ],
          "mean_best_value": [
            -5.001734256744385,
            -3.225729465484619,
            -2.484072208404541,
            -0.9205856323242188
          ],
          "std_best_value": [
            0.1547245979309082,
            1.246321201324463,
            1.987978458404541,
            0.42449188232421875
          ],
          "mean_query_value": [
            -9.400882720947266,
            -3.225729465484619,
            -5.420376300811768,
            -1.7326576709747314
          ],
          "std_query_value": [
            4.2444233894348145,
            1.246321201324463,
            4.924282550811768,
            0.38758015632629395
          ],
          "final_regret_mean": 0.5226982831954956,
          "final_regret_std": 0.42449188232421875,
          "floor_reward_fraction_mean": 0.0,
          "step_reward_std_mean": 0.048359062522649765,
          "step_improvement_std_mean": 0.006293272599577904,
          "same_mask_repeat_std_mean": 1.3012293577194214,
          "proxy_actual_gain_corr_mean": 0.3460177779197693,
          "total_time_mean_sec": 0.4881270210025832
        },
        "gfn": {
          "mean_regret": [
            4.603847026824951,
            2.7786202430725098,
            2.0861849784851074,
            0.5226982831954956
          ],
          "std_regret": [
            0.1547245979309082,
            1.2955433130264282,
            1.987978458404541,
            0.42449188232421875
          ],
          "mean_best_value": [
            -5.001734256744385,
            -3.1765074729919434,
            -2.484072208404541,
            -0.9205856323242188
          ],
          "std_best_value": [
            0.1547245979309082,
            1.2955431938171387,
            1.987978458404541,
            0.42449188232421875
          ],
          "mean_query_value": [
            -9.400882720947266,
            -3.1765074729919434,
            -10.009571075439453,
            -2.967658042907715
          ],
          "std_query_value": [
            4.2444233894348145,
            1.2955431938171387,
            9.513477325439453,
            1.6225805282592773
          ],
          "final_regret_mean": 0.5226982831954956,
          "final_regret_std": 0.42449188232421875,
          "floor_reward_fraction_mean": 0.0,
          "step_reward_std_mean": 0.28964483737945557,
          "step_improvement_std_mean": 2.9049012660980225,
          "same_mask_repeat_std_mean": 1.1364195346832275,
          "proxy_actual_gain_corr_mean": -0.015776634216308594,
          "total_time_mean_sec": 0.47023568756412715
        },
        "tradeoff": {
          "regret_gain_of_gfn": 0.0,
          "slowdown_factor": 0.9633469718564066
        }
      }
    },
    {
      "spec_name": "main_v2",
      "benchmark": "hartmann6",
      "artifact_dir": "/Users/ayana.mussabayeva/projects/domaha/sequential_desicion_project/artifacts_v2/main_v2/hartmann6/20260422_213058_848880",
      "summary": {
        "random": {
          "mean_regret": [
            2.4336585998535156,
            2.4336585998535156,
            2.4336585998535156,
            2.4336585998535156
          ],
          "std_regret": [
            0.38929152488708496,
            0.38929152488708496,
            0.38929152488708496,
            0.38929152488708496
          ],
          "mean_best_value": [
            0.8887093663215637,
            0.8887093663215637,
            0.8887093663215637,
            0.8887093663215637
          ],
          "std_best_value": [
            0.3892914652824402,
            0.3892914652824402,
            0.3892914652824402,
            0.3892914652824402
          ],
          "mean_query_value": [
            0.30610090494155884,
            0.5148740410804749,
            0.5384503602981567,
            0.27209600806236267
          ],
          "std_query_value": [
            0.19240324199199677,
            0.2901703119277954,
            0.403129518032074,
            0.2664758265018463
          ],
          "final_regret_mean": 2.4336585998535156,
          "final_regret_std": 0.38929152488708496,
          "floor_reward_fraction_mean": 0.0,
          "step_reward_std_mean": 0.14863601326942444,
          "step_improvement_std_mean": 0.0013965265825390816,
          "same_mask_repeat_std_mean": 0.018018078058958054,
          "proxy_actual_gain_corr_mean": -0.3787073791027069,
          "total_time_mean_sec": 0.07523231254890561
        },
        "gfn": {
          "mean_regret": [
            2.4336585998535156,
            2.4336585998535156,
            2.4336585998535156,
            1.6009986400604248
          ],
          "std_regret": [
            0.38929152488708496,
            0.38929152488708496,
            0.38929152488708496,
            0.4433683753013611
          ],
          "mean_best_value": [
            0.8887093663215637,
            0.8887093663215637,
            0.8887093663215637,
            1.7213692665100098
          ],
          "std_best_value": [
            0.3892914652824402,
            0.3892914652824402,
            0.3892914652824402,
            0.44336843490600586
          ],
          "mean_query_value": [
            0.30610090494155884,
            0.4875066876411438,
            0.1072828471660614,
            1.3516547679901123
          ],
          "std_query_value": [
            0.19240324199199677,
            0.31753766536712646,
            0.012880288064479828,
            0.8130829334259033
          ],
          "final_regret_mean": 1.6009986400604248,
          "final_regret_std": 0.4433683753013611,
          "floor_reward_fraction_mean": 0.0,
          "step_reward_std_mean": 0.3183419704437256,
          "step_improvement_std_mean": 0.019109323620796204,
          "same_mask_repeat_std_mean": 0.01385694369673729,
          "proxy_actual_gain_corr_mean": 0.42029866576194763,
          "total_time_mean_sec": 0.5899789789691567
        },
        "tradeoff": {
          "regret_gain_of_gfn": 0.8326599597930908,
          "slowdown_factor": 7.842095490360399
        }
      }
    },
    {
      "spec_name": "main_v2",
      "benchmark": "ackley10",
      "artifact_dir": "/Users/ayana.mussabayeva/projects/domaha/sequential_desicion_project/artifacts_v2/main_v2/ackley10/20260422_213100_236829",
      "summary": {
        "random": {
          "mean_regret": [
            19.396102905273438,
            19.396102905273438,
            19.396102905273438,
            19.396102905273438
          ],
          "std_regret": [
            0.7345771789550781,
            0.7345771789550781,
            0.7345771789550781,
            0.7345771789550781
          ],
          "mean_best_value": [
            -19.396102905273438,
            -19.396102905273438,
            -19.396102905273438,
            -19.396102905273438
          ],
          "std_best_value": [
            0.7345771789550781,
            0.7345771789550781,
            0.7345771789550781,
            0.7345771789550781
          ],
          "mean_query_value": [
            -21.28812599182129,
            -21.099279403686523,
            -21.1802978515625,
            -21.55384063720703
          ],