{
  "summary": {
    "random": {
      "mean_regret": [
        2.3200488090515137,
        2.3200488090515137,
        2.0889265537261963,
        2.0889265537261963
      ],
      "std_regret": [
        0.13411450386047363,
        0.13411450386047363,
        0.09700769931077957,
        0.09700769931077957
      ],
      "mean_best_value": [
        1.0023192167282104,
        1.0023192167282104,
        1.2334413528442383,
        1.2334413528442383
      ],
      "std_best_value": [
        0.13411441445350647,
        0.13411441445350647,
        0.09700775146484375,
        0.09700775146484375
      ],
      "mean_query_value": [
        0.24388578534126282,
        0.09229374676942825,
        0.6953494548797607,
        0.11175805330276489
      ],
      "std_query_value": [
        0.04282393306493759,
        0.04649128392338753,
        0.6350996494293213,
        0.09313666075468063
      ],
      "final_regret_mean": 2.0889265537261963,
      "final_regret_std": 0.09700769931077957,
      "floor_reward_fraction_mean": 0.0,
      "step_reward_std_mean": 0.15522071719169617,
      "step_improvement_std_mean": 0.0011761452769860625,
      "same_mask_repeat_std_mean": 0.018434111028909683,
      "proxy_actual_gain_corr_mean": 0.17264224588871002,
      "total_time_mean_sec": 0.07978945801733062
    },
    "gfn": {
      "mean_regret": [
        2.3200488090515137,
        2.3200488090515137,
        2.0889265537261963,
        2.0889265537261963
      ],
      "std_regret": [
        0.13411450386047363,
        0.13411450386047363,
        0.09700769931077957,
        0.09700769931077957
      ],
      "mean_best_value": [
        1.0023192167282104,
        1.0023192167282104,
        1.2334413528442383,
        1.2334413528442383
      ],
      "std_best_value": [
        0.13411441445350647,
        0.13411441445350647,
        0.09700775146484375,
        0.09700775146484375
      ],
      "mean_query_value": [
        0.24388578534126282,
        0.09229374676942825,
        0.6953494548797607,
        0.11175805330276489
      ],
      "std_query_value": [
        0.04282393306493759,
        0.04649128392338753,
        0.6350996494293213,
        0.09313666075468063
      ],
      "final_regret_mean": 2.0889265537261963,
      "final_regret_std": 0.09700769931077957,
      "floor_reward_fraction_mean": 0.0,
      "step_reward_std_mean": 0.29345956444740295,
      "step_improvement_std_mean": 0.009762789122760296,
      "same_mask_repeat_std_mean": 0.02668256312608719,
      "proxy_actual_gain_corr_mean": 0.06980915367603302,
      "total_time_mean_sec": 0.6212404999532737
    },
    "tradeoff": {
      "regret_gain_of_gfn": 0.0,
      "slowdown_factor": 7.785997240617145
    }
  },
  "random_trials": [
    {
      "seed": 0,
      "method": "random",
      "benchmark": "hartmann6",
      "spec_name": "finetune_continual_v2",
      "regrets": [
        2.4541633129119873,
        2.4541633129119873,
        1.991918921470642,
        1.991918921470642
      ],
      "best_values": [
        0.8682047724723816,
        0.8682047724723816,
        1.330449104309082,
        1.330449104309082
      ],
      "queried_values": [
        0.20106185972690582,
        0.13878503441810608,
        1.330449104309082,
        0.01862139254808426
      ],
      "actual_gains": [
        -0.667142927646637,
        -0.7294197082519531,
        0.46224433183670044,
        -1.3118276596069336
      ],
      "proxy_rewards": [
        1.0,
        1.0,
        1.0,
        1.0
      ],
      "proxy_improvements": [
        -0.4908663332462311,
        -0.5285742282867432,
        -0.5391654372215271,
        -0.8550386428833008
      ],
      "floor_reward_flags": [
        0.0,
        0.0,
        0.0,
        0.0
      ],
      "step_reward_std": [
        0.20541943609714508,
        0.30325841903686523,
        0.0,
        0.31426969170570374
      ],
      "step_improvement_std": [
        0.0004082242667209357,
        0.0013606033753603697,
        1.1102230246251565e-16,
        0.001258437056094408
      ],
      "same_mask_repeat_std": [
        0.017840050160884857,
        0.013691585510969162,
        0.010628040879964828,
        0.03914947807788849
      ],
      "proxy_actual_gain_corr": 0.6118404277089071,
      "surrogate_train_times_sec": [
        0.012041708454489708,
        0.011594708077609539,
        0.012021457776427269,
        0.012496749870479107
      ],
      "gfn_train_times_sec": [
        0.0,
        0.0,
        0.0,
        0.0
      ],
      "proposal_times_sec": [
        0.004914707969874144,
        0.005104959011077881,
        0.005009499844163656,
        0.004979374818503857
      ],
      "iteration_times_sec": [
        0.019680874422192574,
        0.01942829228937626,
        0.019876208156347275,
        0.020607374608516693
      ],
      "total_wall_time_sec": 0.07967062504030764
    },
    {
      "seed": 1,
      "method": "random",
      "benchmark": "hartmann6",
      "spec_name": "finetune_continual_v2",
      "regrets": [
        2.18593430519104,
        2.18593430519104,
        2.18593430519104,
        2.18593430519104
      ],
      "best_values": [
        1.1364336013793945,
        1.1364336013793945,
        1.1364336013793945,
        1.1364336013793945
      ],
      "queried_values": [
        0.286709725856781,
        0.045802462846040726,
        0.06024985760450363,
        0.20489472150802612
      ],
      "actual_gains": [
        -0.8497238755226135,
        -1.090631127357483,
        -1.076183795928955,
        -0.9315388798713684
      ],
      "proxy_rewards": [
        1.0,
        1.0,
        1.0,
        1.0
      ],
      "proxy_improvements": [
        -0.7659364342689514,
        -0.6939029097557068,
        -0.8071982860565186,
        -0.7785481810569763
      ],
      "floor_reward_flags": [
        0.0,
        0.0,
        0.0,
        0.0
      ],
      "step_reward_std": [
        0.3105649948120117,
        0.0,
        0.10825317353010178,
        0.0
      ],
      "step_improvement_std": [
        0.006370861548930407,
        0.0,
        1.1036332580260932e-05,
        0.0
      ],
      "same_mask_repeat_std": [
        0.015567991882562637,
        0.018766283988952637,
        0.014420414343476295,
        0.01740904152393341
      ],
      "proxy_actual_gain_corr": -0.26655593151685386,
      "surrogate_train_times_sec": [
        0.012227333150804043,
        0.01217895932495594,
        0.011811000294983387,
        0.011961041018366814
      ],
      "gfn_train_times_sec": [
        0.0,
        0.0,
        0.0,
        0.0
      ],
      "proposal_times_sec": [
        0.005279958248138428,
        0.004984833300113678,
        0.005081749986857176,
        0.005055666901171207
      ],
      "iteration_times_sec": [
        0.020185958594083786,
        0.01992395892739296,
        0.019759999588131905,
        0.019944999366998672
      ],
      "total_wall_time_sec": 0.07990829099435359
    }
  ],
  "gfn_trials": [
    {
      "seed": 0,
      "method": "gfn",
      "benchmark": "hartmann6",
      "spec_name": "finetune_continual_v2",
      "regrets": [
        2.4541633129119873,
        2.4541633129119873,
        1.991918921470642,
        1.991918921470642
      ],
      "best_values": [
        0.8682047724723816,
        0.8682047724723816,
        1.330449104309082,
        1.330449104309082
      ],
      "queried_values": [
        0.20106185972690582,
        0.13878503441810608,
        1.330449104309082,
        0.01862139254808426
      ],
      "actual_gains": [
        -0.667142927646637,
        -0.7294197082519531,
        0.46224433183670044,
        -1.3118276596069336
      ],
      "proxy_rewards": [
        1.0,
        1.0,
        1.0,
        1.0
      ],