{
  "seed": 1,
  "method": "gfn",
  "benchmark": "branin",
  "spec_name": "main_v2",
  "regrets": [
    0.9331978559494019,
    0.9331978559494019,
    0.9331978559494019,
    0.9331978559494019,
    0.9331978559494019,
    0.9331978559494019,
    0.9331978559494019,
    0.9331978559494019,
    0.9331978559494019,
    0.9331978559494019,
    0.9331978559494019,
    0.9331978559494019,
    0.9331978559494019,
    0.9331978559494019,
    0.9331978559494019,
    0.9331978559494019,
    0.9331978559494019,
    0.9331978559494019
  ],
  "best_values": [
    -1.331085205078125,
    -1.331085205078125,
    -1.331085205078125,
    -1.331085205078125,
    -1.331085205078125,
    -1.331085205078125,
    -1.331085205078125,
    -1.331085205078125,
    -1.331085205078125,
    -1.331085205078125,
    -1.331085205078125,
    -1.331085205078125,
    -1.331085205078125,
    -1.331085205078125,
    -1.331085205078125,
    -1.331085205078125,
    -1.331085205078125,
    -1.331085205078125
  ],
  "queried_values": [
    -287.9718322753906,
    -33.41126251220703,
    -8.316015243530273,
    -6.735595226287842,
    -15.075228691101074,
    -8.846370697021484,
    -9.843674659729004,
    -7.517396450042725,
    -15.34880542755127,
    -7.552333831787109,
    -1.9317598342895508,
    -18.212310791015625,
    -8.991756439208984,
    -9.150226593017578,
    -10.361584663391113,
    -12.77199649810791,
    -8.121066093444824,
    -6.36254358291626
  ],
  "actual_gains": [
    -286.6407470703125,
    -32.080177307128906,
    -6.984930038452148,
    -5.404510021209717,
    -13.74414348602295,
    -7.515285491943359,
    -8.512589454650879,
    -6.1863112449646,
    -14.017720222473145,
    -6.221248626708984,
    -0.6006746292114258,
    -16.8812255859375,
    -7.660671234130859,
    -7.819141387939453,
    -9.030499458312988,
    -11.440911293029785,
    -6.789980888366699,
    -5.031458377838135
  ],
  "proxy_rewards": [
    1.0,
    1.0,
    1.0,
    1.0,
    1.0,
    1.0,
    1.0,
    1.0,
    1.0,
    1.0,
    1.0,
    1.0,
    1.0,
    1.0,
    1.0,
    1.0,
    1.0,
    1.0
  ],
  "proxy_improvements": [
    6.883888244628906,
    30.58759307861328,
    12.908336639404297,
    -4.665811061859131,
    1.3538271188735962,
    1.4281259775161743,
    8.791139602661133,
    -8.02034854888916,
    10.020650863647461,
    -1.4866554737091064,
    3.0659008026123047,
    -6.428152561187744,
    5.989731788635254,
    6.458349704742432,
    -0.15901827812194824,
    -0.869251549243927,
    2.3479056358337402,
    -4.0778584480285645
  ],
  "floor_reward_flags": [
    0.0,
    0.0,
    0.0,
    0.0,
    0.0,
    0.0,
    0.0,
    0.0,
    0.0,
    0.0,
    0.0,
    0.0,
    0.0,
    0.0,
    0.0,
    0.0,
    0.0,
    0.0
  ],
  "step_reward_std": [
    0.2910158336162567,
    0.30728790163993835,
    0.345604807138443,
    0.3106178939342499,
    0.3550599217414856,
    0.3350208103656769,
    0.3486516773700714,
    0.29729047417640686,
    0.3694368600845337,
    0.28633400797843933,
    0.32845550775527954,
    0.33106547594070435,
    0.24750125408172607,
    0.3101849853992462,
    0.3384645879268646,
    0.3068627715110779,
    0.32053443789482117,
    0.32040658593177795
  ],
  "step_improvement_std": [
    8.389067649841309,
    25.24381446838379,
    31.222476959228516,
    23.508516311645508,
    10.851540565490723,
    11.536505699157715,
    8.531561851501465,
    23.126605987548828,
    12.149754524230957,
    8.599028587341309,
    11.477545738220215,
    21.63402557373047,
    7.449187278747559,
    13.419366836547852,
    10.104697227478027,
    16.1042423248291,
    10.093897819519043,
    19.355709075927734
  ],
  "same_mask_repeat_std": [
    0.5971465706825256,
    1.2259149551391602,
    1.7152403593063354,
    1.956600308418274,
    2.4749505519866943,
    1.5304791927337646,
    2.883355140686035,
    1.2881934642791748,
    2.768228530883789,
    0.5053078532218933,
    2.108752727508545,
    2.7875802516937256,
    3.177788734436035,
    2.3198320865631104,
    0.9433669447898865,
    2.295389175415039,
    1.1750026941299438,
    0.9039815664291382
  ],
  "proxy_actual_gain_corr": -0.1580770638643498,
  "surrogate_train_times_sec": [
    0.07828087359666824,
    0.08160370588302612,
    0.08616204559803009,
    0.08010771125555038,
    0.08526679128408432,
    0.08730699867010117,
    0.08229783177375793,
    0.0859559178352356,
    0.07960595935583115,
    0.08440391719341278,
    0.078834168612957,
    0.08639683574438095,
    0.08250870555639267,
    0.08224258571863174,
    0.08179353922605515,
    0.08350187540054321,
    0.07731816917657852,
    0.08032991737127304
  ],
  "gfn_train_times_sec": [
    15.11592960357666,
    14.916711807250977,
    15.09306526184082,
    14.997611999511719,
    14.956640243530273,
    15.058900833129883,
    14.996931076049805,
    14.979863166809082,
    14.946022987365723,
    14.95374870300293,
    14.953718185424805,
    15.180268287658691,
    15.026185035705566,
    14.846495628356934,
    15.297442436218262,
    14.895480155944824,
    14.914726257324219,
    14.947526931762695
  ],
  "proposal_times_sec": [
    15.473405838012695,
    15.26537036895752,
    15.4441556930542,
    15.359037399291992,
    15.308283805847168,
    15.414301872253418,
    15.352008819580078,
    15.329517364501953,
    15.298523902893066,
    15.30342960357666,
    15.31080436706543,
    15.536965370178223,
    15.429527282714844,
    15.195862770080566,
    15.657695770263672,
    15.25125503540039,
    15.275362014770508,
    15.307662963867188
  ],
  "iteration_times_sec": [
    15.563284873962402,
    15.358094215393066,
    15.541899681091309,
    15.450953483581543,
    15.404967308044434,
    15.513296127319336,
    15.4454984664917,
    15.426451683044434,
    15.389755249023438,
    15.39886474609375,
    15.400946617126465,
    15.63475227355957,
    15.523399353027344,
    15.288931846618652,
    15.751089096069336,
    15.345894813537598,
    15.36370849609375,
    15.399077415466309
  ],
  "total_wall_time_sec": 278.20176958304364
}
