{
  "seed": 4,
  "method": "gfn",
  "benchmark": "branin",
  "spec_name": "main_v2",
  "regrets": [
    1.0854328870773315,
    1.0854328870773315,
    1.0854328870773315,
    1.0854328870773315,
    1.0854328870773315,
    1.0854328870773315,
    1.0854328870773315,
    1.0854328870773315,
    1.0854328870773315,
    1.0854328870773315,
    1.0854328870773315,
    1.0854328870773315,
    1.0854328870773315,
    1.0854328870773315,
    1.0854328870773315,
    1.0854328870773315,
    1.0854328870773315,
    1.0854328870773315
  ],
  "best_values": [
    -1.4833202362060547,
    -1.4833202362060547,
    -1.4833202362060547,
    -1.4833202362060547,
    -1.4833202362060547,
    -1.4833202362060547,
    -1.4833202362060547,
    -1.4833202362060547,
    -1.4833202362060547,
    -1.4833202362060547,
    -1.4833202362060547,
    -1.4833202362060547,
    -1.4833202362060547,
    -1.4833202362060547,
    -1.4833202362060547,
    -1.4833202362060547,
    -1.4833202362060547,
    -1.4833202362060547
  ],
  "queried_values": [
    -18.87788963317871,
    -54.43649673461914,
    -5.599392890930176,
    -127.00083923339844,
    -7.011250019073486,
    -4.504785537719727,
    -5.78174352645874,
    -8.34335994720459,
    -7.8689985275268555,
    -5.169736385345459,
    -8.620403289794922,
    -14.375638008117676,
    -9.006185531616211,
    -6.464230537414551,
    -9.775530815124512,
    -7.45357084274292,
    -4.630922317504883,
    -10.224098205566406
  ],
  "actual_gains": [
    -17.394569396972656,
    -52.95317840576172,
    -4.116072654724121,
    -125.51751708984375,
    -5.527929782867432,
    -3.021465301513672,
    -4.2984232902526855,
    -6.860039710998535,
    -6.385678291320801,
    -3.6864161491394043,
    -7.137083053588867,
    -12.892317771911621,
    -7.522865295410156,
    -4.980910301208496,
    -8.292210578918457,
    -5.970250606536865,
    -3.147602081298828,
    -8.740777969360352
  ],
  "proxy_rewards": [
    1.0,
    1.0,
    1.0,
    1.0,
    1.0,
    1.0,
    1.0,
    1.0,
    1.0,
    1.0,
    1.0,
    1.0,
    1.0,
    1.0,
    1.0,
    1.0,
    1.0,
    1.0
  ],
  "proxy_improvements": [
    31.293378829956055,
    11.102350234985352,
    15.49812126159668,
    5.084554672241211,
    10.754056930541992,
    19.75120735168457,
    -1.039901614189148,
    -3.8242008686065674,
    -4.3763427734375,
    -4.978410243988037,
    -0.07321324199438095,
    -0.49552637338638306,
    -4.538331031799316,
    -2.5109481811523438,
    1.6064934730529785,
    -1.4266695976257324,
    -3.1170153617858887,
    -3.4501612186431885
  ],
  "floor_reward_flags": [
    0.0,
    0.0,
    0.0,
    0.0,
    0.0,
    0.0,
    0.0,
    0.0,
    0.0,
    0.0,
    0.0,
    0.0,
    0.0,
    0.0,
    0.0,
    0.0,
    0.0,
    0.0
  ],
  "step_reward_std": [
    0.2948451340198517,
    0.28285959362983704,
    0.3081069588661194,
    0.2779965400695801,
    0.3373585343360901,
    0.31646162271499634,
    0.30446481704711914,
    0.38030901551246643,
    0.3330984115600586,
    0.30041274428367615,
    0.3371577262878418,
    0.32629507780075073,
    0.3694361448287964,
    0.2927802801132202,
    0.29632654786109924,
    0.30087655782699585,
    0.30710291862487793,
    0.3799916207790375
  ],
  "step_improvement_std": [
    3.7034189701080322,
    5.0447211265563965,
    5.084219455718994,
    9.269775390625,
    10.810511589050293,
    13.79885482788086,
    11.838425636291504,
    8.406529426574707,
    4.567631721496582,
    5.609311103820801,
    8.235869407653809,
    6.602977752685547,
    7.8288350105285645,
    5.6332502365112305,
    5.486400127410889,
    5.10552978515625,
    4.993334770202637,
    6.052515029907227
  ],
  "same_mask_repeat_std": [
    0.7520556449890137,
    0.8101195096969604,
    0.7415975332260132,
    0.9071694016456604,
    1.8242405652999878,
    1.2024257183074951,
    1.9039647579193115,
    0.89268958568573,
    0.5543394684791565,
    1.0843679904937744,
    1.1937274932861328,
    1.6851290464401245,
    1.2843891382217407,
    0.9088996648788452,
    1.3491597175598145,
    1.0422675609588623,
    0.8768410682678223,
    1.17641282081604
  ],
  "proxy_actual_gain_corr": -0.14522693168756548,
  "surrogate_train_times_sec": [
    0.07582462579011917,
    0.07911162823438644,
    0.08534962683916092,
    0.08185616880655289,
    0.0780588760972023,
    0.07702142000198364,
    0.08295545727014542,
    0.08183400332927704,
    0.09737483412027359,
    0.08223366737365723,
    0.08269141614437103,
    0.08107637614011765,
    0.08562395721673965,
    0.08165270835161209,
    0.08449462801218033,
    0.08165103942155838,
    0.07977591454982758,
    0.07769612222909927
  ],
  "gfn_train_times_sec": [
    15.623394012451172,
    15.804726600646973,
    15.61954402923584,
    15.566306114196777,
    15.631096839904785,
    15.826348304748535,
    15.778501510620117,
    15.655044555664062,
    15.692338943481445,
    15.639617919921875,
    15.517658233642578,
    15.741203308105469,
    15.477727890014648,
    15.51742172241211,
    15.525960922241211,
    15.529841423034668,
    15.412199974060059,
    15.471339225769043
  ],
  "proposal_times_sec": [
    15.995649337768555,
    16.18721580505371,
    16.008298873901367,
    15.925655364990234,
    15.987393379211426,
    16.205772399902344,
    16.148677825927734,
    16.028316497802734,
    16.06295394897461,
    16.011747360229492,
    15.89043140411377,
    16.141315460205078,
    15.837000846862793,
    15.877795219421387,
    15.888446807861328,
    15.891901016235352,
    15.77303409576416,
    15.832738876342773
  ],
  "iteration_times_sec": [
    16.083789825439453,
    16.27845001220703,
    16.105470657348633,
    16.01932144165039,
    16.07757568359375,
    16.29539680480957,
    16.24347686767578,
    16.122303009033203,
    16.172285079956055,
    16.10565757751465,
    15.985054016113281,
    16.234155654907227,
    15.934019088745117,
    15.971266746520996,
    15.984283447265625,
    15.984946250915527,
    15.863761901855469,
    15.922168731689453
  ],
  "total_wall_time_sec": 289.3843150000321
}
