{
  "seed": 3,
  "method": "gfn",
  "benchmark": "branin",
  "spec_name": "main_v2",
  "regrets": [
    8.419975280761719,
    5.069639205932617,
    5.069639205932617,
    5.069639205932617,
    5.069639205932617,
    5.069639205932617,
    5.069639205932617,
    5.069639205932617,
    5.069639205932617,
    5.069639205932617,
    4.732634544372559,
    4.732634544372559,
    4.732634544372559,
    4.732634544372559,
    4.732634544372559,
    4.732634544372559,
    4.732634544372559,
    4.732634544372559
  ],
  "best_values": [
    -8.817862510681152,
    -5.467526435852051,
    -5.467526435852051,
    -5.467526435852051,
    -5.467526435852051,
    -5.467526435852051,
    -5.467526435852051,
    -5.467526435852051,
    -5.467526435852051,
    -5.467526435852051,
    -5.130521774291992,
    -5.130521774291992,
    -5.130521774291992,
    -5.130521774291992,
    -5.130521774291992,
    -5.130521774291992,
    -5.130521774291992,
    -5.130521774291992
  ],
  "queried_values": [
    -152.95059204101562,
    -5.467526435852051,
    -5.742824077606201,
    -5.830179214477539,
    -5.553253650665283,
    -9.925455093383789,
    -10.636871337890625,
    -5.794806003570557,
    -8.552998542785645,
    -8.087702751159668,
    -5.130521774291992,
    -5.903951644897461,
    -6.202249050140381,
    -5.962447643280029,
    -8.8743896484375,
    -7.246397018432617,
    -8.619222640991211,
    -7.831350326538086
  ],
  "actual_gains": [
    -144.1327362060547,
    3.3503360748291016,
    -0.2752976417541504,
    -0.3626527786254883,
    -0.08572721481323242,
    -4.457928657531738,
    -5.169344902038574,
    -0.32727956771850586,
    -3.0854721069335938,
    -2.620176315307617,
    0.3370046615600586,
    -0.7734298706054688,
    -1.0717272758483887,
    -0.8319258689880371,
    -3.743867874145508,
    -2.115875244140625,
    -3.4887008666992188,
    -2.7008285522460938
  ],
  "proxy_rewards": [
    1.0,
    1.0,
    1.0,
    1.0,
    1.0,
    1.0,
    1.0,
    1.0,
    1.0,
    1.0,
    1.0,
    1.0,
    1.0,
    1.0,
    1.0,
    1.0,
    1.0,
    1.0
  ],
  "proxy_improvements": [
    65.10796356201172,
    9.069534301757812,
    3.718071460723877,
    -3.1669423580169678,
    -0.8495001196861267,
    0.9855016469955444,
    2.65590238571167,
    1.8083958625793457,
    1.2436087131500244,
    2.213261365890503,
    -7.26862907409668,
    0.2575087547302246,
    -0.6030754446983337,
    2.381652593612671,
    3.801274538040161,
    -0.48772281408309937,
    2.7835230827331543,
    2.254462718963623
  ],
  "floor_reward_flags": [
    0.0,
    0.0,
    0.0,
    0.0,
    0.0,
    0.0,
    0.0,
    0.0,
    0.0,
    0.0,
    0.0,
    0.0,
    0.0,
    0.0,
    0.0,
    0.0,
    0.0,
    0.0
  ],
  "step_reward_std": [
    0.30899906158447266,
    0.31162160634994507,
    0.3725970983505249,
    0.3161863088607788,
    0.3309289515018463,
    0.38734152913093567,
    0.38458216190338135,
    0.34452810883522034,
    0.274422287940979,
    0.3039153516292572,
    0.36232975125312805,
    0.33454954624176025,
    0.327606737613678,
    0.3674677610397339,
    0.30787211656570435,
    0.3516025245189667,
    0.35360127687454224,
    0.36980539560317993
  ],
  "step_improvement_std": [
    8.404972076416016,
    16.774389266967773,
    23.860017776489258,
    7.777223110198975,
    13.731138229370117,
    16.080554962158203,
    10.738161087036133,
    3.915558338165283,
    7.522423267364502,
    7.478190898895264,
    14.111753463745117,
    12.11134147644043,
    8.034843444824219,
    10.004264831542969,
    4.614556312561035,
    0.4363655149936676,
    2.028535842895508,
    7.359445095062256
  ],
  "same_mask_repeat_std": [
    2.424081563949585,
    1.3633997440338135,
    1.154813528060913,
    0.7806872725486755,
    0.9051520228385925,
    2.176875591278076,
    1.6283555030822754,
    1.0068365335464478,
    0.505061149597168,
    0.7913150787353516,
    0.7270457148551941,
    1.0803680419921875,
    0.8608447313308716,
    1.1269372701644897,
    0.9933140277862549,
    1.1052719354629517,
    1.156309723854065,
    0.7971232533454895
  ],
  "proxy_actual_gain_corr": -0.9746474829615183,
  "surrogate_train_times_sec": [
    0.08745808154344559,
    0.07620853930711746,
    0.07940654456615448,
    0.08150041848421097,
    0.07938758283853531,
    0.07702416926622391,
    0.08216458559036255,
    0.082608163356781,
    0.08436079323291779,
    0.08269012719392776,
    0.07825112342834473,
    0.0786258727312088,
    0.08501241356134415,
    0.0811101645231247,
    0.07606974989175797,
    0.08259512484073639,
    0.07904475182294846,
    0.07706662267446518
  ],
  "gfn_train_times_sec": [
    15.591719627380371,
    15.688329696655273,
    15.600955963134766,
    15.609574317932129,
    15.411476135253906,
    15.332911491394043,
    15.418702125549316,
    15.625300407409668,
    15.783714294433594,
    15.56936264038086,
    15.511506080627441,
    15.400470733642578,
    15.517425537109375,
    15.367109298706055,
    15.423568725585938,
    15.437081336975098,
    15.345775604248047,
    15.469942092895508
  ],
  "proposal_times_sec": [
    15.952718734741211,
    16.06467628479004,
    15.985591888427734,
    15.975251197814941,
    15.767822265625,
    15.685622215270996,
    15.78067684173584,
    15.99773120880127,
    16.151165008544922,
    15.937606811523438,
    15.867565155029297,
    15.760110855102539,
    15.89681339263916,
    15.73135757446289,
    15.779485702514648,
    15.804439544677734,
    15.714142799377441,
    15.82439136505127
  ],
  "iteration_times_sec": [
    16.051862716674805,
    16.153438568115234,
    16.076780319213867,
    16.067636489868164,
    15.858116149902344,
    15.773813247680664,
    15.874054908752441,
    16.092172622680664,
    16.24726676940918,
    16.03351402282715,
    15.957656860351562,
    15.851412773132324,
    15.993644714355469,
    15.823665618896484,
    15.867838859558105,
    15.899731636047363,
    15.80463695526123,
    15.91331672668457
  ],
  "total_wall_time_sec": 287.341545916046
}
