{
  "seed": 0,
  "method": "gfn",
  "benchmark": "branin",
  "spec_name": "main_v2",
  "regrets": [
    0.6236399412155151,
    0.6236399412155151,
    0.6236399412155151,
    0.6236399412155151,
    0.6236399412155151,
    0.6236399412155151,
    0.6236399412155151,
    0.6236399412155151,
    0.6236399412155151,
    0.6236399412155151,
    0.6236399412155151,
    0.6236399412155151,
    0.6236399412155151,
    0.6236399412155151,
    0.6236399412155151,
    0.6236399412155151,
    0.6236399412155151,
    0.6236399412155151
  ],
  "best_values": [
    -1.0215272903442383,
    -1.0215272903442383,
    -1.0215272903442383,
    -1.0215272903442383,
    -1.0215272903442383,
    -1.0215272903442383,
    -1.0215272903442383,
    -1.0215272903442383,
    -1.0215272903442383,
    -1.0215272903442383,
    -1.0215272903442383,
    -1.0215272903442383,
    -1.0215272903442383,
    -1.0215272903442383,
    -1.0215272903442383,
    -1.0215272903442383,
    -1.0215272903442383,
    -1.0215272903442383
  ],
  "queried_values": [
    -255.7635498046875,
    -17.54888153076172,
    -6.403806209564209,
    -2.622924327850342,
    -1.385371208190918,
    -5.281362533569336,
    -30.049373626708984,
    -5.237250328063965,
    -3.5957603454589844,
    -2.454303741455078,
    -1.9647579193115234,
    -8.243640899658203,
    -2.0158677101135254,
    -2.5635342597961426,
    -1.0310401916503906,
    -1.8023004531860352,
    -9.70847225189209,
    -2.0242695808410645
  ],
  "actual_gains": [
    -254.7420196533203,
    -16.527355194091797,
    -5.382278919219971,
    -1.6013970375061035,
    -0.3638439178466797,
    -4.259835243225098,
    -29.027847290039062,
    -4.215723037719727,
    -2.574233055114746,
    -1.4327764511108398,
    -0.9432306289672852,
    -7.222113609313965,
    -0.9943404197692871,
    -1.5420069694519043,
    -0.009512901306152344,
    -0.7807731628417969,
    -8.686944961547852,
    -1.0027422904968262
  ],
  "proxy_rewards": [
    1.0,
    1.0,
    1.0,
    1.0,
    1.0,
    1.0,
    1.0,
    1.0,
    1.0,
    1.0,
    1.0,
    1.0,
    1.0,
    1.0,
    1.0,
    1.0,
    1.0,
    1.0
  ],
  "proxy_improvements": [
    30.83664321899414,
    41.86261749267578,
    27.501087188720703,
    11.317153930664062,
    11.29572868347168,
    1.093485713005066,
    18.166114807128906,
    6.983541965484619,
    5.4446916580200195,
    8.785009384155273,
    10.035682678222656,
    12.66755199432373,
    5.358791828155518,
    0.016948889940977097,
    2.339200735092163,
    1.9194214344024658,
    5.9324541091918945,
    -8.402597427368164
  ],
  "floor_reward_flags": [
    0.0,
    0.0,
    0.0,
    0.0,
    0.0,
    0.0,
    0.0,
    0.0,
    0.0,
    0.0,
    0.0,
    0.0,
    0.0,
    0.0,
    0.0,
    0.0,
    0.0,
    0.0
  ],
  "step_reward_std": [
    0.31386300921440125,
    0.3789561986923218,
    0.3111715614795685,
    0.2894453704357147,
    0.29199859499931335,
    0.27458831667900085,
    0.2818160653114319,
    0.2892841398715973,
    0.29380857944488525,
    0.2872862219810486,
    0.31919482350349426,
    0.340609073638916,
    0.29539549350738525,
    0.2875111401081085,
    0.26110440492630005,
    0.2862517535686493,
    0.360235333442688,
    0.3122720420360565
  ],
  "step_improvement_std": [
    3.7999770641326904,
    25.063976287841797,
    17.09840965270996,
    5.558154106140137,
    11.181903839111328,
    12.348730087280273,
    5.293482303619385,
    18.26458740234375,
    14.9370756149292,
    8.079764366149902,
    9.294633865356445,
    11.348252296447754,
    6.108878135681152,
    9.793984413146973,
    7.134875774383545,
    8.17615795135498,
    11.626060485839844,
    3.9615628719329834
  ],
  "same_mask_repeat_std": [
    0.6943191289901733,
    3.57840895652771,
    1.639727234840393,
    2.7311859130859375,
    1.7118748426437378,
    0.6468537449836731,
    1.473961353302002,
    0.9558849930763245,
    1.1370574235916138,
    1.598983883857727,
    1.9086999893188477,
    1.0790935754776,
    2.9247922897338867,
    1.2824937105178833,
    1.2010276317596436,
    2.4156458377838135,
    1.4183543920516968,
    1.0532755851745605
  ],
  "proxy_actual_gain_corr": -0.4708547632858479,
  "surrogate_train_times_sec": [
    0.07824607938528061,
    0.08755704015493393,
    0.07781708240509033,
    0.0837249606847763,
    0.07778012752532959,
    0.07831533253192902,
    0.0827072486281395,
    0.08462366461753845,
    0.10585504025220871,
    0.08677499741315842,
    0.08263091742992401,
    0.07656004279851913,
    0.08681691437959671,
    0.08202517032623291,
    0.0837315022945404,
    0.08321937173604965,
    0.0852944552898407,
    0.08586587756872177
  ],
  "gfn_train_times_sec": [
    14.851001739501953,
    15.041252136230469,
    14.83978271484375,
    14.912528991699219,
    15.015070915222168,
    15.242142677307129,
    15.020609855651855,
    14.974020957946777,
    15.137001991271973,
    15.128616333007812,
    14.99486255645752,
    15.010687828063965,
    14.9935941696167,
    14.905391693115234,
    14.957206726074219,
    14.96520709991455,
    14.927753448486328,
    14.918622970581055
  ],
  "proposal_times_sec": [
    15.202815055847168,
    15.391905784606934,
    15.204678535461426,
    15.253568649291992,
    15.376115798950195,
    15.6036376953125,
    15.376100540161133,
    15.326642036437988,
    15.508400917053223,
    15.513506889343262,
    15.343365669250488,
    15.371416091918945,
    15.345890045166016,
    15.26218032836914,
    15.32711410522461,
    15.324318885803223,
    15.27927017211914,
    15.275853157043457
  ],
  "iteration_times_sec": [
    15.292403221130371,
    15.490864753723145,
    15.293891906738281,
    15.347588539123535,
    15.4649658203125,
    15.693299293518066,
    15.469793319702148,
    15.42243480682373,
    15.625927925109863,
    15.612019538879395,
    15.436830520629883,
    15.45937442779541,
    15.444626808166504,
    15.355186462402344,
    15.42206859588623,
    15.41955852508545,
    15.375588417053223,
    15.373384475708008
  ],
  "total_wall_time_sec": 278.0007350000087
}
