{
  "seed": 2,
  "method": "gfn",
  "benchmark": "branin",
  "spec_name": "main_v2",
  "regrets": [
    0.5849360227584839,
    0.5849360227584839,
    0.5849360227584839,
    0.5849360227584839,
    0.5849360227584839,
    0.5849360227584839,
    0.5849360227584839,
    0.5849360227584839,
    0.5849360227584839,
    0.5849360227584839,
    0.5849360227584839,
    0.5849360227584839,
    0.5849360227584839,
    0.5849360227584839,
    0.5849360227584839,
    0.5849360227584839,
    0.5849360227584839,
    0.5849360227584839
  ],
  "best_values": [
    -0.982823371887207,
    -0.982823371887207,
    -0.982823371887207,
    -0.982823371887207,
    -0.982823371887207,
    -0.982823371887207,
    -0.982823371887207,
    -0.982823371887207,
    -0.982823371887207,
    -0.982823371887207,
    -0.982823371887207,
    -0.982823371887207,
    -0.982823371887207,
    -0.982823371887207,
    -0.982823371887207,
    -0.982823371887207,
    -0.982823371887207,
    -0.982823371887207
  ],
  "queried_values": [
    -263.27545166015625,
    -5.560320854187012,
    -5.930998802185059,
    -105.61083984375,
    -6.751278877258301,
    -17.942733764648438,
    -7.170095920562744,
    -8.61319351196289,
    -19.556997299194336,
    -6.283947944641113,
    -3.2451109886169434,
    -8.089240074157715,
    -9.260581016540527,
    -7.425173759460449,
    -4.031905651092529,
    -10.235616683959961,
    -7.415578365325928,
    -7.029751300811768
  ],
  "actual_gains": [
    -262.2926330566406,
    -4.577497482299805,
    -4.948175430297852,
    -104.62801361083984,
    -5.768455505371094,
    -16.959911346435547,
    -6.187272548675537,
    -7.630370140075684,
    -18.574172973632812,
    -5.301124572753906,
    -2.2622876167297363,
    -7.106416702270508,
    -8.27775764465332,
    -6.442350387573242,
    -3.0490822792053223,
    -9.252793312072754,
    -6.432754993438721,
    -6.0469279289245605
  ],
  "proxy_rewards": [
    1.0,
    1.0,
    1.0,
    1.0,
    1.0,
    1.0,
    1.0,
    1.0,
    1.0,
    1.0,
    1.0,
    1.0,
    1.0,
    1.0,
    1.0,
    1.0,
    1.0,
    1.0
  ],
  "proxy_improvements": [
    39.687442779541016,
    21.025548934936523,
    5.944393634796143,
    36.91072082519531,
    8.610220909118652,
    2.8929483890533447,
    2.200042963027954,
    -4.075672626495361,
    -4.780780792236328,
    4.684344291687012,
    -7.271873950958252,
    1.7235078811645508,
    1.7023801803588867,
    -2.3843133449554443,
    11.81673526763916,
    -3.9728193283081055,
    -0.43386322259902954,
    4.009840488433838
  ],
  "floor_reward_flags": [
    0.0,
    0.0,
    0.0,
    0.0,
    0.0,
    0.0,
    0.0,
    0.0,
    0.0,
    0.0,
    0.0,
    0.0,
    0.0,
    0.0,
    0.0,
    0.0,
    0.0,
    0.0
  ],
  "step_reward_std": [
    0.31652501225471497,
    0.27465111017227173,
    0.3029061257839203,
    0.32409292459487915,
    0.3332618474960327,
    0.304399698972702,
    0.2999493181705475,
    0.33137401938438416,
    0.3043101131916046,
    0.32605424523353577,
    0.3172757029533386,
    0.3505873680114746,
    0.37452834844589233,
    0.3450258672237396,
    0.34478574991226196,
    0.31829115748405457,
    0.3100908398628235,
    0.32627278566360474
  ],
  "step_improvement_std": [
    6.5124335289001465,
    13.460948944091797,
    14.484332084655762,
    14.4109468460083,
    26.971885681152344,
    11.674467086791992,
    16.452043533325195,
    6.955346584320068,
    11.025898933410645,
    23.339393615722656,
    15.17839527130127,
    12.086321830749512,
    12.344374656677246,
    13.250988006591797,
    8.46357250213623,
    11.616650581359863,
    5.107024669647217,
    17.57367706298828
  ],
  "same_mask_repeat_std": [
    0.5486803650856018,
    1.0969802141189575,
    1.0221383571624756,
    3.7725589275360107,
    3.310332775115967,
    0.5540507435798645,
    1.2213828563690186,
    0.2911260426044464,
    0.4890271723270416,
    2.020319938659668,
    3.038654327392578,
    1.2914618253707886,
    2.4877233505249023,
    0.6547721028327942,
    1.731991171836853,
    1.3258438110351562,
    0.5201271772384644,
    1.3977668285369873
  ],
  "proxy_actual_gain_corr": -0.7849650149758186,
  "surrogate_train_times_sec": [
    0.0800313726067543,
    0.08208366483449936,
    0.07706191390752792,
    0.08271529525518417,
    0.07965762168169022,
    0.08507250249385834,
    0.07649791240692139,
    0.07764025032520294,
    0.0834442526102066,
    0.08612791448831558,
    0.07882612198591232,
    0.07779587805271149,
    0.07887387275695801,
    0.08039891719818115,
    0.08358362317085266,
    0.08064062148332596,
    0.08578678965568542,
    0.08180946111679077
  ],
  "gfn_train_times_sec": [
    15.03697681427002,
    15.156981468200684,
    14.975486755371094,
    15.031929969787598,
    14.840532302856445,
    15.417401313781738,
    15.404671669006348,
    15.769402503967285,
    15.779759407043457,
    15.492724418640137,
    15.416312217712402,
    15.585236549377441,
    15.474689483642578,
    15.503893852233887,
    15.460647583007812,
    15.472833633422852,
    15.544866561889648,
    15.621603965759277
  ],
  "proposal_times_sec": [
    15.39432144165039,
    15.496023178100586,
    15.336788177490234,
    15.379715919494629,
    15.192679405212402,
    15.77697467803955,
    15.769279479980469,
    16.153545379638672,
    16.142351150512695,
    15.852410316467285,
    15.781490325927734,
    15.94635009765625,
    15.830976486206055,
    15.884557723999023,
    15.820680618286133,
    15.841976165771484,
    15.911625862121582,
    16.002920150756836
  ],
  "iteration_times_sec": [
    15.4857759475708,
    15.588983535766602,
    15.425735473632812,
    15.473616600036621,
    15.283397674560547,
    15.873724937438965,
    15.857284545898438,
    16.243186950683594,
    16.238842010498047,
    15.950113296508789,
    15.871392250061035,
    16.03609848022461,
    15.921687126159668,
    15.977483749389648,
    15.916655540466309,
    15.934497833251953,
    16.009504318237305,
    16.096088409423828
  ],
  "total_wall_time_sec": 285.1851522079669
}
