{
  "seed": 1,
  "method": "random",
  "benchmark": "branin",
  "spec_name": "main_v2",
  "regrets": [
    0.9331978559494019,
    0.9331978559494019,
    0.9331978559494019,
    0.9331978559494019,
    0.9331978559494019,
    0.9331978559494019,
    0.9331978559494019,
    0.9331978559494019,
    0.9331978559494019,
    0.9331978559494019,
    0.9331978559494019,
    0.9331978559494019,
    0.9331978559494019,
    0.9331978559494019,
    0.9331978559494019,
    0.9331978559494019,
    0.9331978559494019,
    0.9331978559494019
  ],
  "best_values": [
    -1.331085205078125,
    -1.331085205078125,
    -1.331085205078125,
    -1.331085205078125,
    -1.331085205078125,
    -1.331085205078125,
    -1.331085205078125,
    -1.331085205078125,
    -1.331085205078125,
    -1.331085205078125,
    -1.331085205078125,
    -1.331085205078125,
    -1.331085205078125,
    -1.331085205078125,
    -1.331085205078125,
    -1.331085205078125,
    -1.331085205078125,
    -1.331085205078125
  ],
  "queried_values": [
    -287.9718322753906,
    -20.08497428894043,
    -8.316015243530273,
    -6.735595226287842,
    -15.075228691101074,
    -8.846370697021484,
    -9.843674659729004,
    -10.919721603393555,
    -8.882806777954102,
    -7.552333831787109,
    -12.982112884521484,
    -8.853169441223145,
    -8.991756439208984,
    -13.42170238494873,
    -10.361584663391113,
    -4.92422342300415,
    -8.121066093444824,
    -6.36254358291626
  ],
  "actual_gains": [
    -286.6407470703125,
    -18.753889083862305,
    -6.984930038452148,
    -5.404510021209717,
    -13.74414348602295,
    -7.515285491943359,
    -8.512589454650879,
    -9.58863639831543,
    -7.551721572875977,
    -6.221248626708984,
    -11.65102767944336,
    -7.5220842361450195,
    -7.660671234130859,
    -12.090617179870605,
    -9.030499458312988,
    -3.5931382179260254,
    -6.789980888366699,
    -5.031458377838135
  ],
  "proxy_rewards": [
    1.0,
    1.0,
    1.0,
    1.0,
    1.0,
    1.0,
    1.0,
    1.0,
    1.0,
    1.0,
    1.0,
    1.0,
    1.0,
    1.0,
    1.0,
    1.0,
    1.0,
    1.0
  ],
  "proxy_improvements": [
    6.883888244628906,
    19.57782554626465,
    2.402040958404541,
    -4.93218994140625,
    13.344069480895996,
    -3.8598129749298096,
    2.528916358947754,
    -6.688554286956787,
    -1.856779932975769,
    -3.2001402378082275,
    -2.6526389122009277,
    7.413965702056885,
    -0.9077638387680054,
    5.431962490081787,
    -5.503175735473633,
    -7.505790710449219,
    -0.3605406880378723,
    1.988755702972412
  ],
  "floor_reward_flags": [
    0.0,
    0.0,
    0.0,
    0.0,
    0.0,
    0.0,
    0.0,
    0.0,
    0.0,
    0.0,
    0.0,
    0.0,
    0.0,
    0.0,
    0.0,
    0.0,
    0.0,
    0.0
  ],
  "step_reward_std": [
    0.31479012966156006,
    0.34745052456855774,
    0.37261101603507996,
    0.3701322376728058,
    0.29253873229026794,
    0.37270981073379517,
    0.3186647891998291,
    0.26541846990585327,
    0.2677117586135864,
    0.33344289660453796,
    0.3295329809188843,
    0.3617054522037506,
    0.32063278555870056,
    0.19739769399166107,
    0.3245680332183838,
    0.2235756814479828,
    0.3231566250324249,
    0.3528621792793274
  ],
  "step_improvement_std": [
    1.004148244857788,
    5.759667873382568,
    2.3036675453186035,
    2.1338586807250977,
    5.601600646972656,
    1.5805771350860596,
    5.39009952545166,
    2.8141891956329346,
    0.5010969638824463,
    0.7020688652992249,
    2.6722571849823,
    3.535940170288086,
    2.7066457271575928,
    0.951102614402771,
    1.7985764741897583,
    1.1306527853012085,
    2.9231820106506348,
    2.3187685012817383
  ],
  "same_mask_repeat_std": [
    0.5924758911132812,
    3.111100912094116,
    2.4750022888183594,
    2.4776060581207275,
    1.6286154985427856,
    1.3199872970581055,
    1.6982090473175049,
    1.7955119609832764,
    1.5792418718338013,
    2.240262031555176,
    0.855311930179596,
    1.4441889524459839,
    1.8927687406539917,
    2.016578197479248,
    1.0142345428466797,
    1.3021976947784424,
    2.0356767177581787,
    0.8558055758476257
  ],
  "proxy_actual_gain_corr": -0.23619780198926338,
  "surrogate_train_times_sec": [
    0.08046550303697586,
    0.08930766582489014,
    0.07894916832447052,
    0.07816929370164871,
    0.08143866807222366,
    0.08743099868297577,
    0.08827800303697586,
    0.08457037806510925,
    0.09105587750673294,
    0.07795916497707367,
    0.08221741765737534,
    0.08035529404878616,
    0.07754312455654144,
    0.08102412521839142,
    0.08344695717096329,
    0.08035129308700562,
    0.07788045704364777,
    0.08465667068958282
  ],
  "gfn_train_times_sec": [
    0.0,
    0.0,
    0.0,
    0.0,
    0.0,
    0.0,
    0.0,
    0.0,
    0.0,
    0.0,
    0.0,
    0.0,
    0.0,
    0.0,
    0.0,
    0.0,
    0.0,
    0.0
  ],
  "proposal_times_sec": [
    0.17516858875751495,
    0.18584120273590088,
    0.16875383257865906,
    0.18127937614917755,
    0.16976529359817505,
    0.17900650203227997,
    0.17103707790374756,
    0.18158191442489624,
    0.16966870427131653,
    0.16815532743930817,
    0.17323778569698334,
    0.16676270961761475,
    0.17094962298870087,
    0.17174850404262543,
    0.17527329921722412,
    0.1679820418357849,
    0.16852974891662598,
    0.1713225394487381
  ],
  "iteration_times_sec": [
    0.267722487449646,
    0.28660503029823303,
    0.2585752010345459,
    0.27033665776252747,
    0.2626592218875885,
    0.2780238389968872,
    0.27065908908843994,
    0.27786654233932495,
    0.27177292108535767,
    0.2568288743495941,
    0.26675495505332947,
    0.2579788267612457,
    0.25976115465164185,
    0.26433849334716797,
    0.2697557806968689,
    0.25941863656044006,
    0.2577016353607178,
    0.26735520362854004
  ],
  "total_wall_time_sec": 4.804947083001025
}
