{
  "seed": 3,
  "method": "random",
  "benchmark": "branin",
  "spec_name": "main_v2",
  "regrets": [
    8.419975280761719,
    8.419975280761719,
    3.738671064376831,
    3.738671064376831,
    3.738671064376831,
    3.738671064376831,
    3.738671064376831,
    3.738671064376831,
    3.738671064376831,
    3.738671064376831,
    3.738671064376831,
    3.738671064376831,
    3.738671064376831,
    3.738671064376831,
    3.738671064376831,
    3.738671064376831,
    3.738671064376831,
    3.738671064376831
  ],
  "best_values": [
    -8.817862510681152,
    -8.817862510681152,
    -4.136558532714844,
    -4.136558532714844,
    -4.136558532714844,
    -4.136558532714844,
    -4.136558532714844,
    -4.136558532714844,
    -4.136558532714844,
    -4.136558532714844,
    -4.136558532714844,
    -4.136558532714844,
    -4.136558532714844,
    -4.136558532714844,
    -4.136558532714844,
    -4.136558532714844,
    -4.136558532714844,
    -4.136558532714844
  ],
  "queried_values": [
    -152.95059204101562,
    -20.125022888183594,
    -4.136558532714844,
    -5.830179214477539,
    -8.015814781188965,
    -9.925455093383789,
    -10.636871337890625,
    -10.003621101379395,
    -5.737706184387207,
    -7.573763847351074,
    -6.894468784332275,
    -5.961598873138428,
    -6.202249050140381,
    -5.962447643280029,
    -15.741546630859375,
    -5.534364700317383,
    -5.12227201461792,
    -7.831350326538086
  ],
  "actual_gains": [
    -144.1327362060547,
    -11.307160377502441,
    4.681303977966309,
    -1.6936206817626953,
    -3.879256248474121,
    -5.788896560668945,
    -6.500312805175781,
    -5.867062568664551,
    -1.6011476516723633,
    -3.4372053146362305,
    -2.7579102516174316,
    -1.825040340423584,
    -2.065690517425537,
    -1.8258891105651855,
    -11.604988098144531,
    -1.397806167602539,
    -0.9857134819030762,
    -3.694791793823242
  ],
  "proxy_rewards": [
    1.0,
    1.0,
    1.0,
    1.0,
    1.0,
    1.0,
    1.0,
    1.0,
    1.0,
    1.0,
    1.0,
    1.0,
    1.0,
    1.0,
    1.0,
    1.0,
    1.0,
    1.0
  ],
  "proxy_improvements": [
    65.10796356201172,
    2.259676933288574,
    12.215510368347168,
    2.2704501152038574,
    1.598944902420044,
    -2.957443952560425,
    0.5023441910743713,
    -1.8839247226715088,
    3.1290230751037598,
    3.7542526721954346,
    -5.678140163421631,
    -2.3524374961853027,
    -1.8070518970489502,
    6.380758285522461,
    -0.5067390203475952,
    -1.7105915546417236,
    -4.763241767883301,
    1.4115452766418457
  ],
  "floor_reward_flags": [
    0.0,
    0.0,
    0.0,
    0.0,
    0.0,
    0.0,
    0.0,
    0.0,
    0.0,
    0.0,
    0.0,
    0.0,
    0.0,
    0.0,
    0.0,
    0.0,
    0.0,
    0.0
  ],
  "step_reward_std": [
    0.2736561596393585,
    0.3773224353790283,
    0.3825613856315613,
    0.3299122154712677,
    0.1685553640127182,
    0.3215995728969574,
    0.13985058665275574,
    0.3245680332183838,
    0.3112441897392273,
    0.2290358990430832,
    0.32440194487571716,
    0.3316974639892578,
    0.32772645354270935,
    0.24499279260635376,
    0.3468324542045593,
    0.3676895201206207,
    0.21703428030014038,
    0.10047151148319244
  ],
  "step_improvement_std": [
    0.10870835185050964,
    1.0721118450164795,
    4.2017083168029785,
    0.2360047698020935,
    0.15871843695640564,
    0.20713773369789124,
    0.2787580192089081,
    0.26233962178230286,
    0.42177337408065796,
    0.29932764172554016,
    0.9771388173103333,
    0.3079337179660797,
    0.14665451645851135,
    0.13369059562683105,
    0.9345318078994751,
    0.16675271093845367,
    0.003985394258052111,
    0.07967744767665863
  ],
  "same_mask_repeat_std": [
    2.424081563949585,
    2.3801560401916504,
    0.5860656499862671,
    1.76393723487854,
    0.7714949250221252,
    0.5620688796043396,
    1.1032166481018066,
    0.8032032251358032,
    1.3419480323791504,
    0.7376939654350281,
    0.3565327525138855,
    0.8958789706230164,
    0.7175608277320862,
    1.1503324508666992,
    0.6533154845237732,
    1.1064563989639282,
    0.8078683614730835,
    0.9377897381782532
  ],
  "proxy_actual_gain_corr": -0.9474515882266973,
  "surrogate_train_times_sec": [
    0.07963524758815765,
    0.08147462457418442,
    0.08429375290870667,
    0.08067062497138977,
    0.08548516780138016,
    0.08080841600894928,
    0.08485908061265945,
    0.08347220718860626,
    0.08154541254043579,
    0.07853558659553528,
    0.07792457938194275,
    0.07652858644723892,
    0.08259200304746628,
    0.07765074819326401,
    0.08228416740894318,
    0.08308658003807068,
    0.08067883551120758,
    0.08341283351182938
  ],
  "gfn_train_times_sec": [
    0.0,
    0.0,
    0.0,
    0.0,
    0.0,
    0.0,
    0.0,
    0.0,
    0.0,
    0.0,
    0.0,
    0.0,
    0.0,
    0.0,
    0.0,
    0.0,
    0.0,
    0.0
  ],
  "proposal_times_sec": [
    0.17278100550174713,
    0.18093211948871613,
    0.17755649983882904,
    0.16723287105560303,
    0.17088812589645386,
    0.1704680472612381,
    0.1713496297597885,
    0.17208783328533173,
    0.1722669154405594,
    0.1779298335313797,
    0.16622857749462128,
    0.17555087804794312,
    0.1706160455942154,
    0.1671070009469986,
    0.17133675515651703,
    0.17236429452896118,
    0.16784575581550598,
    0.17121808230876923
  ],
  "iteration_times_sec": [
    0.2634851336479187,
    0.27447113394737244,
    0.27348512411117554,
    0.2585934102535248,
    0.2672101557254791,
    0.26225778460502625,
    0.26696640253067017,
    0.26690420508384705,
    0.2651316523551941,
    0.26724758744239807,
    0.2550232410430908,
    0.26316455006599426,
    0.2639615833759308,
    0.25559836626052856,
    0.26451778411865234,
    0.2664383351802826,
    0.2598792016506195,
    0.2660936117172241
  ],
  "total_wall_time_sec": 4.761256875004619
}
