{
  "seed": 0,
  "method": "random",
  "benchmark": "branin",
  "spec_name": "main_v2",
  "regrets": [
    0.6236399412155151,
    0.6236399412155151,
    0.6236399412155151,
    0.6236399412155151,
    0.6236399412155151,
    0.6236399412155151,
    0.6236399412155151,
    0.6236399412155151,
    0.6236399412155151,
    0.6236399412155151,
    0.6236399412155151,
    0.6236399412155151,
    0.6236399412155151,
    0.6236399412155151,
    0.6236399412155151,
    0.6236399412155151,
    0.6236399412155151,
    0.6236399412155151
  ],
  "best_values": [
    -1.0215272903442383,
    -1.0215272903442383,
    -1.0215272903442383,
    -1.0215272903442383,
    -1.0215272903442383,
    -1.0215272903442383,
    -1.0215272903442383,
    -1.0215272903442383,
    -1.0215272903442383,
    -1.0215272903442383,
    -1.0215272903442383,
    -1.0215272903442383,
    -1.0215272903442383,
    -1.0215272903442383,
    -1.0215272903442383,
    -1.0215272903442383,
    -1.0215272903442383,
    -1.0215272903442383
  ],
  "queried_values": [
    -255.7635498046875,
    -35.31768035888672,
    -3.436598777770996,
    -6.254888534545898,
    -1.385371208190918,
    -1.2435340881347656,
    -1.5551815032958984,
    -5.237250328063965,
    -3.5957603454589844,
    -31.72347640991211,
    -1.3450307846069336,
    -1.936056137084961,
    -2.0158677101135254,
    -1.9618349075317383,
    -2.089949607849121,
    -8.989822387695312,
    -3.0819573402404785,
    -2.6696057319641113
  ],
  "actual_gains": [
    -254.7420196533203,
    -34.2961540222168,
    -2.415071487426758,
    -5.23336124420166,
    -0.3638439178466797,
    -0.22200679779052734,
    -0.5336542129516602,
    -4.215723037719727,
    -2.574233055114746,
    -30.701950073242188,
    -0.3235034942626953,
    -0.9145288467407227,
    -0.9943404197692871,
    -0.9403076171875,
    -1.0684223175048828,
    -7.968295097351074,
    -2.0604300498962402,
    -1.648078441619873
  ],
  "proxy_rewards": [
    1.0,
    1.0,
    1.0,
    1.0,
    1.0,
    1.0,
    1.0,
    1.0,
    1.0,
    1.0,
    1.0,
    1.0,
    1.0,
    1.0,
    1.0,
    1.0,
    1.0,
    1.0
  ],
  "proxy_improvements": [
    30.83664321899414,
    29.161409378051758,
    36.146060943603516,
    11.825335502624512,
    -4.242712497711182,
    11.697250366210938,
    4.781324863433838,
    7.551304817199707,
    1.3113068342208862,
    -2.797682762145996,
    6.435364723205566,
    0.06385111808776855,
    8.76550006866455,
    3.598940849304199,
    1.4907687902450562,
    6.454422473907471,
    0.6661472320556641,
    4.54832649230957
  ],
  "floor_reward_flags": [
    0.0,
    0.0,
    0.0,
    0.0,
    0.0,
    0.0,
    0.0,
    0.0,
    0.0,
    0.0,
    0.0,
    0.0,
    0.0,
    0.0,
    0.0,
    0.0,
    0.0,
    0.0
  ],
  "step_reward_std": [
    0.0,
    0.23294275999069214,
    0.3593025803565979,
    0.37080085277557373,
    0.37266507744789124,
    0.376057893037796,
    0.37658992409706116,
    0.3740873634815216,
    0.3637855648994446,
    0.2636195421218872,
    0.37121084332466125,
    0.309953510761261,
    0.284686416387558,
    0.32755613327026367,
    0.3591712713241577,
    0.3577176034450531,
    0.3570650815963745,
    0.339743047952652
  ],
  "step_improvement_std": [
    3.552713678800501e-15,
    1.7194377183914185,
    11.277827262878418,
    6.228012561798096,
    3.144338607788086,
    6.425237655639648,
    3.787315607070923,
    2.298388957977295,
    5.029217720031738,
    0.3342282772064209,
    1.0198185443878174,
    4.442654132843018,
    3.506415605545044,
    1.7647314071655273,
    4.743274688720703,
    6.373391151428223,
    3.9526004791259766,
    5.57047176361084
  ],
  "same_mask_repeat_std": [
    0.6943191289901733,
    2.2519474029541016,
    3.26615834236145,
    2.471730947494507,
    2.0775809288024902,
    0.7733460664749146,
    2.041916608810425,
    1.570727825164795,
    1.446708083152771,
    3.031219005584717,
    0.5706453919410706,
    1.7640597820281982,
    1.6829335689544678,
    2.187741756439209,
    2.4276535511016846,
    0.6617603898048401,
    1.5508865118026733,
    1.5875632762908936
  ],
  "proxy_actual_gain_corr": -0.5052857610493031,
  "surrogate_train_times_sec": [
    1.1034244298934937,
    0.08654654026031494,
    0.0868249163031578,
    0.08057428896427155,
    0.08642420917749405,
    0.0807822123169899,
    0.07886441797018051,
    0.08522816747426987,
    0.08385933190584183,
    0.08636358380317688,
    0.08525579422712326,
    0.08543325215578079,
    0.0782613754272461,
    0.0841112956404686,
    0.07985887676477432,
    0.07882241904735565,
    0.08257212489843369,
    0.09154658764600754
  ],
  "gfn_train_times_sec": [
    0.0,
    0.0,
    0.0,
    0.0,
    0.0,
    0.0,
    0.0,
    0.0,
    0.0,
    0.0,
    0.0,
    0.0,
    0.0,
    0.0,
    0.0,
    0.0,
    0.0,
    0.0
  ],
  "proposal_times_sec": [
    0.17260199785232544,
    0.1787281632423401,
    0.17607520520687103,
    0.16550195217132568,
    0.17950911819934845,
    0.16409479081630707,
    0.17488908767700195,
    0.1735328733921051,
    0.1781618297100067,
    0.17010049521923065,
    0.18784749507904053,
    0.1668044626712799,
    0.17047828435897827,
    0.1667136251926422,
    0.1744217425584793,
    0.16755104064941406,
    0.1883767992258072,
    0.18471767008304596
  ],
  "iteration_times_sec": [
    1.2875535488128662,
    0.2769577205181122,
    0.2739579975605011,
    0.2567935287952423,
    0.27705851197242737,
    0.2557412087917328,
    0.26489824056625366,
    0.27015775442123413,
    0.2735195457935333,
    0.2678217887878418,
    0.2844789922237396,
    0.2628975510597229,
    0.2599746286869049,
    0.26181432604789734,
    0.2655263841152191,
    0.2579193413257599,
    0.28328245878219604,
    0.28775328397750854
  ],
  "total_wall_time_sec": 5.869879666017368
}
