{
  "seed": 2,
  "method": "random",
  "benchmark": "branin",
  "spec_name": "main_v2",
  "regrets": [
    0.5849360227584839,
    0.5849360227584839,
    0.5849360227584839,
    0.5849360227584839,
    0.5849360227584839,
    0.5849360227584839,
    0.5849360227584839,
    0.5849360227584839,
    0.5849360227584839,
    0.5849360227584839,
    0.5849360227584839,
    0.5849360227584839,
    0.5849360227584839,
    0.5849360227584839,
    0.5849360227584839,
    0.5849360227584839,
    0.5849360227584839,
    0.5849360227584839
  ],
  "best_values": [
    -0.982823371887207,
    -0.982823371887207,
    -0.982823371887207,
    -0.982823371887207,
    -0.982823371887207,
    -0.982823371887207,
    -0.982823371887207,
    -0.982823371887207,
    -0.982823371887207,
    -0.982823371887207,
    -0.982823371887207,
    -0.982823371887207,
    -0.982823371887207,
    -0.982823371887207,
    -0.982823371887207,
    -0.982823371887207,
    -0.982823371887207,
    -0.982823371887207
  ],
  "queried_values": [
    -263.27545166015625,
    -4.577420711517334,
    -132.8515625,
    -9.152223587036133,
    -8.135370254516602,
    -9.235467910766602,
    -19.04608154296875,
    -8.61319351196289,
    -6.164799690246582,
    -6.283947944641113,
    -5.640501976013184,
    -11.256766319274902,
    -2.661116600036621,
    -7.425173759460449,
    -9.323720932006836,
    -10.235616683959961,
    -2.412862777709961,
    -7.029751300811768
  ],
  "actual_gains": [
    -262.2926330566406,
    -3.594597339630127,
    -131.86874389648438,
    -8.169400215148926,
    -7.1525468826293945,
    -8.252644538879395,
    -18.06325912475586,
    -7.630370140075684,
    -5.181976318359375,
    -5.301124572753906,
    -4.657678604125977,
    -10.273942947387695,
    -1.678293228149414,
    -6.442350387573242,
    -8.340897560119629,
    -9.252793312072754,
    -1.430039405822754,
    -6.0469279289245605
  ],
  "proxy_rewards": [
    1.0,
    1.0,
    1.0,
    1.0,
    1.0,
    1.0,
    1.0,
    1.0,
    1.0,
    1.0,
    1.0,
    1.0,
    1.0,
    1.0,
    1.0,
    1.0,
    1.0,
    1.0
  ],
  "proxy_improvements": [
    39.687442779541016,
    -2.092048168182373,
    38.24976348876953,
    11.179689407348633,
    2.5677623748779297,
    6.180412292480469,
    -7.800478458404541,
    -3.7248923778533936,
    -11.1444730758667,
    6.252587795257568,
    -2.418948173522949,
    -3.0887436866760254,
    0.2219862937927246,
    1.8606147766113281,
    0.8122051358222961,
    -5.043844699859619,
    -3.1093780994415283,
    -3.0926151275634766
  ],
  "floor_reward_flags": [
    0.0,
    0.0,
    0.0,
    0.0,
    0.0,
    0.0,
    0.0,
    0.0,
    0.0,
    0.0,
    0.0,
    0.0,
    0.0,
    0.0,
    0.0,
    0.0,
    0.0,
    0.0
  ],
  "step_reward_std": [
    0.3245750069618225,
    0.3058202266693115,
    0.3448232412338257,
    0.1946370154619217,
    0.35873305797576904,
    0.35820743441581726,
    0.38130074739456177,
    0.37359121441841125,
    0.36262333393096924,
    0.3703370988368988,
    0.32263389229774475,
    0.38054484128952026,
    0.38132444024086,
    0.3566630780696869,
    0.14459961652755737,
    0.2958449423313141,
    0.378193736076355,
    0.36605334281921387
  ],
  "step_improvement_std": [
    0.02142981067299843,
    4.365075588226318,
    2.2350804805755615,
    3.5859146118164062,
    4.284470558166504,
    3.5220561027526855,
    3.1588635444641113,
    4.466341018676758,
    1.681050419807434,
    5.6758527755737305,
    2.3909943103790283,
    2.1970102787017822,
    2.0748770236968994,
    3.9079949855804443,
    2.1401309967041016,
    4.198905944824219,
    1.2902679443359375,
    2.534024953842163
  ],
  "same_mask_repeat_std": [
    0.5486803650856018,
    0.5737410187721252,
    1.9310612678527832,
    1.1460970640182495,
    1.1103588342666626,
    1.0661925077438354,
    0.9134376645088196,
    1.3080698251724243,
    0.8149145245552063,
    2.4518158435821533,
    1.7393156290054321,
    0.7373116612434387,
    0.5961667895317078,
    1.0733444690704346,
    1.165758490562439,
    1.2223573923110962,
    0.684901237487793,
    1.6956390142440796
  ],
  "proxy_actual_gain_corr": -0.8716878020180063,
  "surrogate_train_times_sec": [
    0.0778803750872612,
    0.07538408041000366,
    0.0845564603805542,
    0.08507941663265228,
    0.08419828861951828,
    0.08493804186582565,
    0.08300241827964783,
    0.08026429265737534,
    0.07802358269691467,
    0.07672812789678574,
    0.07843112200498581,
    0.08125129342079163,
    0.084285207092762,
    0.08341391384601593,
    0.08164270967245102,
    0.0820700004696846,
    0.08182621002197266,
    0.07944303750991821
  ],
  "gfn_train_times_sec": [
    0.0,
    0.0,
    0.0,
    0.0,
    0.0,
    0.0,
    0.0,
    0.0,
    0.0,
    0.0,
    0.0,
    0.0,
    0.0,
    0.0,
    0.0,
    0.0,
    0.0,
    0.0
  ],
  "proposal_times_sec": [
    0.16541779041290283,
    0.16582457721233368,
    0.1721746176481247,
    0.17225287854671478,
    0.17396461963653564,
    0.17217350006103516,
    0.16995595395565033,
    0.1664494127035141,
    0.16636183857917786,
    0.16967454552650452,
    0.16587866842746735,
    0.17181137204170227,
    0.17204074561595917,
    0.17177529633045197,
    0.17196421325206757,
    0.17083092033863068,
    0.17533470690250397,
    0.1662452071905136
  ],
  "iteration_times_sec": [
    0.2541433870792389,
    0.2523938715457916,
    0.2677028775215149,
    0.2690232992172241,
    0.26922479271888733,
    0.2684985101222992,
    0.2655983865261078,
    0.25766316056251526,
    0.25554394721984863,
    0.2570270001888275,
    0.2551906704902649,
    0.26416900753974915,
    0.26751846075057983,
    0.26646479964256287,
    0.26461371779441833,
    0.2640852928161621,
    0.26882025599479675,
    0.2565525472164154
  ],
  "total_wall_time_sec": 4.725033208960667
}
