{
  "seed": 4,
  "method": "random",
  "benchmark": "branin",
  "spec_name": "main_v2",
  "regrets": [
    1.0854328870773315,
    1.0854328870773315,
    1.0854328870773315,
    1.0854328870773315,
    1.0854328870773315,
    1.0854328870773315,
    1.0656403303146362,
    1.0656403303146362,
    1.0656403303146362,
    1.0656403303146362,
    1.0656403303146362,
    1.0656403303146362,
    1.0656403303146362,
    1.0656403303146362,
    1.0656403303146362,
    1.0656403303146362,
    1.0656403303146362,
    1.0656403303146362
  ],
  "best_values": [
    -1.4833202362060547,
    -1.4833202362060547,
    -1.4833202362060547,
    -1.4833202362060547,
    -1.4833202362060547,
    -1.4833202362060547,
    -1.4635276794433594,
    -1.4635276794433594,
    -1.4635276794433594,
    -1.4635276794433594,
    -1.4635276794433594,
    -1.4635276794433594,
    -1.4635276794433594,
    -1.4635276794433594,
    -1.4635276794433594,
    -1.4635276794433594,
    -1.4635276794433594,
    -1.4635276794433594
  ],
  "queried_values": [
    -18.87788963317871,
    -285.662353515625,
    -7.2111077308654785,
    -29.759449005126953,
    -5.202320098876953,
    -4.504785537719727,
    -1.4635276794433594,
    -18.570266723632812,
    -7.8689985275268555,
    -2.63425350189209,
    -5.252389430999756,
    -4.5014328956604,
    -4.631075859069824,
    -9.049882888793945,
    -9.872282028198242,
    -4.311110496520996,
    -3.019127368927002,
    -10.224098205566406
  ],
  "actual_gains": [
    -17.394569396972656,
    -284.1790466308594,
    -5.727787494659424,
    -28.2761287689209,
    -3.7189998626708984,
    -3.021465301513672,
    0.019792556762695312,
    -17.106739044189453,
    -6.405470848083496,
    -1.1707258224487305,
    -3.7888617515563965,
    -3.037905216217041,
    -3.167548179626465,
    -7.586355209350586,
    -8.408754348754883,
    -2.8475828170776367,
    -1.5555996894836426,
    -8.760570526123047
  ],
  "proxy_rewards": [
    1.0,
    1.0,
    1.0,
    1.0,
    1.0,
    1.0,
    1.0,
    1.0,
    1.0,
    1.0,
    1.0,
    1.0,
    1.0,
    1.0,
    1.0,
    1.0,
    1.0,
    1.0
  ],
  "proxy_improvements": [
    31.293378829956055,
    52.81510925292969,
    31.968870162963867,
    17.910045623779297,
    6.923827171325684,
    2.117903709411621,
    3.072202444076538,
    8.728376388549805,
    3.8204970359802246,
    -8.902359008789062,
    -1.979998230934143,
    7.01444149017334,
    1.9495092630386353,
    1.5448176860809326,
    -1.1640849113464355,
    1.7932484149932861,
    11.054014205932617,
    1.3498843908309937
  ],
  "floor_reward_flags": [
    0.0,
    0.0,
    0.0,
    0.0,
    0.0,
    0.0,
    0.0,
    0.0,
    0.0,
    0.0,
    0.0,
    0.0,
    0.0,
    0.0,
    0.0,
    0.0,
    0.0,
    0.0
  ],
  "step_reward_std": [
    0.3522097170352936,
    0.0,
    0.3733052611351013,
    0.3168015480041504,
    0.3471754789352417,
    0.3310511112213135,
    0.3722250461578369,
    0.24506717920303345,
    0.37084460258483887,
    0.3342505395412445,
    0.38198328018188477,
    0.3544754981994629,
    0.301159530878067,
    0.3311069905757904,
    0.36293020844459534,
    0.34549641609191895,
    0.31652382016181946,
    0.37802499532699585
  ],
  "step_improvement_std": [
    3.4095442295074463,
    7.105427357601002e-15,
    2.7323834896087646,
    2.6240081787109375,
    3.165250778198242,
    4.302289962768555,
    3.858185052871704,
    1.2059036493301392,
    2.9009087085723877,
    3.4342446327209473,
    4.653444290161133,
    4.843120098114014,
    5.768254280090332,
    1.4709001779556274,
    2.2190380096435547,
    3.293569326400757,
    4.403318881988525,
    3.8582046031951904
  ],
  "same_mask_repeat_std": [
    0.6576144695281982,
    1.3896970748901367,
    4.6414031982421875,
    3.118515729904175,
    6.0177483558654785,
    2.2477786540985107,
    2.40083909034729,
    3.3759562969207764,
    0.5540937781333923,
    0.920298159122467,
    1.63295316696167,
    1.0966702699661255,
    0.791641354560852,
    0.5556070804595947,
    2.115678548812866,
    1.0808144807815552,
    1.203153371810913,
    1.4336049556732178
  ],
  "proxy_actual_gain_corr": -0.746671583834222,
  "surrogate_train_times_sec": [
    0.07713650166988373,
    0.07503412663936615,
    0.08071558177471161,
    0.07792828977108002,
    0.0816112533211708,
    0.07717595994472504,
    0.08201662451028824,
    0.08344712853431702,
    0.08337783068418503,
    0.08386354148387909,
    0.08076354116201401,
    0.084305040538311,
    0.08123383671045303,
    0.07761800289154053,
    0.08506999909877777,
    0.08297616988420486,
    0.08102579414844513,
    0.08402158319950104
  ],
  "gfn_train_times_sec": [
    0.0,
    0.0,
    0.0,
    0.0,
    0.0,
    0.0,
    0.0,
    0.0,
    0.0,
    0.0,
    0.0,
    0.0,
    0.0,
    0.0,
    0.0,
    0.0,
    0.0,
    0.0
  ],
  "proposal_times_sec": [
    0.16959607601165771,
    0.16646979749202728,
    0.17085179686546326,
    0.17027558386325836,
    0.1723707914352417,
    0.16857591271400452,
    0.1716858297586441,
    0.1735435426235199,
    0.1708630472421646,
    0.17609049379825592,
    0.17931509017944336,
    0.17468690872192383,
    0.17234112322330475,
    0.16814349591732025,
    0.17503613233566284,
    0.170695960521698,
    0.17376528680324554,
    0.17308229207992554
  ],
  "iteration_times_sec": [
    0.2577365040779114,
    0.2524374723434448,
    0.26258376240730286,
    0.2590698003768921,
    0.2649865448474884,
    0.25739917159080505,
    0.26447367668151855,
    0.26794755458831787,
    0.2653011381626129,
    0.2715809941291809,
    0.2716812789440155,
    0.2706523835659027,
    0.2644006311893463,
    0.257059246301651,
    0.2714832127094269,
    0.26493558287620544,
    0.2655027210712433,
    0.26781633496284485
  ],
  "total_wall_time_sec": 4.7578673750394955
}
