{
  "summary": {
    "random": {
      "mean_regret": [
        5.089964866638184,
        4.699378967285156,
        4.392457485198975,
        4.265530586242676
      ],
      "std_regret": [
        0.7673013210296631,
        0.37671518325805664,
        0.069793701171875,
        0.05713319778442383
      ],
      "mean_best_value": [
        -5.487852096557617,
        -5.09726619720459,
        -4.790344715118408,
        -4.663417816162109
      ],
      "std_best_value": [
        0.7673013210296631,
        0.37671518325805664,
        0.069793701171875,
        0.05713319778442383
      ],
      "mean_query_value": [
        -10.458970069885254,
        -14.738632202148438,
        -15.692184448242188,
        -5.529707908630371
      ],
      "std_query_value": [
        4.2038164138793945,
        9.264650344848633,
        10.832046508789062,
        0.9234232902526855
      ],
      "final_regret_mean": 4.265530586242676,
      "final_regret_std": 0.05713319778442383,
      "floor_reward_fraction_mean": 0.0,
      "step_reward_std_mean": 0.13810664415359497,
      "same_mask_repeat_std_mean": 0.9235330820083618,
      "total_time_mean_sec": 0.4834830624749884
    },
    "gfn": {
      "mean_regret": [
        5.089964866638184,
        4.699378967285156,
        4.392457485198975,
        4.265530586242676
      ],
      "std_regret": [
        0.7673013210296631,
        0.37671518325805664,
        0.069793701171875,
        0.05713319778442383
      ],
      "mean_best_value": [
        -5.487852096557617,
        -5.09726619720459,
        -4.790344715118408,
        -4.663417816162109
      ],
      "std_best_value": [
        0.7673013210296631,
        0.37671518325805664,
        0.069793701171875,
        0.05713319778442383
      ],
      "mean_query_value": [
        -10.458970069885254,
        -14.738632202148438,
        -11.572896957397461,
        -5.529707908630371
      ],
      "std_query_value": [
        4.2038164138793945,
        9.264650344848633,
        6.712759017944336,
        0.9234232902526855
      ],
      "final_regret_mean": 4.265530586242676,
      "final_regret_std": 0.05713319778442383,
      "floor_reward_fraction_mean": 0.0,
      "step_reward_std_mean": 0.2508845925331116,
      "same_mask_repeat_std_mean": 0.7615429162979126,
      "total_time_mean_sec": 0.46375816699583083
    },
    "tradeoff": {
      "regret_gain_of_gfn": 0.0,
      "slowdown_factor": 0.9592025098497055
    }
  },
  "random_trials": [
    {
      "seed": 0,
      "method": "random",
      "benchmark": "branin",
      "spec_name": "main_v2",
      "regrets": [
        5.857266426086426,
        5.076094150543213,
        4.46225118637085,
        4.208397388458252
      ],
      "best_values": [
        -6.255153656005859,
        -5.4739813804626465,
        -4.860138416290283,
        -4.6062846183776855
      ],
      "queried_values": [
        -6.255153656005859,
        -5.4739813804626465,
        -4.860138416290283,
        -4.6062846183776855
      ],
      "proxy_rewards": [
        1.0,
        1.0,
        1.0,
        1.0
      ],
      "proxy_improvements": [
        -26.27411460876465,
        -21.591466903686523,
        -8.007598876953125,
        -15.69708251953125
      ],
      "floor_reward_flags": [
        0.0,
        0.0,
        0.0,
        0.0
      ],
      "step_reward_std": [
        0.20541943609714508,
        0.33181077241897583,
        0.0,
        0.0
      ],
      "same_mask_repeat_std": [
        0.5047739744186401,
        0.5742526054382324,
        1.3558546304702759,
        1.6399873495101929
      ],
      "surrogate_train_times_sec": [
        0.8352121114730835,
        0.010708125308156013,
        0.011604666709899902,
        0.01080795843154192
      ],
      "gfn_train_times_sec": [
        0.0,
        0.0,
        0.0,
        0.0
      ],
      "proposal_times_sec": [
        0.005090625025331974,
        0.004900207743048668,
        0.004420124925673008,
        0.004457749892026186
      ],
      "iteration_times_sec": [
        0.8428415656089783,
        0.018075665459036827,
        0.018366916105151176,
        0.01766899973154068
      ],
      "total_wall_time_sec": 0.896962916944176
    },
    {
      "seed": 1,
      "method": "random",
      "benchmark": "branin",
      "spec_name": "main_v2",
      "regrets": [
        4.3226637840271,
        4.3226637840271,
        4.3226637840271,
        4.3226637840271
      ],
      "best_values": [
        -4.720551013946533,
        -4.720551013946533,
        -4.720551013946533,
        -4.720551013946533
      ],
      "queried_values": [
        -14.662786483764648,
        -24.00328254699707,
        -26.52423095703125,
        -6.453131198883057
      ],
      "proxy_rewards": [
        1.0,
        1.0,
        1.0,
        1.0
      ],
      "proxy_improvements": [
        -31.321022033691406,
        -20.84406280517578,
        -24.596393585205078,
        -23.708396911621094
      ],
      "floor_reward_flags": [
        0.0,
        0.0,
        0.0,
        0.0
      ],
      "step_reward_std": [
        0.31426969170570374,
        0.0,
        0.0,
        0.2533532679080963
      ],
      "same_mask_repeat_std": [
        0.49389463663101196,
        1.1585392951965332,
        0.5191764831542969,
        1.1417856216430664
      ],
      "surrogate_train_times_sec": [
        0.01068700011819601,
        0.010544290766119957,
        0.01058791670948267,
        0.01026962511241436
      ],
      "gfn_train_times_sec": [
        0.0,
        0.0,
        0.0,
        0.0
      ],
      "proposal_times_sec": [
        0.004655333235859871,
        0.004800458904355764,
        0.004426625091582537,
        0.004568791016936302
      ],
      "iteration_times_sec": [
        0.017695540562272072,
        0.017764167860150337,
        0.017353083938360214,
        0.017184291034936905
      ],
      "total_wall_time_sec": 0.07000320800580084
    }
  ],
  "gfn_trials": [
    {
      "seed": 0,
      "method": "gfn",
      "benchmark": "branin",
      "spec_name": "main_v2",
      "regrets": [
        5.857266426086426,
        5.076094150543213,
        4.46225118637085,
        4.208397388458252
      ],
      "best_values": [
        -6.255153656005859,
        -5.4739813804626465,
        -4.860138416290283,
        -4.6062846183776855
      ],
      "queried_values": [
        -6.255153656005859,
        -5.4739813804626465,
        -4.860138416290283,
        -4.6062846183776855
      ],
      "proxy_rewards": [
        1.0,
        1.0,
        1.0,
        1.0
      ],
      "proxy_improvements": [
        -26.27411460876465,
        -14.291083335876465,
        -14.069653511047363,
        -18.891111373901367
      ],
      "floor_reward_flags": [
        0.0,
        0.0,
        0.0,
        0.0
      ],
      "step_reward_std": [
        0.3199723958969116,
        0.0,
        0.0,
        0.2533532679080963
      ],
      "same_mask_repeat_std": [
        0.5047739744186401,
        1.0227223634719849,
        1.228320598602295,
        1.4331403970718384
      ],
      "surrogate_train_times_sec": [
        0.011246332898736,
        0.0133987907320261,
        0.012473290786147118,
        0.012697916477918625
      ],
      "gfn_train_times_sec": [
        0.08956495672464371,
        0.09313054382801056,
        0.0934242531657219,
        0.0910097062587738
      ],
      "proposal_times_sec": [
        0.10254424810409546,
        0.10714250057935715,
        0.10635079443454742,
        0.10376021265983582
      ],
      "iteration_times_sec": [
        0.11627046018838882,
        0.12315695732831955,
        0.12126808613538742,
        0.11927603930234909
      ],
      "total_wall_time_sec": 0.4799785839859396
    },
    {
      "seed": 1,
      "method": "gfn",
      "benchmark": "branin",
      "spec_name": "main_v2",