{
  "summary": {
    "random": {
      "mean_regret": [
        2.049184799194336,
        1.902785301208496,
        1.902785301208496,
        1.902785301208496
      ],
      "std_regret": [
        0.20999348163604736,
        0.35639309883117676,
        0.35639309883117676,
        0.35639309883117676
      ],
      "mean_best_value": [
        1.2731831073760986,
        1.4195826053619385,
        1.4195826053619385,
        1.4195826053619385
      ],
      "std_best_value": [
        0.20999354124069214,
        0.35639315843582153,
        0.35639315843582153,
        0.35639315843582153
      ],
      "mean_query_value": [
        0.3186618983745575,
        0.9767618775367737,
        0.31954431533813477,
        0.6801369190216064
      ],
      "std_query_value": [
        0.12095002084970474,
        0.7992139458656311,
        0.29693055152893066,
        0.23102140426635742
      ],
      "final_regret_mean": 1.902785301208496,
      "final_regret_std": 0.35639309883117676,
      "floor_reward_fraction_mean": 0.0,
      "step_reward_std_mean": 0.1957520991563797,
      "same_mask_repeat_std_mean": 0.03283213451504707,
      "total_time_mean_sec": 0.08315583399962634
    },
    "gfn": {
      "mean_regret": [
        2.049184799194336,
        2.049184799194336,
        2.049184799194336,
        2.049184799194336
      ],
      "std_regret": [
        0.20999348163604736,
        0.20999348163604736,
        0.20999348163604736,
        0.20999348163604736
      ],
      "mean_best_value": [
        1.2731831073760986,
        1.2731831073760986,
        1.2731831073760986,
        1.2731831073760986
      ],
      "std_best_value": [
        0.20999354124069214,
        0.20999354124069214,
        0.20999354124069214,
        0.20999354124069214
      ],
      "mean_query_value": [
        0.3186618983745575,
        0.32341259717941284,
        0.3094758689403534,
        0.4588541090488434
      ],
      "std_query_value": [
        0.12095002084970474,
        0.08130030333995819,
        0.2868621051311493,
        0.00973859429359436
      ],
      "final_regret_mean": 2.049184799194336,
      "final_regret_std": 0.20999348163604736,
      "floor_reward_fraction_mean": 0.0,
      "step_reward_std_mean": 0.39858004450798035,
      "same_mask_repeat_std_mean": 0.029655661433935165,
      "total_time_mean_sec": 0.6304064994910732
    },
    "tradeoff": {
      "regret_gain_of_gfn": -0.14639949798583984,
      "slowdown_factor": 7.581025517631222
    }
  },
  "random_trials": [
    {
      "seed": 0,
      "method": "random",
      "benchmark": "hartmann6",
      "spec_name": "reward_protocol_zscore_v2",
      "regrets": [
        1.8391914367675781,
        1.5463922023773193,
        1.5463922023773193,
        1.5463922023773193
      ],
      "best_values": [
        1.483176589012146,
        1.7759758234024048,
        1.7759758234024048,
        1.7759758234024048
      ],
      "queried_values": [
        0.43961191177368164,
        1.7759758234024048,
        0.6164748668670654,
        0.9111583232879639
      ],
      "proxy_rewards": [
        0.727567732334137,
        1.1079440116882324,
        0.7257521152496338,
        0.731937825679779
      ],
      "proxy_improvements": [
        -0.7300242185592651,
        -0.7757025361061096,
        -0.8351485133171082,
        -0.9528443217277527
      ],
      "floor_reward_flags": [
        0.0,
        0.0,
        0.0,
        0.0
      ],
      "step_reward_std": [
        1.1102230246251565e-16,
        0.4196278154850006,
        1.1102230246251565e-16,
        1.1102230246251565e-16
      ],
      "same_mask_repeat_std": [
        0.04629436507821083,
        0.02268996648490429,
        0.04290800541639328,
        0.03338514640927315
      ],
      "surrogate_train_times_sec": [
        0.013808666728436947,
        0.012627875432372093,
        0.01253254059702158,
        0.013152999803423882
      ],
      "gfn_train_times_sec": [
        0.0,
        0.0,
        0.0,
        0.0
      ],
      "proposal_times_sec": [
        0.004930125083774328,
        0.005544000305235386,
        0.005177665967494249,
        0.005330666899681091
      ],
      "iteration_times_sec": [
        0.021493583917617798,
        0.02090829238295555,
        0.02045595832169056,
        0.02125583402812481
      ],
      "total_wall_time_sec": 0.08412095904350281
    },
    {
      "seed": 1,
      "method": "random",
      "benchmark": "hartmann6",
      "spec_name": "reward_protocol_zscore_v2",
      "regrets": [
        2.259178400039673,
        2.259178400039673,
        2.259178400039673,
        2.259178400039673
      ],
      "best_values": [
        1.0631895065307617,
        1.0631895065307617,
        1.0631895065307617,
        1.0631895065307617
      ],
      "queried_values": [
        0.19771187007427216,
        0.17754791676998138,
        0.022613750770688057,
        0.449115514755249
      ],
      "proxy_rewards": [
        0.6789365410804749,
        1.0229771137237549,
        1.2024213075637817,
        0.9416153430938721
      ],
      "proxy_improvements": [
        -0.600227952003479,
        -0.5949242115020752,
        -0.6902651786804199,
        -0.6565564274787903
      ],
      "floor_reward_flags": [
        0.0,
        0.0,
        0.0,
        0.0
      ],
      "step_reward_std": [
        1.1102230246251565e-16,
        0.3723674416542053,
        0.4609931707382202,
        0.3130284249782562
      ],
      "same_mask_repeat_std": [
        0.03974520415067673,
        0.05479049310088158,
        0.012282231822609901,
        0.010561673901975155
      ],
      "surrogate_train_times_sec": [
        0.01338225044310093,
        0.012121874839067459,
        0.012697417289018631,
        0.012677041813731194
      ],
      "gfn_train_times_sec": [
        0.0,
        0.0,
        0.0,
        0.0
      ],
      "proposal_times_sec": [
        0.005107208155095577,
        0.005038457922637463,
        0.005421875044703484,
        0.0050355419516563416
      ],
      "iteration_times_sec": [
        0.02118758298456669,
        0.019773874431848526,
        0.020799124613404274,
        0.020423874258995056
      ],
      "total_wall_time_sec": 0.08219070895574987
    }
  ],
  "gfn_trials": [
    {
      "seed": 0,
      "method": "gfn",
      "benchmark": "hartmann6",
      "spec_name": "reward_protocol_zscore_v2",
      "regrets": [
        1.8391914367675781,
        1.8391914367675781,
        1.8391914367675781,
        1.8391914367675781
      ],
      "best_values": [
        1.483176589012146,
        1.483176589012146,
        1.483176589012146,
        1.483176589012146
      ],
      "queried_values": [
        0.43961191177368164,
        0.24211227893829346,
        0.5963379740715027,
        0.46859270334243774
      ],
      "proxy_rewards": [
        1.0098446607589722,
        1.324360728263855,
        1.165244698524475,
        1.5746506452560425
      ],
      "proxy_improvements": [
        -0.7300242185592651,
        -0.8162980079650879,
        -0.9179677367210388,
        -0.8887860774993896
      ],
      "floor_reward_flags": [
        0.0,
        0.0,
        0.0,
        0.0
      ],
      "step_reward_std": [
        0.35699182748794556,
        0.4512290954589844,
        0.382902055978775,
        0.4782049059867859
      ],
      "same_mask_repeat_std": [
        0.051479216665029526,
        0.01773039624094963,
        0.022378476336598396,
        0.014945524744689465
      ],
      "surrogate_train_times_sec": [
        0.013343875296413898,
        0.013068292289972305,
        0.014701750129461288,
        0.013273041695356369
      ],
      "gfn_train_times_sec": [
        0.12563754618167877,
        0.12302816659212112,
        0.12449824810028076,
        0.12317950278520584
      ],