{
  "summary": {
    "random": {
      "mean_regret": [
        19.85475730895996,
        19.85475730895996,
        19.85475730895996,
        19.85475730895996
      ],
      "std_regret": [
        0.5635471343994141,
        0.5635471343994141,
        0.5635471343994141,
        0.5635471343994141
      ],
      "mean_best_value": [
        -19.85475730895996,
        -19.85475730895996,
        -19.85475730895996,
        -19.85475730895996
      ],
      "std_best_value": [
        0.5635471343994141,
        0.5635471343994141,
        0.5635471343994141,
        0.5635471343994141
      ],
      "mean_query_value": [
        -21.575584411621094,
        -21.477188110351562,
        -21.53192710876465,
        -20.551748275756836
      ],
      "std_query_value": [
        0.00165557861328125,
        0.039947509765625,
        0.0010585784912109375,
        0.5239238739013672
      ],
      "final_regret_mean": 19.85475730895996,
      "final_regret_std": 0.5635471343994141,
      "floor_reward_fraction_mean": 0.0,
      "step_reward_std_mean": 0.18595144152641296,
      "same_mask_repeat_std_mean": 0.028260303661227226,
      "total_time_mean_sec": 0.08350416651228443
    },
    "gfn": {
      "mean_regret": [
        19.85475730895996,
        19.85475730895996,
        19.85475730895996,
        19.85475730895996
      ],
      "std_regret": [
        0.5635471343994141,
        0.5635471343994141,
        0.5635471343994141,
        0.5635471343994141
      ],
      "mean_best_value": [
        -19.85475730895996,
        -19.85475730895996,
        -19.85475730895996,
        -19.85475730895996
      ],
      "std_best_value": [
        0.5635471343994141,
        0.5635471343994141,
        0.5635471343994141,
        0.5635471343994141
      ],
      "mean_query_value": [
        -21.575584411621094,
        -21.286439895629883,
        -21.562057495117188,
        -21.070453643798828
      ],
      "std_query_value": [
        0.00165557861328125,
        0.1508007049560547,
        0.029071807861328125,
        0.09111404418945312
      ],
      "final_regret_mean": 19.85475730895996,
      "final_regret_std": 0.5635471343994141,
      "floor_reward_fraction_mean": 0.0,
      "step_reward_std_mean": 0.4055376648902893,
      "same_mask_repeat_std_mean": 0.045061878859996796,
      "total_time_mean_sec": 0.7491720625548624
    },
    "tradeoff": {
      "regret_gain_of_gfn": 0.0,
      "slowdown_factor": 8.97167283796133
    }
  },
  "random_trials": [
    {
      "seed": 0,
      "method": "random",
      "benchmark": "ackley10",
      "spec_name": "reward_protocol_zscore_v2",
      "regrets": [
        19.291210174560547,
        19.291210174560547,
        19.291210174560547,
        19.291210174560547
      ],
      "best_values": [
        -19.291210174560547,
        -19.291210174560547,
        -19.291210174560547,
        -19.291210174560547
      ],
      "queried_values": [
        -21.577239990234375,
        -21.517135620117188,
        -21.530868530273438,
        -20.02782440185547
      ],
      "proxy_rewards": [
        0.7224917411804199,
        1.163166880607605,
        0.9410070776939392,
        1.1735831499099731
      ],
      "proxy_improvements": [
        -0.7528663873672485,
        -1.1915286779403687,
        -1.2859842777252197,
        -1.461421012878418
      ],
      "floor_reward_flags": [
        0.0,
        0.0,
        0.0,
        0.0
      ],
      "step_reward_std": [
        1.1102230246251565e-16,
        0.4252024292945862,
        0.3122634291648865,
        0.343053936958313
      ],
      "same_mask_repeat_std": [
        0.035454828292131424,
        0.044426679611206055,
        0.030662324279546738,
        0.035803619772195816
      ],
      "surrogate_train_times_sec": [
        0.013187541626393795,
        0.01214350014925003,
        0.013628832995891571,
        0.012300875037908554
      ],
      "gfn_train_times_sec": [
        0.0,
        0.0,
        0.0,
        0.0
      ],
      "proposal_times_sec": [
        0.005396083928644657,
        0.005378624889999628,
        0.005564291961491108,
        0.0051890830509364605
      ],
      "iteration_times_sec": [
        0.021281875669956207,
        0.02041679248213768,
        0.022144416347146034,
        0.02039504237473011
      ],
      "total_wall_time_sec": 0.08424512506462634
    },
    {
      "seed": 1,
      "method": "random",
      "benchmark": "ackley10",
      "spec_name": "reward_protocol_zscore_v2",
      "regrets": [
        20.418304443359375,
        20.418304443359375,
        20.418304443359375,
        20.418304443359375
      ],
      "best_values": [
        -20.418304443359375,
        -20.418304443359375,
        -20.418304443359375,
        -20.418304443359375
      ],
      "queried_values": [
        -21.573928833007812,
        -21.437240600585938,
        -21.53298568725586,
        -21.075672149658203
      ],
      "proxy_rewards": [
        0.6969245076179504,
        0.6859329342842102,
        0.6992254257202148,
        1.0949043035507202
      ],
      "proxy_improvements": [
        -0.14003559947013855,
        -0.20190341770648956,
        -0.3399388790130615,
        -0.5663573145866394
      ],
      "floor_reward_flags": [
        0.0,
        0.0,
        0.0,
        0.0
      ],
      "step_reward_std": [
        1.1102230246251565e-16,
        1.1102230246251565e-16,
        1.1102230246251565e-16,
        0.4070916771888733
      ],
      "same_mask_repeat_std": [
        0.03813544660806656,
        0.01904374174773693,
        0.018109526485204697,
        0.004446265287697315
      ],
      "surrogate_train_times_sec": [
        0.012895832769572735,
        0.012936750426888466,
        0.012962457723915577,
        0.011892415583133698
      ],
      "gfn_train_times_sec": [
        0.0,
        0.0,
        0.0,
        0.0
      ],
      "proposal_times_sec": [
        0.005064208060503006,
        0.005367124918848276,
        0.005079458002001047,
        0.005414083134382963
      ],
      "iteration_times_sec": [
        0.020768417045474052,
        0.021157875657081604,
        0.020894624292850494,
        0.01993570849299431
      ],
      "total_wall_time_sec": 0.08276320795994252
    }
  ],
  "gfn_trials": [
    {
      "seed": 0,
      "method": "gfn",
      "benchmark": "ackley10",
      "spec_name": "reward_protocol_zscore_v2",
      "regrets": [
        19.291210174560547,
        19.291210174560547,
        19.291210174560547,
        19.291210174560547
      ],
      "best_values": [
        -19.291210174560547,
        -19.291210174560547,
        -19.291210174560547,
        -19.291210174560547
      ],
      "queried_values": [
        -21.577239990234375,
        -21.135639190673828,
        -21.591129302978516,
        -20.979339599609375
      ],
      "proxy_rewards": [
        0.9416371583938599,
        1.9554295539855957,
        1.532702088356018,
        1.2322361469268799
      ],
      "proxy_improvements": [
        -0.7528663873672485,
        -1.23773992061615,
        -1.274693489074707,
        -1.3655200004577637
      ],
      "floor_reward_flags": [
        0.0,
        0.0,
        0.0,
        0.0
      ],
      "step_reward_std": [
        0.3130439817905426,
        0.5227665901184082,
        0.47258731722831726,
        0.3755591809749603
      ],
      "same_mask_repeat_std": [
        0.05012639984488487,
        0.054396916180849075,
        0.025057891383767128,
        0.0439879484474659
      ],
      "surrogate_train_times_sec": [
        0.012078625150024891,
        0.012524166144430637,
        0.013176875188946724,
        0.013124999590218067
      ],
      "gfn_train_times_sec": [
        0.15050187706947327,
        0.1464376598596573,
        0.15080079436302185,
        0.15464670956134796
      ],