{
  "seed": 1,
  "method": "random",
  "benchmark": "hartmann6",
  "spec_name": "plain_random_v2",
  "regrets": [
    3.133971691131592,
    3.123659133911133,
    3.123659133911133,
    3.123659133911133
  ],
  "best_values": [
    0.1883963644504547,
    0.19870880246162415,
    0.19870880246162415,
    0.19870880246162415
  ],
  "queried_values": [
    0.08590469509363174,
    0.19870880246162415,
    0.07981468737125397,
    0.049035560339689255
  ],
  "actual_gains": [
    -0.10249166935682297,
    0.010312438011169434,
    -0.11889411509037018,
    -0.1496732383966446
  ],
  "proxy_rewards": [
    1.0,
    1.0,
    1.0,
    1.0
  ],
  "proxy_improvements": [
    -0.0782667025923729,
    -0.07765324413776398,
    -0.07355684041976929,
    -0.06369498372077942
  ],
  "floor_reward_flags": [
    0.0,
    0.0,
    0.0,
    0.0
  ],
  "step_reward_std": [
    0.0,
    0.0,
    0.0,
    0.0
  ],
  "step_improvement_std": [
    0.0,
    0.0,
    0.0,
    0.0
  ],
  "same_mask_repeat_std": [
    0.004518335685133934,
    0.002215063665062189,
    0.0074565960094332695,
    0.005874262657016516
  ],
  "proxy_actual_gain_corr": -0.667173841304068,
  "surrogate_train_times_sec": [
    0.01904362440109253,
    0.01702316664159298,
    0.01861250028014183,
    0.018081042915582657
  ],
  "gfn_train_times_sec": [
    0.0,
    0.0,
    0.0,
    0.0
  ],
  "proposal_times_sec": [
    0.0007250419585034251,
    0.0007256249664351344,
    0.0007062089862301946,
    0.0007148339645937085
  ],
  "iteration_times_sec": [
    0.023831292986869812,
    0.021800708025693893,
    0.023497875779867172,
    0.022938916459679604
  ],
  "total_wall_time_sec": 0.09229929104913026
}
