{
  "seed": 4,
  "method": "random",
  "benchmark": "hartmann6",
  "spec_name": "plain_random_v2",
  "regrets": [
    2.397258758544922,
    1.6246315240859985,
    1.6246315240859985,
    1.6246315240859985
  ],
  "best_values": [
    0.9251091480255127,
    1.6977365016937256,
    1.6977365016937256,
    1.6977365016937256
  ],
  "queried_values": [
    0.21227478981018066,
    1.6977365016937256,
    0.20765066146850586,
    0.4580213129520416
  ],
  "actual_gains": [
    -0.712834358215332,
    0.7726273536682129,
    -1.4900858402252197,
    -1.2397152185440063
  ],
  "proxy_rewards": [
    1.0,
    1.0,
    1.0,
    1.0
  ],
  "proxy_improvements": [
    -0.5453099012374878,
    -0.5484491586685181,
    -0.9148080945014954,
    -1.0739959478378296
  ],
  "floor_reward_flags": [
    0.0,
    0.0,
    0.0,
    0.0
  ],
  "step_reward_std": [
    0.0,
    0.0,
    0.0,
    0.0
  ],
  "step_improvement_std": [
    0.0,
    0.0,
    0.0,
    0.0
  ],
  "same_mask_repeat_std": [
    0.0068589989095926285,
    0.016711952164769173,
    0.05860540643334389,
    0.04115283116698265
  ],
  "proxy_actual_gain_corr": 0.7432462811507957,
  "surrogate_train_times_sec": [
    0.018816707655787468,
    0.016799749806523323,
    0.01629737578332424,
    0.01759795844554901
  ],
  "gfn_train_times_sec": [
    0.0,
    0.0,
    0.0,
    0.0
  ],
  "proposal_times_sec": [
    0.0007531249430030584,
    0.000812833895906806,
    0.0007152920588850975,
    0.0008626659400761127
  ],
  "iteration_times_sec": [
    0.02332487516105175,
    0.021581916138529778,
    0.020739957690238953,
    0.022822709754109383
  ],
  "total_wall_time_sec": 0.08869604207575321
}
