{
  "seed": 2,
  "method": "random",
  "benchmark": "hartmann6",
  "spec_name": "plain_random_v2",
  "regrets": [
    2.1701409816741943,
    2.1701409816741943,
    2.1701409816741943,
    2.1701409816741943
  ],
  "best_values": [
    1.1522269248962402,
    1.1522269248962402,
    1.1522269248962402,
    1.1522269248962402
  ],
  "queried_values": [
    0.20788046717643738,
    0.04839041456580162,
    0.636114239692688,
    0.6832835078239441
  ],
  "actual_gains": [
    -0.9443464279174805,
    -1.1038365364074707,
    -0.5161126852035522,
    -0.46894341707229614
  ],
  "proxy_rewards": [
    1.0,
    1.0,
    1.0,
    1.0
  ],
  "proxy_improvements": [
    -0.7699956297874451,
    -0.7794154286384583,
    -0.8728697299957275,
    -0.7454423308372498
  ],
  "floor_reward_flags": [
    0.0,
    0.0,
    0.0,
    0.0
  ],
  "step_reward_std": [
    0.0,
    0.0,
    0.0,
    0.0
  ],
  "step_improvement_std": [
    0.0,
    0.0,
    0.0,
    0.0
  ],
  "same_mask_repeat_std": [
    0.015537540428340435,
    0.018927214667201042,
    0.010936494916677475,
    0.015594899654388428
  ],
  "proxy_actual_gain_corr": -0.27650671356920975,
  "surrogate_train_times_sec": [
    0.02045329287648201,
    0.018794916570186615,
    0.017487291246652603,
    0.017288124188780785
  ],
  "gfn_train_times_sec": [
    0.0,
    0.0,
    0.0,
    0.0
  ],
  "proposal_times_sec": [
    0.0007324159378185868,
    0.0006997920572757721,
    0.0006236250046640635,
    0.0008167079649865627
  ],
  "iteration_times_sec": [
    0.02542829141020775,
    0.023126665502786636,
    0.021647833287715912,
    0.02236616611480713
  ],
  "total_wall_time_sec": 0.0927942079724744
}
