{
  "seed": 3,
  "method": "random",
  "benchmark": "hartmann6",
  "spec_name": "plain_random_v2",
  "regrets": [
    0.805829644203186,
    0.805829644203186,
    0.805829644203186,
    0.805829644203186
  ],
  "best_values": [
    2.516538381576538,
    2.516538381576538,
    2.516538381576538,
    2.516538381576538
  ],
  "queried_values": [
    0.03227539733052254,
    0.13397271931171417,
    0.15901754796504974,
    0.5219504237174988
  ],
  "actual_gains": [
    -2.4842629432678223,
    -2.38256573677063,
    -2.357520818710327,
    -1.9945878982543945
  ],
  "proxy_rewards": [
    1.0,
    1.0,
    1.0,
    1.0
  ],
  "proxy_improvements": [
    -1.6287869215011597,
    -1.8497703075408936,
    -1.87997305393219,
    -1.8459445238113403
  ],
  "floor_reward_flags": [
    0.0,
    0.0,
    0.0,
    0.0
  ],
  "step_reward_std": [
    0.0,
    0.0,
    0.0,
    0.0
  ],
  "step_improvement_std": [
    0.0,
    0.0,
    0.0,
    0.0
  ],
  "same_mask_repeat_std": [
    0.0387784019112587,
    0.03542047739028931,
    0.059412386268377304,
    0.05159308761358261
  ],
  "proxy_actual_gain_corr": -0.4960652767812751,
  "surrogate_train_times_sec": [
    0.018365582451224327,
    0.018285207450389862,
    0.016904707998037338,
    0.015975041314959526
  ],
  "gfn_train_times_sec": [
    0.0,
    0.0,
    0.0,
    0.0
  ],
  "proposal_times_sec": [
    0.0008577079279348254,
    0.0007377909496426582,
    0.0008599170250818133,
    0.0008248330559581518
  ],
  "iteration_times_sec": [
    0.02370270900428295,
    0.023198582231998444,
    0.02168950065970421,
    0.02085287496447563
  ],
  "total_wall_time_sec": 0.08968474995344877
}
