{
  "seed": 0,
  "method": "random",
  "benchmark": "hartmann6",
  "spec_name": "plain_random_v2",
  "regrets": [
    3.045473098754883,
    3.045473098754883,
    3.045473098754883,
    2.7395803928375244
  ],
  "best_values": [
    0.27689501643180847,
    0.27689501643180847,
    0.27689501643180847,
    0.5827875137329102
  ],
  "queried_values": [
    0.03798168525099754,
    0.01888018660247326,
    0.0343392975628376,
    0.5827875137329102
  ],
  "actual_gains": [
    -0.23891332745552063,
    -0.25801482796669006,
    -0.24255572259426117,
    0.3058924973011017
  ],
  "proxy_rewards": [
    1.0,
    1.0,
    1.0,
    1.0
  ],
  "proxy_improvements": [
    -0.13237273693084717,
    -0.1469862461090088,
    -0.16062015295028687,
    -0.16482776403427124
  ],
  "floor_reward_flags": [
    0.0,
    0.0,
    0.0,
    0.0
  ],
  "step_reward_std": [
    0.0,
    0.0,
    0.0,
    0.0
  ],
  "step_improvement_std": [
    0.0,
    0.0,
    0.0,
    0.0
  ],
  "same_mask_repeat_std": [
    0.004390659276396036,
    0.008463176898658276,
    0.003778899321332574,
    0.0023617867846041918
  ],
  "proxy_actual_gain_corr": -0.6137532992349768,
  "surrogate_train_times_sec": [
    0.018953749909996986,
    0.01773187518119812,
    0.017788000404834747,
    0.018567124381661415
  ],
  "gfn_train_times_sec": [
    0.0,
    0.0,
    0.0,
    0.0
  ],
  "proposal_times_sec": [
    0.0006972079863771796,
    0.0007579580415040255,
    0.0006914589321240783,
    0.0008698749588802457
  ],
  "iteration_times_sec": [
    0.023749958723783493,
    0.022852124646306038,
    0.022311624139547348,
    0.02355116605758667
  ],
  "total_wall_time_sec": 0.09268708399031311
}
