{
  "seed": 1,
  "method": "gfn",
  "benchmark": "branin",
  "spec_name": "main_v2",
  "regrets": [
    16.013261795043945,
    16.013261795043945,
    16.013261795043945,
    16.013261795043945,
    15.750863075256348,
    15.750863075256348,
    15.750863075256348,
    15.750863075256348,
    15.394343376159668,
    15.394343376159668,
    15.10984992980957,
    15.10984992980957,
    15.10984992980957,
    15.10984992980957,
    15.10984992980957,
    15.10984992980957,
    15.10984992980957,
    15.10984992980957
  ],
  "best_values": [
    -16.411149978637695,
    -16.411149978637695,
    -16.411149978637695,
    -16.411149978637695,
    -16.14875030517578,
    -16.14875030517578,
    -16.14875030517578,
    -16.14875030517578,
    -15.792230606079102,
    -15.792230606079102,
    -15.507737159729004,
    -15.507737159729004,
    -15.507737159729004,
    -15.507737159729004,
    -15.507737159729004,
    -15.507737159729004,
    -15.507737159729004,
    -15.507737159729004
  ],
  "queried_values": [
    -153.9337158203125,
    -18.56682777404785,
    -18.42797088623047,
    -17.080482482910156,
    -16.14875030517578,
    -17.16368865966797,
    -17.677759170532227,
    -19.126802444458008,
    -15.792230606079102,
    -19.234329223632812,
    -15.507737159729004,
    -17.63878631591797,
    -17.215351104736328,
    -17.233152389526367,
    -18.333881378173828,
    -16.9943904876709,
    -17.717670440673828,
    -17.703115463256836
  ],
  "actual_gains": [
    -137.52256774902344,
    -2.1556777954101562,
    -2.0168209075927734,
    -0.6693325042724609,
    0.26239967346191406,
    -1.0149383544921875,
    -1.5290088653564453,
    -2.9780521392822266,
    0.3565196990966797,
    -3.442098617553711,
    0.28449344635009766,
    -2.131049156188965,
    -1.7076139450073242,
    -1.7254152297973633,
    -2.826144218444824,
    -1.4866533279418945,
    -2.209933280944824,
    -2.195378303527832
  ],
  "proxy_rewards": [
    1.0,
    1.0,
    1.0,
    1.0,
    1.0,
    1.0,
    1.0,
    1.0,
    1.0,
    1.0,
    1.0,
    1.0,
    1.0,
    1.0,
    1.0,
    1.0,
    1.0,
    1.0
  ],
  "proxy_improvements": [
    4.034199237823486,
    -4.140008926391602,
    3.002448320388794,
    0.2081814706325531,
    1.088327169418335,
    -0.9015406966209412,
    0.06634648144245148,
    -2.6697170734405518,
    1.1516495943069458,
    -3.132415533065796,
    -2.404552698135376,
    0.10527698695659637,
    -0.6252814531326294,
    -1.9463257789611816,
    -1.2078840732574463,
    -4.889866352081299,
    3.8976986408233643,
    -1.9008196592330933
  ],
  "floor_reward_flags": [
    0.0,
    0.0,
    0.0,
    0.0,
    0.0,
    0.0,
    0.0,
    0.0,
    0.0,
    0.0,
    0.0,
    0.0,
    0.0,
    0.0,
    0.0,
    0.0,
    0.0,
    0.0
  ],
  "step_reward_std": [
    0.3453938066959381,
    0.29656898975372314,
    0.30271077156066895,
    0.354962557554245,
    0.30321723222732544,
    0.2965881824493408,
    0.28989675641059875,
    0.3714753985404968,
    0.31604284048080444,
    0.30402082204818726,
    0.3101491332054138,
    0.3327934741973877,
    0.3691655099391937,
    0.320258229970932,
    0.3392842710018158,
    0.39007940888404846,
    0.35656481981277466,
    0.3677900731563568
  ],
  "step_improvement_std": [
    5.49881649017334,
    9.851369857788086,
    10.142367362976074,
    7.463773727416992,
    9.485128402709961,
    13.730063438415527,
    14.075820922851562,
    7.017702579498291,
    7.402777194976807,
    10.788280487060547,
    7.394111156463623,
    15.624938011169434,
    9.55494213104248,
    13.043218612670898,
    5.072047233581543,
    6.091468334197998,
    8.623405456542969,
    14.481945991516113
  ],
  "same_mask_repeat_std": [
    0.35074782371520996,
    0.803795576095581,
    0.7489222884178162,
    0.7898222804069519,
    0.7410349249839783,
    0.6797785758972168,
    0.6556897759437561,
    0.9284663200378418,
    0.48200300335884094,
    0.3636009097099304,
    0.4869686961174011,
    0.6584325432777405,
    0.6808568239212036,
    0.874319314956665,
    0.580505907535553,
    0.7656234502792358,
    0.5756130814552307,
    0.6869807243347168
  ],
  "proxy_actual_gain_corr": -0.4422881292943231,
  "surrogate_train_times_sec": [
    0.08215579390525818,
    0.08155124634504318,
    0.07824158668518066,
    0.08014587312936783,
    0.0824192464351654,
    0.07710903882980347,
    0.07951103895902634,
    0.080141082406044,
    0.08451620489358902,
    0.07800683379173279,
    0.08621254563331604,
    0.08448775112628937,
    0.08154254406690598,
    0.08987266570329666,
    0.0771903321146965,
    0.08552462607622147,
    0.0888691246509552,
    0.08595000207424164
  ],
  "gfn_train_times_sec": [
    15.322837829589844,
    14.968180656433105,
    14.825082778930664,
    14.922245979309082,
    14.955018043518066,
    14.945677757263184,
    14.928170204162598,
    15.135329246520996,
    15.023996353149414,
    14.960448265075684,
    14.985487937927246,
    14.897083282470703,
    15.181778907775879,
    14.987685203552246,
    15.050141334533691,
    15.118595123291016,
    15.048139572143555,
    15.123438835144043
  ],
  "proposal_times_sec": [
    15.683115005493164,
    15.309560775756836,
    15.177037239074707,
    15.272228240966797,
    15.300335884094238,
    15.291739463806152,
    15.279273986816406,
    15.480633735656738,
    15.371855735778809,
    15.309717178344727,
    15.333671569824219,
    15.254467964172363,
    15.551148414611816,
    15.345333099365234,
    15.416994094848633,
    15.477086067199707,
    15.397212982177734,
    15.487076759338379
  ],
  "iteration_times_sec": [
    15.776578903198242,
    15.401941299438477,
    15.26638126373291,
    15.363468170166016,
    15.39372444152832,
    15.380084037780762,
    15.369622230529785,
    15.572188377380371,
    15.46732234954834,
    15.399106979370117,
    15.431157112121582,
    15.350329399108887,
    15.644332885742188,
    15.44615650177002,
    15.505788803100586,
    15.574562072753906,
    15.497612953186035,
    15.584729194641113
  ],
  "total_wall_time_sec": 278.42525754205417
}
