{
  "seed": 0,
  "method": "gfn",
  "benchmark": "branin",
  "spec_name": "main_v2",
  "regrets": [
    8.37325668334961,
    8.361400604248047,
    5.609921455383301,
    5.609921455383301,
    5.609921455383301,
    5.609921455383301,
    5.545919418334961,
    5.468512535095215,
    5.468512535095215,
    3.626729726791382,
    3.626729726791382,
    3.626729726791382,
    3.626729726791382,
    3.626729726791382,
    3.626729726791382,
    3.626729726791382,
    3.626729726791382,
    3.626729726791382
  ],
  "best_values": [
    -8.771143913269043,
    -8.75928783416748,
    -6.007808685302734,
    -6.007808685302734,
    -6.007808685302734,
    -6.007808685302734,
    -5.9438066482543945,
    -5.866399765014648,
    -5.866399765014648,
    -4.0246171951293945,
    -4.0246171951293945,
    -4.0246171951293945,
    -4.0246171951293945,
    -4.0246171951293945,
    -4.0246171951293945,
    -4.0246171951293945,
    -4.0246171951293945,
    -4.0246171951293945
  ],
  "queried_values": [
    -8.771143913269043,
    -8.75928783416748,
    -6.007808685302734,
    -284.993408203125,
    -7.44774055480957,
    -7.757182598114014,
    -5.9438066482543945,
    -5.866399765014648,
    -16.496685028076172,
    -4.0246171951293945,
    -9.46499252319336,
    -8.992372512817383,
    -8.67809772491455,
    -5.760127544403076,
    -7.198385715484619,
    -5.950738430023193,
    -10.791786193847656,
    -5.655049800872803
  ],
  "actual_gains": [
    7.027473449707031,
    0.0118560791015625,
    2.751479148864746,
    -278.985595703125,
    -1.439931869506836,
    -1.7493739128112793,
    0.06400203704833984,
    0.0774068832397461,
    -10.630285263061523,
    1.841782569885254,
    -5.440375328063965,
    -4.967755317687988,
    -4.653480529785156,
    -1.7355103492736816,
    -3.1737685203552246,
    -1.9261212348937988,
    -6.767168998718262,
    -1.6304326057434082
  ],
  "proxy_rewards": [
    1.0,
    1.0,
    1.0,
    1.0,
    1.0,
    1.0,
    1.0,
    1.0,
    1.0,
    1.0,
    1.0,
    1.0,
    1.0,
    1.0,
    1.0,
    1.0,
    1.0,
    1.0
  ],
  "proxy_improvements": [
    10.20878791809082,
    11.8900785446167,
    8.00292682647705,
    5.722835540771484,
    3.64076566696167,
    4.297479629516602,
    5.761153697967529,
    3.908721446990967,
    2.278102397918701,
    10.07638931274414,
    4.389132976531982,
    -3.6981008052825928,
    3.610792636871338,
    -1.685331106185913,
    6.94035530090332,
    -3.743765354156494,
    0.20796699821949005,
    3.3886992931365967
  ],
  "floor_reward_flags": [
    0.0,
    0.0,
    0.0,
    0.0,
    0.0,
    0.0,
    0.0,
    0.0,
    0.0,
    0.0,
    0.0,
    0.0,
    0.0,
    0.0,
    0.0,
    0.0,
    0.0,
    0.0
  ],
  "step_reward_std": [
    0.3823811709880829,
    0.369617760181427,
    0.36595413088798523,
    0.3089204728603363,
    0.3085181713104248,
    0.3194243907928467,
    0.29268407821655273,
    0.31856587529182434,
    0.35800108313560486,
    0.31409791111946106,
    0.36174464225769043,
    0.36460450291633606,
    0.3189314901828766,
    0.31996268033981323,
    0.2745334506034851,
    0.3178897202014923,
    0.35349342226982117,
    0.3064739406108856
  ],
  "step_improvement_std": [
    6.220202445983887,
    6.6878275871276855,
    7.138108730316162,
    3.0456840991973877,
    20.219072341918945,
    17.817279815673828,
    16.833751678466797,
    15.950240135192871,
    9.844533920288086,
    5.463935852050781,
    11.836546897888184,
    15.90101146697998,
    17.64029312133789,
    4.929384231567383,
    9.499981880187988,
    8.961165428161621,
    10.70261287689209,
    6.1419854164123535
  ],
  "same_mask_repeat_std": [
    1.1612732410430908,
    1.3566220998764038,
    0.8885130286216736,
    0.4504799246788025,
    0.9033734202384949,
    2.001410961151123,
    1.1712415218353271,
    2.0705573558807373,
    1.6507004499435425,
    2.0620994567871094,
    2.5122270584106445,
    1.565612554550171,
    1.0427520275115967,
    0.7036471962928772,
    1.4411613941192627,
    1.0315231084823608,
    1.9490891695022583,
    2.7277472019195557
  ],
  "proxy_actual_gain_corr": -0.05264509429773014,
  "surrogate_train_times_sec": [
    0.0759437084197998,
    0.08421541750431061,
    0.08286058157682419,
    0.07732337713241577,
    0.08320170640945435,
    0.08114095777273178,
    0.08074433356523514,
    0.08264045417308807,
    0.08368849754333496,
    0.0838819146156311,
    0.08137791603803635,
    0.08361729234457016,
    0.08359329402446747,
    0.07819362729787827,
    0.0868663340806961,
    0.0833354964852333,
    0.07899737358093262,
    0.08495250344276428
  ],
  "gfn_train_times_sec": [
    14.749988555908203,
    14.988690376281738,
    14.945037841796875,
    15.065134048461914,
    15.097224235534668,
    15.208635330200195,
    15.081742286682129,
    15.068791389465332,
    15.082402229309082,
    14.997079849243164,
    15.136809349060059,
    15.338336944580078,
    15.169951438903809,
    14.989119529724121,
    14.9917573928833,
    15.025388717651367,
    15.106199264526367,
    15.292037963867188
  ],
  "proposal_times_sec": [
    15.09602165222168,
    15.342110633850098,
    15.292022705078125,
    15.40930461883545,
    15.451468467712402,
    15.57342529296875,
    15.446215629577637,
    15.42892074584961,
    15.434393882751465,
    15.349019050598145,
    15.49284839630127,
    15.701362609863281,
    15.517789840698242,
    15.344687461853027,
    15.345439910888672,
    15.369107246398926,
    15.468916893005371,
    15.655499458312988
  ],
  "iteration_times_sec": [
    15.18355655670166,
    15.437439918518066,
    15.385491371154785,
    15.498051643371582,
    15.54574966430664,
    15.666086196899414,
    15.538714408874512,
    15.522662162780762,
    15.529552459716797,
    15.444589614868164,
    15.585970878601074,
    15.796977043151855,
    15.612330436706543,
    15.43442153930664,
    15.443740844726562,
    15.46323299407959,
    15.559752464294434,
    15.752206802368164
  ],
  "total_wall_time_sec": 279.40072937496006
}
