{
  "seed": 2,
  "method": "random",
  "benchmark": "branin",
  "spec_name": "main_v2",
  "regrets": [
    5.878564357757568,
    5.878564357757568,
    5.685672760009766,
    5.685672760009766,
    5.685672760009766,
    5.685672760009766,
    5.685672760009766,
    5.685672760009766,
    5.685672760009766,
    5.685672760009766,
    5.685672760009766,
    5.685672760009766,
    5.685672760009766,
    4.623845100402832,
    4.623845100402832,
    4.623845100402832,
    4.623845100402832,
    4.623845100402832
  ],
  "best_values": [
    -6.276451587677002,
    -6.276451587677002,
    -6.083559989929199,
    -6.083559989929199,
    -6.083559989929199,
    -6.083559989929199,
    -6.083559989929199,
    -6.083559989929199,
    -6.083559989929199,
    -6.083559989929199,
    -6.083559989929199,
    -6.083559989929199,
    -6.083559989929199,
    -5.021732330322266,
    -5.021732330322266,
    -5.021732330322266,
    -5.021732330322266,
    -5.021732330322266
  ],
  "queried_values": [
    -6.276451587677002,
    -16.632688522338867,
    -6.083559989929199,
    -50.787742614746094,
    -8.962176322937012,
    -8.782432556152344,
    -6.39460563659668,
    -11.125958442687988,
    -8.671306610107422,
    -19.824066162109375,
    -9.997638702392578,
    -8.453006744384766,
    -6.36319637298584,
    -5.021732330322266,
    -184.8308868408203,
    -6.072058200836182,
    -17.855785369873047,
    -7.135411739349365
  ],
  "actual_gains": [
    14.886539459228516,
    -10.356237411499023,
    0.19289159774780273,
    -44.70418167114258,
    -2.8786163330078125,
    -2.6988725662231445,
    -0.31104564666748047,
    -5.042398452758789,
    -2.5877466201782227,
    -13.740506172180176,
    -3.914078712463379,
    -2.3694467544555664,
    -0.2796363830566406,
    1.0618276596069336,
    -179.8091583251953,
    -1.050325870513916,
    -12.834053039550781,
    -2.1136794090270996
  ],
  "proxy_rewards": [
    1.0,
    1.0,
    1.0,
    1.0,
    1.0,
    1.0,
    1.0,
    1.0,
    1.0,
    1.0,
    1.0,
    1.0,
    1.0,
    1.0,
    1.0,
    1.0,
    1.0,
    1.0
  ],
  "proxy_improvements": [
    23.305387496948242,
    -4.1058349609375,
    -7.476776123046875,
    -1.1014984846115112,
    -3.7121336460113525,
    0.027815531939268112,
    1.795150637626648,
    2.5541558265686035,
    -2.2818167209625244,
    -0.1670132577419281,
    -1.6160047054290771,
    -1.6447653770446777,
    -4.294090270996094,
    -4.575434684753418,
    4.953587532043457,
    6.6727614402771,
    -1.028551459312439,
    -4.288151741027832
  ],
  "floor_reward_flags": [
    0.0,
    0.0,
    0.0,
    0.0,
    0.0,
    0.0,
    0.0,
    0.0,
    0.0,
    0.0,
    0.0,
    0.0,
    0.0,
    0.0,
    0.0,
    0.0,
    0.0,
    0.0
  ],
  "step_reward_std": [
    0.351522833108902,
    0.3741450309753418,
    0.3669985234737396,
    0.3651996850967407,
    0.32541200518608093,
    0.30146875977516174,
    0.2307821810245514,
    0.36273205280303955,
    0.2736561596393585,
    0.2971687912940979,
    0.32404088973999023,
    0.3652445673942566,
    0.23075279593467712,
    0.13985058665275574,
    0.3288819491863251,
    0.27895495295524597,
    0.329939603805542,
    0.10047151148319244
  ],
  "step_improvement_std": [
    0.5711559653282166,
    0.9206408858299255,
    0.46297308802604675,
    0.4801216721534729,
    0.8004804253578186,
    0.008138803765177727,
    0.31792640686035156,
    0.8756139278411865,
    0.6520794630050659,
    0.3626965582370758,
    0.11692643165588379,
    0.712117075920105,
    0.3969337046146393,
    0.04840000346302986,
    0.5977085828781128,
    0.167229562997818,
    0.5785815715789795,
    0.0950368270277977
  ],
  "same_mask_repeat_std": [
    1.0533034801483154,
    1.169758677482605,
    1.2913087606430054,
    0.8604400753974915,
    0.6715579032897949,
    1.4732121229171753,
    0.8935809135437012,
    1.4600448608398438,
    0.8025803565979004,
    0.6003918647766113,
    1.2352315187454224,
    0.44785284996032715,
    0.7154503464698792,
    0.35366225242614746,
    0.9220601916313171,
    0.9833797216415405,
    0.7614060640335083,
    0.92537522315979
  ],
  "proxy_actual_gain_corr": -0.07750016982385388,
  "surrogate_train_times_sec": [
    0.07707662135362625,
    0.0750068724155426,
    0.08248470723628998,
    0.08331941813230515,
    0.0815562903881073,
    0.08223795890808105,
    0.08090437203645706,
    0.0832153782248497,
    0.08467904478311539,
    0.0843152105808258,
    0.08341825008392334,
    0.08360528945922852,
    0.08507158607244492,
    0.08488662540912628,
    0.07856400310993195,
    0.07795262336730957,
    0.08471516519784927,
    0.08395058661699295
  ],
  "gfn_train_times_sec": [
    0.0,
    0.0,
    0.0,
    0.0,
    0.0,
    0.0,
    0.0,
    0.0,
    0.0,
    0.0,
    0.0,
    0.0,
    0.0,
    0.0,
    0.0,
    0.0,
    0.0,
    0.0
  ],
  "proposal_times_sec": [
    0.16461071372032166,
    0.1647610068321228,
    0.17315620183944702,
    0.17201583087444305,
    0.17245708405971527,
    0.16707925498485565,
    0.16754987835884094,
    0.1721906214952469,
    0.17200258374214172,
    0.17166870832443237,
    0.17161662876605988,
    0.16929149627685547,
    0.1714872121810913,
    0.1713603287935257,
    0.16774395108222961,
    0.16443483531475067,
    0.17053262889385223,
    0.16974425315856934
  ],
  "iteration_times_sec": [
    0.25257304310798645,
    0.2507990896701813,
    0.2665660083293915,
    0.26667121052742004,
    0.2649819850921631,
    0.25977399945259094,
    0.2593570053577423,
    0.2667568325996399,
    0.26790013909339905,
    0.2668927013874054,
    0.2664184272289276,
    0.2639985680580139,
    0.26770904660224915,
    0.26746463775634766,
    0.2570516765117645,
    0.25358930230140686,
    0.2662273645401001,
    0.2646133601665497
  ],
  "total_wall_time_sec": 4.729477541986853
}
