{
  "seed": 4,
  "method": "random",
  "benchmark": "branin",
  "spec_name": "main_v2",
  "regrets": [
    4.048483848571777,
    4.048483848571777,
    4.048483848571777,
    4.048483848571777,
    4.048483848571777,
    4.048483848571777,
    4.048483848571777,
    4.048483848571777,
    4.048483848571777,
    4.048483848571777,
    4.048483848571777,
    4.048483848571777,
    4.048483848571777,
    4.048483848571777,
    4.048483848571777,
    4.048483848571777,
    4.048483848571777,
    4.048483848571777
  ],
  "best_values": [
    -4.446371078491211,
    -4.446371078491211,
    -4.446371078491211,
    -4.446371078491211,
    -4.446371078491211,
    -4.446371078491211,
    -4.446371078491211,
    -4.446371078491211,
    -4.446371078491211,
    -4.446371078491211,
    -4.446371078491211,
    -4.446371078491211,
    -4.446371078491211,
    -4.446371078491211,
    -4.446371078491211,
    -4.446371078491211,
    -4.446371078491211,
    -4.446371078491211
  ],
  "queried_values": [
    -187.76295471191406,
    -140.7820281982422,
    -17.24872398376465,
    -21.154571533203125,
    -5.812474250793457,
    -7.7653656005859375,
    -19.597412109375,
    -16.04821014404297,
    -13.807476043701172,
    -4.972146511077881,
    -19.69772720336914,
    -41.753662109375,
    -6.183627128601074,
    -19.811283111572266,
    -6.8166656494140625,
    -5.781842231750488,
    -8.180801391601562,
    -5.043262004852295
  ],
  "actual_gains": [
    -183.31658935546875,
    -136.33566284179688,
    -12.802352905273438,
    -16.708200454711914,
    -1.366103172302246,
    -3.3189945220947266,
    -15.151041030883789,
    -11.601839065551758,
    -9.361104965209961,
    -0.5257754325866699,
    -15.25135612487793,
    -37.307289123535156,
    -1.7372560501098633,
    -15.364912033081055,
    -2.3702945709228516,
    -1.3354711532592773,
    -3.7344303131103516,
    -0.596890926361084
  ],
  "proxy_rewards": [
    1.0,
    1.0,
    1.0,
    1.0,
    1.0,
    1.0,
    1.0,
    1.0,
    1.0,
    1.0,
    1.0,
    1.0,
    1.0,
    1.0,
    1.0,
    1.0,
    1.0,
    1.0
  ],
  "proxy_improvements": [
    1.0576369762420654,
    58.60220718383789,
    4.823022842407227,
    18.939489364624023,
    2.5958452224731445,
    1.7827210426330566,
    0.5830085873603821,
    -0.72398841381073,
    1.7506234645843506,
    -2.5992281436920166,
    -4.286943435668945,
    -3.6663849353790283,
    0.5309836268424988,
    -0.7989562153816223,
    -2.4754843711853027,
    -2.5043723583221436,
    -7.857283592224121,
    0.6818363666534424
  ],
  "floor_reward_flags": [
    0.0,
    0.0,
    0.0,
    0.0,
    0.0,
    0.0,
    0.0,
    0.0,
    0.0,
    0.0,
    0.0,
    0.0,
    0.0,
    0.0,
    0.0,
    0.0,
    0.0,
    0.0
  ],
  "step_reward_std": [
    0.2998247444629669,
    0.2476910948753357,
    0.3642100989818573,
    0.3760451674461365,
    0.3309776782989502,
    0.3796398639678955,
    0.3420192301273346,
    0.266911119222641,
    0.36314406991004944,
    0.3546798527240753,
    0.3383690416812897,
    0.31538546085357666,
    0.330491840839386,
    0.362443208694458,
    0.3794858753681183,
    0.3436928391456604,
    0.3561572730541229,
    0.25665798783302307
  ],
  "step_improvement_std": [
    0.06693234294652939,
    2.12786602973938,
    1.9148792028427124,
    4.836136341094971,
    3.880218982696533,
    2.209317445755005,
    1.572486400604248,
    1.7402980327606201,
    1.4687294960021973,
    2.926999807357788,
    2.634657859802246,
    0.6981104612350464,
    3.3719468116760254,
    2.2336487770080566,
    2.494462251663208,
    3.1941585540771484,
    1.8740222454071045,
    2.855747938156128
  ],
  "same_mask_repeat_std": [
    0.08542966097593307,
    3.995819568634033,
    0.6764458417892456,
    1.8164430856704712,
    0.522905170917511,
    1.310302734375,
    0.9430583119392395,
    1.5890271663665771,
    1.100315809249878,
    2.6693687438964844,
    2.881944179534912,
    0.9672167301177979,
    1.0843678712844849,
    0.3495739698410034,
    0.46339815855026245,
    1.0063382387161255,
    0.8841347694396973,
    1.2094861268997192
  ],
  "proxy_actual_gain_corr": -0.5249672416111874,
  "surrogate_train_times_sec": [
    0.07728628814220428,
    0.07507183402776718,
    0.07529833167791367,
    0.07451287657022476,
    0.08353641629219055,
    0.0834079161286354,
    0.08391375094652176,
    0.08427949994802475,
    0.07753216475248337,
    0.07977917045354843,
    0.07991625368595123,
    0.08231516927480698,
    0.08133162558078766,
    0.08168458193540573,
    0.08355128765106201,
    0.07635675370693207,
    0.08319845795631409,
    0.08132362365722656
  ],
  "gfn_train_times_sec": [
    0.0,
    0.0,
    0.0,
    0.0,
    0.0,
    0.0,
    0.0,
    0.0,
    0.0,
    0.0,
    0.0,
    0.0,
    0.0,
    0.0,
    0.0,
    0.0,
    0.0,
    0.0
  ],
  "proposal_times_sec": [
    0.1658010482788086,
    0.17559029161930084,
    0.16471712291240692,
    0.1661095768213272,
    0.1700693815946579,
    0.16981329023838043,
    0.18226616084575653,
    0.16882920265197754,
    0.16307908296585083,
    0.16857929527759552,
    0.17197899520397186,
    0.16923470795154572,
    0.170736163854599,
    0.16947899758815765,
    0.17032024264335632,
    0.1651279181241989,
    0.17055054008960724,
    0.17253275215625763
  ],
  "iteration_times_sec": [
    0.25395750999450684,
    0.26397940516471863,
    0.2512173652648926,
    0.2521367073059082,
    0.2645440399646759,
    0.2640998363494873,
    0.2786613702774048,
    0.2639176547527313,
    0.2513686716556549,
    0.2592279314994812,
    0.26302140951156616,
    0.2627001702785492,
    0.2629532516002655,
    0.262111634016037,
    0.2652195692062378,
    0.2526739239692688,
    0.264747679233551,
    0.26459792256355286
  ],
  "total_wall_time_sec": 4.701272667036392
}
