{
  "seed": 3,
  "method": "random",
  "benchmark": "branin",
  "spec_name": "main_v2",
  "regrets": [
    1.7931064367294312,
    1.7931064367294312,
    1.7931064367294312,
    1.7931064367294312,
    1.7931064367294312,
    1.7931064367294312,
    1.7931064367294312,
    1.7931064367294312,
    1.7931064367294312,
    1.7931064367294312,
    1.7931064367294312,
    1.7931064367294312,
    1.7931064367294312,
    1.7931064367294312,
    1.7931064367294312,
    1.7931064367294312,
    1.7931064367294312,
    1.7931064367294312
  ],
  "best_values": [
    -2.1909937858581543,
    -2.1909937858581543,
    -2.1909937858581543,
    -2.1909937858581543,
    -2.1909937858581543,
    -2.1909937858581543,
    -2.1909937858581543,
    -2.1909937858581543,
    -2.1909937858581543,
    -2.1909937858581543,
    -2.1909937858581543,
    -2.1909937858581543,
    -2.1909937858581543,
    -2.1909937858581543,
    -2.1909937858581543,
    -2.1909937858581543,
    -2.1909937858581543,
    -2.1909937858581543
  ],
  "queried_values": [
    -15.745548248291016,
    -8.315268516540527,
    -9.428990364074707,
    -6.994570732116699,
    -18.06414031982422,
    -7.40001916885376,
    -6.178786277770996,
    -9.196764945983887,
    -9.663982391357422,
    -5.50970458984375,
    -7.863834857940674,
    -7.798101902008057,
    -7.0086774826049805,
    -10.399027824401855,
    -7.381010055541992,
    -5.523725986480713,
    -9.58972454071045,
    -9.683198928833008
  ],
  "actual_gains": [
    -13.554553985595703,
    -6.124274730682373,
    -7.237996578216553,
    -4.803576946258545,
    -15.873146057128906,
    -5.2090253829956055,
    -3.987792491912842,
    -7.005771160125732,
    -7.472988605499268,
    -3.3187108039855957,
    -5.6728410720825195,
    -5.607108116149902,
    -4.817683696746826,
    -8.20803451538086,
    -5.190016269683838,
    -3.3327322006225586,
    -7.398730754852295,
    -7.4922051429748535
  ],
  "proxy_rewards": [
    1.0,
    1.0,
    1.0,
    1.0,
    1.0,
    1.0,
    1.0,
    1.0,
    1.0,
    1.0,
    1.0,
    1.0,
    1.0,
    1.0,
    1.0,
    1.0,
    1.0,
    1.0
  ],
  "proxy_improvements": [
    29.62151336669922,
    15.750475883483887,
    8.735113143920898,
    1.6803760528564453,
    0.6891553401947021,
    0.3048684597015381,
    1.6531208753585815,
    -3.7309303283691406,
    -0.7991921901702881,
    1.58699369430542,
    -1.1265056133270264,
    -1.1450374126434326,
    -0.6233052015304565,
    0.31471630930900574,
    -4.760288238525391,
    -4.479676246643066,
    -3.633118152618408,
    -5.202617168426514
  ],
  "floor_reward_flags": [
    0.0,
    0.0,
    0.0,
    0.0,
    0.0,
    0.0,
    0.0,
    0.0,
    0.0,
    0.0,
    0.0,
    0.0,
    0.0,
    0.0,
    0.0,
    0.0,
    0.0,
    0.0
  ],
  "step_reward_std": [
    0.10047151148319244,
    0.24535194039344788,
    0.19412177801132202,
    0.32772645354270935,
    0.365079402923584,
    0.3523169457912445,
    0.23075279593467712,
    0.3447677791118622,
    0.3428952395915985,
    0.2874636948108673,
    0.3160315454006195,
    0.2316061556339264,
    0.36079102754592896,
    0.3171288073062897,
    0.33737272024154663,
    0.24962331354618073,
    0.3058343827724457,
    0.32296767830848694
  ],
  "step_improvement_std": [
    2.0732369422912598,
    4.335636138916016,
    2.1378297805786133,
    0.989268958568573,
    0.8462022542953491,
    0.6332012414932251,
    1.377681851387024,
    0.6633425354957581,
    2.2690093517303467,
    1.8271615505218506,
    0.4382242262363434,
    1.389717698097229,
    1.6129002571105957,
    1.0619044303894043,
    0.49584364891052246,
    0.5366978645324707,
    1.0843396186828613,
    0.8657873272895813
  ],
  "same_mask_repeat_std": [
    1.0825772285461426,
    1.232822060585022,
    1.667906641960144,
    0.7659751772880554,
    1.3655054569244385,
    0.9041019678115845,
    0.6788616180419922,
    1.2367630004882812,
    0.9477341771125793,
    0.9215797185897827,
    1.454985499382019,
    0.6826014518737793,
    0.4628291726112366,
    1.2023646831512451,
    0.8282167315483093,
    0.9280155301094055,
    1.048583984375,
    0.42487433552742004
  ],
  "proxy_actual_gain_corr": -0.43599944965710846,
  "surrogate_train_times_sec": [
    0.07664037495851517,
    0.07470928877592087,
    0.08037800341844559,
    0.07860124856233597,
    0.08417758345603943,
    0.08379458636045456,
    0.08006495982408524,
    0.07587554305791855,
    0.0834018737077713,
    0.08248849958181381,
    0.07734837383031845,
    0.07562687247991562,
    0.08427616953849792,
    0.07822708040475845,
    0.07808099687099457,
    0.07767845690250397,
    0.08205000311136246,
    0.08409033715724945
  ],
  "gfn_train_times_sec": [
    0.0,
    0.0,
    0.0,
    0.0,
    0.0,
    0.0,
    0.0,
    0.0,
    0.0,
    0.0,
    0.0,
    0.0,
    0.0,
    0.0,
    0.0,
    0.0,
    0.0,
    0.0
  ],
  "proposal_times_sec": [
    0.16706232726573944,
    0.16453170776367188,
    0.17017541825771332,
    0.1689363270998001,
    0.17080891132354736,
    0.17040017247200012,
    0.1662587970495224,
    0.16982416808605194,
    0.1704571694135666,
    0.17100149393081665,
    0.16526679694652557,
    0.17045433819293976,
    0.16733479499816895,
    0.16815045475959778,
    0.16432678699493408,
    0.1647060066461563,
    0.1698562055826187,
    0.16974741220474243
  ],
  "iteration_times_sec": [
    0.25443458557128906,
    0.2502208650112152,
    0.2612625062465668,
    0.25863704085350037,
    0.26600828766822815,
    0.26588496565818787,
    0.2571752965450287,
    0.2568814158439636,
    0.2648612856864929,
    0.26388224959373474,
    0.2532530426979065,
    0.2573622465133667,
    0.2627859115600586,
    0.2574547231197357,
    0.253133088350296,
    0.2532382011413574,
    0.26300352811813354,
    0.26470038294792175
  ],
  "total_wall_time_sec": 4.664313749992289
}
