{
  "seed": 0,
  "method": "random",
  "benchmark": "branin",
  "spec_name": "main_v2",
  "regrets": [
    8.37325668334961,
    8.361400604248047,
    5.609921455383301,
    5.609921455383301,
    5.609921455383301,
    5.609921455383301,
    5.609921455383301,
    5.609921455383301,
    5.609921455383301,
    5.609921455383301,
    3.3588783740997314,
    3.3588783740997314,
    3.3588783740997314,
    3.3588783740997314,
    3.3588783740997314,
    3.3588783740997314,
    3.3588783740997314,
    3.3588783740997314
  ],
  "best_values": [
    -8.771143913269043,
    -8.75928783416748,
    -6.007808685302734,
    -6.007808685302734,
    -6.007808685302734,
    -6.007808685302734,
    -6.007808685302734,
    -6.007808685302734,
    -6.007808685302734,
    -6.007808685302734,
    -3.756765842437744,
    -3.756765842437744,
    -3.756765842437744,
    -3.756765842437744,
    -3.756765842437744,
    -3.756765842437744,
    -3.756765842437744,
    -3.756765842437744
  ],
  "queried_values": [
    -8.771143913269043,
    -8.75928783416748,
    -6.007808685302734,
    -7.846645832061768,
    -7.44774055480957,
    -7.0041823387146,
    -6.161892414093018,
    -8.245328903198242,
    -276.88177490234375,
    -14.769540786743164,
    -3.756765842437744,
    -8.992372512817383,
    -6.37155294418335,
    -7.138977527618408,
    -7.198385715484619,
    -5.950738430023193,
    -10.791786193847656,
    -8.715400695800781
  ],
  "actual_gains": [
    7.027473449707031,
    0.0118560791015625,
    2.751479148864746,
    -1.8388371467590332,
    -1.439931869506836,
    -0.9963736534118652,
    -0.1540837287902832,
    -2.237520217895508,
    -270.87396240234375,
    -8.76173210144043,
    2.2510428428649902,
    -5.235606670379639,
    -2.6147871017456055,
    -3.382211685180664,
    -3.441619873046875,
    -2.193972587585449,
    -7.035020351409912,
    -4.958634853363037
  ],
  "proxy_rewards": [
    1.0,
    1.0,
    1.0,
    1.0,
    1.0,
    1.0,
    1.0,
    1.0,
    1.0,
    1.0,
    1.0,
    1.0,
    1.0,
    1.0,
    1.0,
    1.0,
    1.0,
    1.0
  ],
  "proxy_improvements": [
    10.20878791809082,
    7.638719081878662,
    4.553102970123291,
    1.322448968887329,
    -0.04276561737060547,
    11.282676696777344,
    1.451740026473999,
    1.7812665700912476,
    1.9331908226013184,
    4.494823932647705,
    6.58854866027832,
    -7.007080554962158,
    -3.119642496109009,
    -3.488321304321289,
    0.437364399433136,
    0.197818323969841,
    8.226629257202148,
    -5.4856367111206055
  ],
  "floor_reward_flags": [
    0.0,
    0.0,
    0.0,
    0.0,
    0.0,
    0.0,
    0.0,
    0.0,
    0.0,
    0.0,
    0.0,
    0.0,
    0.0,
    0.0,
    0.0,
    0.0,
    0.0,
    0.0
  ],
  "step_reward_std": [
    0.1685553640127182,
    0.21247617900371552,
    0.2710924446582794,
    0.35746634006500244,
    0.34518709778785706,
    0.360469251871109,
    0.3575793504714966,
    0.3627221882343292,
    0.23159436881542206,
    0.2602514922618866,
    0.3138560950756073,
    0.34097012877464294,
    0.3667961061000824,
    0.3287874162197113,
    0.31401270627975464,
    0.36399534344673157,
    0.3071622848510742,
    0.3561643958091736
  ],
  "step_improvement_std": [
    0.01721729338169098,
    2.722555160522461,
    2.318782329559326,
    1.0830575227737427,
    1.6812288761138916,
    1.640230417251587,
    1.4347559213638306,
    2.6247711181640625,
    0.144285649061203,
    0.7820407152175903,
    0.14729273319244385,
    2.05485463142395,
    0.9248517751693726,
    2.544419527053833,
    2.264911651611328,
    2.1122798919677734,
    2.789625644683838,
    2.9727697372436523
  ],
  "same_mask_repeat_std": [
    1.1612732410430908,
    1.432232141494751,
    0.883683979511261,
    0.3729283809661865,
    0.7572967410087585,
    0.6065310835838318,
    0.4997984766960144,
    0.7382286190986633,
    0.5236770510673523,
    2.7508022785186768,
    0.9601463675498962,
    1.5422419309616089,
    0.9330003261566162,
    0.8186658620834351,
    0.4135620892047882,
    0.9373568296432495,
    1.5846015214920044,
    1.998643398284912
  ],
  "proxy_actual_gain_corr": 0.04134696283794597,
  "surrogate_train_times_sec": [
    1.159981369972229,
    0.07689949870109558,
    0.07805746048688889,
    0.08524221181869507,
    0.08358074724674225,
    0.08626575022935867,
    0.07790608704090118,
    0.07823983579874039,
    0.08600358664989471,
    0.08325950056314468,
    0.08707408607006073,
    0.08401703834533691,
    0.08583608269691467,
    0.08699541538953781,
    0.08597704023122787,
    0.08665774762630463,
    0.08753421157598495,
    0.08506525307893753
  ],
  "gfn_train_times_sec": [
    0.0,
    0.0,
    0.0,
    0.0,
    0.0,
    0.0,
    0.0,
    0.0,
    0.0,
    0.0,
    0.0,
    0.0,
    0.0,
    0.0,
    0.0,
    0.0,
    0.0,
    0.0
  ],
  "proposal_times_sec": [
    0.17570453882217407,
    0.1678529530763626,
    0.17054049670696259,
    0.1747090071439743,
    0.1731729507446289,
    0.17297762632369995,
    0.16436424851417542,
    0.17334845662117004,
    0.16936670243740082,
    0.17367929220199585,
    0.1743372082710266,
    0.1738976240158081,
    0.1750022917985916,
    0.17433078587055206,
    0.17415045201778412,
    0.17516858875751495,
    0.17223617434501648,
    0.17500029504299164
  ],
  "iteration_times_sec": [
    1.3471983671188354,
    0.2559816539287567,
    0.25991642475128174,
    0.27120208740234375,
    0.2678205370903015,
    0.2706216275691986,
    0.253259539604187,
    0.26294028759002686,
    0.26622116565704346,
    0.26856863498687744,
    0.2725832164287567,
    0.26933857798576355,
    0.2722032070159912,
    0.27275699377059937,
    0.2713296115398407,
    0.27350595593452454,
    0.27125903964042664,
    0.2710023820400238
  ],
  "total_wall_time_sec": 5.897911290987395
}
