{
  "seed": 1,
  "method": "random",
  "benchmark": "branin",
  "spec_name": "main_v2",
  "regrets": [
    16.013261795043945,
    16.013261795043945,
    16.013261795043945,
    16.013261795043945,
    16.013261795043945,
    16.013261795043945,
    16.013261795043945,
    16.013261795043945,
    16.013261795043945,
    16.013261795043945,
    16.013261795043945,
    3.210408926010132,
    3.210408926010132,
    3.210408926010132,
    3.210408926010132,
    3.210408926010132,
    3.210408926010132,
    3.210408926010132
  ],
  "best_values": [
    -16.411149978637695,
    -16.411149978637695,
    -16.411149978637695,
    -16.411149978637695,
    -16.411149978637695,
    -16.411149978637695,
    -16.411149978637695,
    -16.411149978637695,
    -16.411149978637695,
    -16.411149978637695,
    -16.411149978637695,
    -3.6082963943481445,
    -3.6082963943481445,
    -3.6082963943481445,
    -3.6082963943481445,
    -3.6082963943481445,
    -3.6082963943481445,
    -3.6082963943481445
  ],
  "queried_values": [
    -153.9337158203125,
    -20.41345977783203,
    -16.57022476196289,
    -21.896690368652344,
    -22.325725555419922,
    -21.74356460571289,
    -20.850080490112305,
    -19.912717819213867,
    -19.21878433227539,
    -18.205886840820312,
    -23.431583404541016,
    -3.6082963943481445,
    -15.611122131347656,
    -11.777749061584473,
    -17.548133850097656,
    -10.832728385925293,
    -4.101642608642578,
    -17.314075469970703
  ],
  "actual_gains": [
    -137.52256774902344,
    -4.002309799194336,
    -0.1590747833251953,
    -5.485540390014648,
    -5.914575576782227,
    -5.332414627075195,
    -4.438930511474609,
    -3.501567840576172,
    -2.8076343536376953,
    -1.7947368621826172,
    -7.02043342590332,
    12.80285358428955,
    -12.002825736999512,
    -8.169452667236328,
    -13.939837455749512,
    -7.224431991577148,
    -0.4933462142944336,
    -13.705779075622559
  ],
  "proxy_rewards": [
    1.0,
    1.0,
    1.0,
    1.0,
    1.0,
    1.0,
    1.0,
    1.0,
    1.0,
    1.0,
    1.0,
    1.0,
    1.0,
    1.0,
    1.0,
    1.0,
    1.0,
    1.0
  ],
  "proxy_improvements": [
    4.034199237823486,
    0.9102153182029724,
    -1.2804861068725586,
    3.3372559547424316,
    -0.023732757195830345,
    -5.005947113037109,
    -1.2728897333145142,
    -3.8075249195098877,
    -4.962191104888916,
    -1.3944902420043945,
    -3.383784532546997,
    -1.722242832183838,
    -3.0552735328674316,
    -4.637227535247803,
    -7.982298851013184,
    -12.238604545593262,
    -7.203283309936523,
    -7.324488639831543
  ],
  "floor_reward_flags": [
    0.0,
    0.0,
    0.0,
    0.0,
    0.0,
    0.0,
    0.0,
    0.0,
    0.0,
    0.0,
    0.0,
    0.0,
    0.0,
    0.0,
    0.0,
    0.0,
    0.0,
    0.0
  ],
  "step_reward_std": [
    0.2533532679080963,
    0.3484353721141815,
    0.21481174230575562,
    0.3704964816570282,
    0.362934410572052,
    0.38494861125946045,
    0.3545306921005249,
    0.3349091112613678,
    0.381649374961853,
    0.3753810226917267,
    0.37563052773475647,
    0.37482357025146484,
    0.3307461738586426,
    0.3526955842971802,
    0.1930811107158661,
    0.3680175244808197,
    0.3422066271305084,
    0.3390503525733948
  ],
  "step_improvement_std": [
    0.014819661155343056,
    0.14977556467056274,
    0.16562609374523163,
    1.5644972324371338,
    1.1672394275665283,
    0.6877903342247009,
    1.3244978189468384,
    0.12220814824104309,
    1.2670247554779053,
    0.643742024898529,
    2.4057276248931885,
    1.3085081577301025,
    0.7590940594673157,
    0.08538584411144257,
    1.4794880151748657,
    1.4006661176681519,
    1.1494141817092896,
    0.24771620333194733
  ],
  "same_mask_repeat_std": [
    0.35074782371520996,
    0.5795188546180725,
    0.736965537071228,
    0.6829826831817627,
    0.6262531876564026,
    0.3997610807418823,
    0.7500717639923096,
    0.5354394316673279,
    0.6870618462562561,
    0.6753674745559692,
    0.5201266407966614,
    0.30832409858703613,
    1.8247129917144775,
    0.7342212200164795,
    1.2817201614379883,
    0.7690758109092712,
    0.4758245646953583,
    0.7334027886390686
  ],
  "proxy_actual_gain_corr": -0.37870219975129255,
  "surrogate_train_times_sec": [
    0.0783180445432663,
    0.07477166503667831,
    0.08245145529508591,
    0.08266479521989822,
    0.07896183431148529,
    0.07561695575714111,
    0.08447378873825073,
    0.08153512328863144,
    0.08259308338165283,
    0.08276383578777313,
    0.08333033323287964,
    0.07706274837255478,
    0.07670741528272629,
    0.07608687877655029,
    0.08377654105424881,
    0.08208879083395004,
    0.08349412679672241,
    0.08245841413736343
  ],
  "gfn_train_times_sec": [
    0.0,
    0.0,
    0.0,
    0.0,
    0.0,
    0.0,
    0.0,
    0.0,
    0.0,
    0.0,
    0.0,
    0.0,
    0.0,
    0.0,
    0.0,
    0.0,
    0.0,
    0.0
  ],
  "proposal_times_sec": [
    0.16714508831501007,
    0.16581633687019348,
    0.17127695679664612,
    0.17193575203418732,
    0.16947858035564423,
    0.16563570499420166,
    0.16981008648872375,
    0.16969403624534607,
    0.16977675259113312,
    0.1720159649848938,
    0.17069241404533386,
    0.16814683377742767,
    0.16764716804027557,
    0.17128466069698334,
    0.16752754151821136,
    0.17275120317935944,
    0.1705767959356308,
    0.16969238221645355
  ],
  "iteration_times_sec": [
    0.2561344504356384,
    0.2519686222076416,
    0.2645602822303772,
    0.26563721895217896,
    0.2595701813697815,
    0.25265344977378845,
    0.265491783618927,
    0.26271432638168335,
    0.2632714509963989,
    0.2657414674758911,
    0.2648884057998657,
    0.2558831572532654,
    0.2550986111164093,
    0.25884702801704407,
    0.2624140977859497,
    0.2659606337547302,
    0.2650873064994812,
    0.2633324861526489
  ],
  "total_wall_time_sec": 4.69939191697631
}
