{
  "seed": 1,
  "method": "gfn",
  "benchmark": "branin",
  "spec_name": "reward_protocol_softplus_scaled_v2",
  "regrets": [
    1.9835938215255737,
    1.9835938215255737,
    1.9835938215255737,
    1.9835938215255737,
    1.9835938215255737,
    1.9835938215255737,
    1.9835938215255737,
    1.9835938215255737,
    1.9835938215255737,
    1.9835938215255737,
    1.9835938215255737,
    1.9835938215255737,
    1.9835938215255737,
    1.9835938215255737,
    1.9835938215255737,
    1.9835938215255737,
    1.9835938215255737,
    1.9835938215255737
  ],
  "best_values": [
    -2.381481170654297,
    -2.381481170654297,
    -2.381481170654297,
    -2.381481170654297,
    -2.381481170654297,
    -2.381481170654297,
    -2.381481170654297,
    -2.381481170654297,
    -2.381481170654297,
    -2.381481170654297,
    -2.381481170654297,
    -2.381481170654297,
    -2.381481170654297,
    -2.381481170654297,
    -2.381481170654297,
    -2.381481170654297,
    -2.381481170654297,
    -2.381481170654297
  ],
  "queried_values": [
    -3.400947093963623,
    -20.601472854614258,
    -9.1447172164917,
    -3.1127471923828125,
    -13.308252334594727,
    -3.3272533416748047,
    -6.150182723999023,
    -3.3597402572631836,
    -18.46360969543457,
    -11.912846565246582,
    -10.915671348571777,
    -3.934197425842285,
    -3.542668342590332,
    -5.599778175354004,
    -11.381745338439941,
    -10.062283515930176,
    -6.189944267272949,
    -3.2645368576049805
  ],
  "actual_gains": [
    -1.0194659233093262,
    -18.21999168395996,
    -6.763236045837402,
    -0.7312660217285156,
    -10.92677116394043,
    -0.9457721710205078,
    -3.7687015533447266,
    -0.9782590866088867,
    -16.082128524780273,
    -9.531365394592285,
    -8.53419017791748,
    -1.5527162551879883,
    -1.1611871719360352,
    -3.218297004699707,
    -9.000264167785645,
    -7.680802345275879,
    -3.8084630966186523,
    -0.8830556869506836
  ],
  "proxy_rewards": [
    76.03045654296875,
    38.071529388427734,
    49.38477325439453,
    15.913067817687988,
    30.373355865478516,
    0.060560889542102814,
    6.030152320861816,
    22.08979034423828,
    9.077454566955566,
    3.8452301025390625,
    5.122528553009033,
    11.001032829284668,
    2.356773614883423,
    8.21545124053955,
    27.00751495361328,
    11.653385162353516,
    8.895092964172363,
    6.875143527984619
  ],
  "proxy_improvements": [
    38.01517868041992,
    19.035715103149414,
    24.692337036132812,
    7.956483840942383,
    15.186628341674805,
    -1.3876879215240479,
    3.013822078704834,
    11.044845581054688,
    4.5386199951171875,
    1.9117573499679565,
    2.5582244396209717,
    5.500458240509033,
    1.1285731792449951,
    4.107540130615234,
    13.503707885742188,
    5.826638221740723,
    4.447427749633789,
    3.437004804611206
  ],
  "floor_reward_flags": [
    0.010416666977107525,
    0.0,
    0.0,
    0.0,
    0.0,
    0.3020833432674408,
    0.0,
    0.0,
    0.0,
    0.0416666679084301,
    0.010416666977107525,
    0.010416666977107525,
    0.010416666977107525,
    0.010416666977107525,
    0.0,
    0.0,
    0.0416666679084301,
    0.02083333395421505
  ],
  "step_reward_std": [
    23.02164649963379,
    10.088515281677246,
    10.15662956237793,
    3.897171974182129,
    11.40747356414795,
    0.030060235410928726,
    2.1479952335357666,
    4.957428455352783,
    4.12448787689209,
    1.6387581825256348,
    2.1408023834228516,
    2.810598134994507,
    1.0229212045669556,
    2.721055269241333,
    5.981215476989746,
    4.903702259063721,
    2.5474328994750977,
    3.3625950813293457
  ],
  "step_improvement_std": [
    21.506868362426758,
    5.045955657958984,
    5.096978187561035,
    2.08967924118042,
    6.218276500701904,
    3.2287278175354004,
    2.0054659843444824,
    2.669200897216797,
    3.130066394805908,
    3.826815366744995,
    2.7615785598754883,
    3.1643571853637695,
    2.0184707641601562,
    2.1631460189819336,
    3.15343976020813,
    3.373317241668701,
    5.321127891540527,
    3.5851292610168457
  ],
  "same_mask_repeat_std": [
    1.597684621810913,
    1.8754189014434814,
    2.937228202819824,
    1.4831492900848389,
    2.089454412460327,
    0.6526668667793274,
    1.892712950706482,
    1.703027606010437,
    0.31897786259651184,
    1.4103050231933594,
    1.5352765321731567,
    0.720112144947052,
    1.0987945795059204,
    0.7762226462364197,
    1.645548701286316,
    1.2155567407608032,
    1.2909095287322998,
    0.7311186194419861
  ],
  "proxy_actual_gain_corr": -0.12055483169100452,
  "surrogate_train_times_sec": [
    0.1155562475323677,
    0.11342770606279373,
    0.1104239970445633,
    0.11793874949216843,
    0.11318425089120865,
    0.11724358052015305,
    0.1214810386300087,
    0.11441483348608017,
    0.11882025003433228,
    0.11597166955471039,
    0.11953949928283691,
    0.11542120575904846,
    0.11935533583164215,
    0.11732008308172226,
    0.11862233281135559,
    0.11816491931676865,
    0.12241237610578537,
    0.11529749631881714
  ],
  "gfn_train_times_sec": [
    9.357280731201172,
    9.37480354309082,
    9.672256469726562,
    9.582809448242188,
    9.62559986114502,
    9.577444076538086,
    9.498884201049805,
    9.443699836730957,
    9.36061954498291,
    9.48873519897461,
    9.436131477355957,
    9.443169593811035,
    9.708049774169922,
    9.545781135559082,
    9.414522171020508,
    9.50007438659668,
    9.776886940002441,
    9.400094032287598
  ],
  "proposal_times_sec": [
    9.607707977294922,
    9.628414154052734,
    9.931859016418457,
    9.840933799743652,
    9.887529373168945,
    9.838752746582031,
    9.754053115844727,
    9.701902389526367,
    9.6139554977417,
    9.745550155639648,
    9.691251754760742,
    9.700380325317383,
    9.965263366699219,
    9.799335479736328,
    9.668913841247559,
    9.756855010986328,
    10.033575057983398,
    9.655271530151367
  ],
  "iteration_times_sec": [
    9.73388671875,
    9.752056121826172,
    10.052265167236328,
    9.96921157836914,
    10.01134967803955,
    9.966713905334473,
    9.88644027709961,
    9.826577186584473,
    9.74315071105957,
    9.871966361999512,
    9.821528434753418,
    9.826436042785645,
    10.095620155334473,
    9.926834106445312,
    9.797740936279297,
    9.885526657104492,
    10.166633605957031,
    9.780635833740234
  ],
  "total_wall_time_sec": 178.11541450000368
}
