{
  "seed": 0,
  "method": "gfn",
  "benchmark": "branin",
  "spec_name": "reward_protocol_softplus_scaled_v2",
  "regrets": [
    7.320659637451172,
    7.320659637451172,
    7.320659637451172,
    7.320659637451172,
    7.320659637451172,
    7.320659637451172,
    0.32232940196990967,
    0.32232940196990967,
    0.32232940196990967,
    0.32232940196990967,
    0.32232940196990967,
    0.32232940196990967,
    0.32232940196990967,
    0.32232940196990967,
    0.32232940196990967,
    0.32232940196990967,
    0.32232940196990967,
    0.32232940196990967
  ],
  "best_values": [
    -7.7185468673706055,
    -7.7185468673706055,
    -7.7185468673706055,
    -7.7185468673706055,
    -7.7185468673706055,
    -7.7185468673706055,
    -0.7202167510986328,
    -0.7202167510986328,
    -0.7202167510986328,
    -0.7202167510986328,
    -0.7202167510986328,
    -0.7202167510986328,
    -0.7202167510986328,
    -0.7202167510986328,
    -0.7202167510986328,
    -0.7202167510986328,
    -0.7202167510986328,
    -0.7202167510986328
  ],
  "queried_values": [
    -10.896522521972656,
    -116.2981185913086,
    -8.796359062194824,
    -15.065195083618164,
    -16.151226043701172,
    -20.665117263793945,
    -0.7202167510986328,
    -3.8468871116638184,
    -2.255528450012207,
    -3.596731185913086,
    -1.8050031661987305,
    -0.7369747161865234,
    -9.492302894592285,
    -3.7854928970336914,
    -1.8954362869262695,
    -1.8097944259643555,
    -2.4728708267211914,
    -3.7056326866149902
  ],
  "actual_gains": [
    -3.177975654602051,
    -108.57957458496094,
    -1.0778121948242188,
    -7.346648216247559,
    -8.432679176330566,
    -12.94657039642334,
    6.998330116271973,
    -3.1266703605651855,
    -1.5353116989135742,
    -2.876514434814453,
    -1.0847864151000977,
    -0.016757965087890625,
    -8.772086143493652,
    -3.0652761459350586,
    -1.1752195358276367,
    -1.0895776748657227,
    -1.7526540756225586,
    -2.9854159355163574
  ],
  "proxy_rewards": [
    15.064148902893066,
    10.225003242492676,
    39.80547332763672,
    19.973329544067383,
    5.830091953277588,
    7.958884239196777,
    0.09267629683017731,
    0.0010792656103149056,
    0.0001767579378793016,
    0.0490943118929863,
    0.15113765001296997,
    0.00010518763883737847,
    0.016189195215702057,
    1.1492459774017334,
    0.003871283959597349,
    4.1808295249938965,
    0.10459650307893753,
    1.73356032371521
  ],
  "proxy_improvements": [
    7.532024383544922,
    5.112433433532715,
    19.902687072753906,
    9.986615180969238,
    2.913524627685547,
    3.979217290878296,
    -1.1665384769439697,
    -3.464108943939209,
    -4.737407684326172,
    -1.4957269430160522,
    -0.9068784713745117,
    -6.0846147537231445,
    -2.0607759952545166,
    0.3840106129646301,
    -2.789226770401001,
    2.0826621055603027,
    -1.1029492616653442,
    0.7695298194885254
  ],
  "floor_reward_flags": [
    0.0,
    0.0,
    0.010416666977107525,
    0.010416666977107525,
    0.010416666977107525,
    0.02083333395421505,
    0.09375,
    0.3125,
    0.46875,
    0.0416666679084301,
    0.0729166641831398,
    0.78125,
    0.0416666679084301,
    0.03125,
    0.15625,
    0.03125,
    0.0833333358168602,
    0.0
  ],
  "step_reward_std": [
    0.5836448669433594,
    3.1737964153289795,
    9.23438549041748,
    4.785801887512207,
    2.00938081741333,
    2.45563006401062,
    0.03434261679649353,
    0.0003852411173284054,
    2.2581190933124162e-05,
    0.021355966106057167,
    0.07039996236562729,
    1.7339975784125272e-06,
    0.004570344928652048,
    0.4109960198402405,
    0.0009615917806513608,
    1.347263216972351,
    0.044066883623600006,
    0.717778205871582
  ],
  "step_improvement_std": [
    0.29182252287864685,
    1.63160240650177,
    6.8989129066467285,
    2.9373490810394287,
    1.9206585884094238,
    2.2122700214385986,
    2.1296963691711426,
    3.8892667293548584,
    14.940220832824707,
    2.013352155685425,
    4.058464050292969,
    3.349681854248047,
    1.1657739877700806,
    3.1276967525482178,
    2.53684401512146,
    2.140411376953125,
    4.183143138885498,
    1.5234121084213257
  ],
  "same_mask_repeat_std": [
    1.0697247982025146,
    0.805211067199707,
    0.9633567929267883,
    0.9267614483833313,
    0.9010288715362549,
    1.0456887483596802,
    1.4951386451721191,
    0.6923705339431763,
    0.9715321063995361,
    0.8039632439613342,
    0.5214852094650269,
    0.4103350341320038,
    0.550987184047699,
    0.9437410235404968,
    0.7543016076087952,
    0.5366280674934387,
    0.3759535849094391,
    0.4168596565723419
  ],
  "proxy_actual_gain_corr": -0.1724215654654227,
  "surrogate_train_times_sec": [
    0.11388858407735825,
    0.11897721141576767,
    0.11628737300634384,
    0.11533237248659134,
    0.11487670987844467,
    0.11055421084165573,
    0.11785279214382172,
    0.12226070463657379,
    0.12326475232839584,
    0.11941620707511902,
    0.11310962587594986,
    0.11359133571386337,
    0.1156827062368393,
    0.11546699702739716,
    0.11208787560462952,
    0.11230037361383438,
    0.11414587497711182,
    0.11242366582155228
  ],
  "gfn_train_times_sec": [
    9.469654083251953,
    9.433632850646973,
    9.510507583618164,
    9.529858589172363,
    9.500321388244629,
    9.854761123657227,
    9.926326751708984,
    9.83423900604248,
    9.57042407989502,
    9.510259628295898,
    9.394756317138672,
    9.403495788574219,
    9.373133659362793,
    9.403589248657227,
    9.379695892333984,
    9.45060920715332,
    9.370715141296387,
    9.370290756225586
  ],
  "proposal_times_sec": [
    9.719873428344727,
    9.691201210021973,
    9.765857696533203,
    9.786629676818848,
    9.757478713989258,
    10.112204551696777,
    10.205741882324219,
    10.169055938720703,
    9.826582908630371,
    9.76613998413086,
    9.646528244018555,
    9.657380104064941,
    9.6282320022583,
    9.660296440124512,
    9.633334159851074,
    9.706544876098633,
    9.624920845031738,
    9.62509822845459
  ],
  "iteration_times_sec": [
    9.843762397766113,
    9.820772171020508,
    9.891853332519531,
    9.911864280700684,
    9.883149147033691,
    10.233145713806152,
    10.334893226623535,
    10.3034086227417,
    9.960536003112793,
    9.895655632019043,
    9.76938533782959,
    9.781411170959473,
    9.754531860351562,
    9.786090850830078,
    9.755792617797852,
    9.829588890075684,
    9.749284744262695,
    9.747919082641602
  ],
  "total_wall_time_sec": 178.25388129090425
}
