{
  "seed": 4,
  "method": "gfn",
  "benchmark": "branin",
  "spec_name": "reward_protocol_softplus_scaled_v2",
  "regrets": [
    3.2858641147613525,
    3.2858641147613525,
    3.2858641147613525,
    3.2858641147613525,
    3.2858641147613525,
    3.2858641147613525,
    3.2858641147613525,
    3.2858641147613525,
    3.2858641147613525,
    3.2858641147613525,
    3.2858641147613525,
    3.2858641147613525,
    3.2858641147613525,
    3.2858641147613525,
    3.2858641147613525,
    3.2858641147613525,
    3.2858641147613525,
    3.2858641147613525
  ],
  "best_values": [
    -3.6837515830993652,
    -3.6837515830993652,
    -3.6837515830993652,
    -3.6837515830993652,
    -3.6837515830993652,
    -3.6837515830993652,
    -3.6837515830993652,
    -3.6837515830993652,
    -3.6837515830993652,
    -3.6837515830993652,
    -3.6837515830993652,
    -3.6837515830993652,
    -3.6837515830993652,
    -3.6837515830993652,
    -3.6837515830993652,
    -3.6837515830993652,
    -3.6837515830993652,
    -3.6837515830993652
  ],
  "queried_values": [
    -5.734039306640625,
    -11.572847366333008,
    -20.315105438232422,
    -5.713440895080566,
    -4.282136917114258,
    -7.1973114013671875,
    -8.372903823852539,
    -9.351821899414062,
    -7.050745964050293,
    -4.984287738800049,
    -9.32540512084961,
    -5.89841365814209,
    -4.951131820678711,
    -13.099693298339844,
    -5.054669380187988,
    -5.654735088348389,
    -8.035507202148438,
    -4.894131660461426
  ],
  "actual_gains": [
    -2.0502877235412598,
    -7.889095783233643,
    -16.6313533782959,
    -2.029689311981201,
    -0.5983853340148926,
    -3.5135598182678223,
    -4.689152240753174,
    -5.668070316314697,
    -3.3669943809509277,
    -1.3005361557006836,
    -5.641653537750244,
    -2.2146620750427246,
    -1.2673802375793457,
    -9.41594123840332,
    -1.370917797088623,
    -1.9709835052490234,
    -4.351755619049072,
    -1.2103800773620605
  ],
  "proxy_rewards": [
    25.881607055664062,
    18.095598220825195,
    36.11707305908203,
    1.3326497077941895,
    0.0013509069103747606,
    0.0011783346999436617,
    7.390143871307373,
    5.286479473114014,
    3.1692585945129395,
    2.323134183883667,
    0.2639537751674652,
    0.173870250582695,
    0.0018368209712207317,
    0.39093080163002014,
    0.0994357243180275,
    0.11917640268802643,
    0.26980066299438477,
    0.5267303586006165
  ],
  "proxy_improvements": [
    12.940753936767578,
    9.047749519348145,
    18.058486938476562,
    0.5131455659866333,
    -3.341630458831787,
    -3.4158990383148193,
    3.6947131156921387,
    2.640653133392334,
    1.5631052255630493,
    1.1099601984024048,
    -0.598767101764679,
    -0.8309391140937805,
    -3.177415132522583,
    -0.3688543438911438,
    -1.1295855045318604,
    -1.0339305400848389,
    -0.5862816572189331,
    -0.18320603668689728
  ],
  "floor_reward_flags": [
    0.02083333395421505,
    0.02083333395421505,
    0.0,
    0.1041666641831398,
    0.2916666567325592,
    0.0729166641831398,
    0.03125,
    0.0729166641831398,
    0.010416666977107525,
    0.0,
    0.0,
    0.0729166641831398,
    0.2083333283662796,
    0.02083333395421505,
    0.0520833320915699,
    0.02083333395421505,
    0.0416666679084301,
    0.0416666679084301
  ],
  "step_reward_std": [
    6.555215358734131,
    5.744897842407227,
    7.594062328338623,
    0.5828840136528015,
    0.0005342326476238668,
    0.0004886916722171009,
    1.488061547279358,
    1.806712031364441,
    1.016815185546875,
    0.7439518570899963,
    0.08760694414377213,
    0.06343157589435577,
    0.0007727643242105842,
    0.1486794650554657,
    0.034201618283987045,
    0.039932820945978165,
    0.0806800052523613,
    0.14736290276050568
  ],
  "step_improvement_std": [
    5.923429012298584,
    8.354762077331543,
    3.79706072807312,
    4.706132888793945,
    15.233355522155762,
    2.535135269165039,
    3.001925230026245,
    2.836714506149292,
    1.875230073928833,
    2.1025795936584473,
    0.8074825406074524,
    3.264327049255371,
    5.300408840179443,
    2.4936766624450684,
    1.506012201309204,
    1.8818845748901367,
    3.2933945655822754,
    1.829171895980835
  ],
  "same_mask_repeat_std": [
    2.0702502727508545,
    1.0731762647628784,
    1.498270869255066,
    1.9245514869689941,
    1.1764556169509888,
    1.1286840438842773,
    1.357640027999878,
    1.4318625926971436,
    0.803941011428833,
    1.6783283948898315,
    1.4789942502975464,
    1.2523490190505981,
    1.3891297578811646,
    0.5668389201164246,
    0.7584571242332458,
    0.9269596934318542,
    0.9053556323051453,
    0.8865723013877869
  ],
  "proxy_actual_gain_corr": -0.6665477887030051,
  "surrogate_train_times_sec": [
    0.11349891871213913,
    0.118541419506073,
    0.11610004305839539,
    0.1154104620218277,
    0.11279504001140594,
    0.1153070405125618,
    0.1202639564871788,
    0.11443458497524261,
    0.12198370695114136,
    0.11616774648427963,
    0.12013416737318039,
    0.12012287229299545,
    0.12888671457767487,
    0.11192341893911362,
    0.11509054154157639,
    0.12114378809928894,
    0.12309666723012924,
    0.12342329323291779
  ],
  "gfn_train_times_sec": [
    9.472146034240723,
    9.423336029052734,
    9.450390815734863,
    9.441694259643555,
    9.581504821777344,
    9.765860557556152,
    9.625092506408691,
    9.571432113647461,
    9.593951225280762,
    9.426458358764648,
    9.496721267700195,
    9.629866600036621,
    9.653555870056152,
    9.697824478149414,
    9.617100715637207,
    9.572196006774902,
    9.685457229614258,
    9.65959644317627
  ],
  "proposal_times_sec": [
    9.726283073425293,
    9.677315711975098,
    9.709677696228027,
    9.69690990447998,
    9.841718673706055,
    10.023200035095215,
    9.880666732788086,
    9.829304695129395,
    9.852394104003906,
    9.68812084197998,
    9.758635520935059,
    9.893355369567871,
    9.917699813842773,
    9.954727172851562,
    9.875377655029297,
    9.830462455749512,
    9.944379806518555,
    9.91818904876709
  ],
  "iteration_times_sec": [
    9.850436210632324,
    9.806245803833008,
    9.835844039916992,
    9.822572708129883,
    9.965226173400879,
    10.149425506591797,
    10.011407852172852,
    9.954280853271484,
    9.98478889465332,
    9.814614295959473,
    9.88901138305664,
    10.0244779586792,
    10.057022094726562,
    10.076972961425781,
    10.000950813293457,
    9.961983680725098,
    10.077998161315918,
    10.051822662353516
  ],
  "total_wall_time_sec": 179.33589316694997
}
