{
  "seed": 2,
  "method": "gfn",
  "benchmark": "branin",
  "spec_name": "reward_protocol_softplus_scaled_v2",
  "regrets": [
    5.224915027618408,
    5.217525005340576,
    5.217525005340576,
    5.217525005340576,
    5.217525005340576,
    5.217525005340576,
    5.217525005340576,
    5.217525005340576,
    5.217525005340576,
    5.217525005340576,
    5.217525005340576,
    5.217525005340576,
    5.217525005340576,
    5.217525005340576,
    5.217525005340576,
    5.192541122436523,
    5.192541122436523,
    5.192541122436523
  ],
  "best_values": [
    -5.622802257537842,
    -5.61541223526001,
    -5.61541223526001,
    -5.61541223526001,
    -5.61541223526001,
    -5.61541223526001,
    -5.61541223526001,
    -5.61541223526001,
    -5.61541223526001,
    -5.61541223526001,
    -5.61541223526001,
    -5.61541223526001,
    -5.61541223526001,
    -5.61541223526001,
    -5.61541223526001,
    -5.590428352355957,
    -5.590428352355957,
    -5.590428352355957
  ],
  "queried_values": [
    -6.709662437438965,
    -5.61541223526001,
    -8.50587272644043,
    -7.730349540710449,
    -10.837651252746582,
    -9.92028522491455,
    -6.527298927307129,
    -7.058078289031982,
    -8.489579200744629,
    -9.588235855102539,
    -8.912996292114258,
    -9.581949234008789,
    -9.921407699584961,
    -9.517742156982422,
    -8.817521095275879,
    -5.590428352355957,
    -9.376913070678711,
    -8.89859390258789
  ],
  "actual_gains": [
    -1.086860179901123,
    0.007390022277832031,
    -2.89046049118042,
    -2.1149373054504395,
    -5.222239017486572,
    -4.304872989654541,
    -0.9118866920471191,
    -1.4426660537719727,
    -2.874166965484619,
    -3.9728236198425293,
    -3.297584056854248,
    -3.9665369987487793,
    -4.305995464324951,
    -3.902329921722412,
    -3.202108860015869,
    0.024983882904052734,
    -3.786484718322754,
    -3.3081655502319336
  ],
  "proxy_rewards": [
    37.4948616027832,
    27.71474838256836,
    10.053815841674805,
    7.187431335449219,
    14.08310317993164,
    1.108637809753418,
    6.228867053985596,
    0.1603728085756302,
    0.4828261435031891,
    3.491821527481079,
    0.4674086272716522,
    0.20851857960224152,
    2.6303389072418213,
    0.32610970735549927,
    0.2152462899684906,
    0.03898964077234268,
    0.07529426366090775,
    0.344584196805954
  ],
  "proxy_improvements": [
    18.74738121032715,
    13.857324600219727,
    5.026836395263672,
    3.593287467956543,
    7.041501045227051,
    0.3539993166923523,
    3.113396644592285,
    -0.8748356699943542,
    -0.23862604796886444,
    1.7304000854492188,
    -0.25901421904563904,
    -0.7310941219329834,
    1.2777247428894043,
    -0.4766993522644043,
    -0.7134680151939392,
    -1.6137597560882568,
    -1.2749238014221191,
    -0.44426265358924866
  ],
  "floor_reward_flags": [
    0.02083333395421505,
    0.010416666977107525,
    0.0520833320915699,
    0.02083333395421505,
    0.0833333358168602,
    0.03125,
    0.03125,
    0.03125,
    0.0729166641831398,
    0.02083333395421505,
    0.0729166641831398,
    0.0625,
    0.0416666679084301,
    0.1041666641831398,
    0.02083333395421505,
    0.1875,
    0.03125,
    0.0625
  ],
  "step_reward_std": [
    5.930363655090332,
    3.9893758296966553,
    2.260883331298828,
    1.4838788509368896,
    3.794116258621216,
    0.26409274339675903,
    1.0881421566009521,
    0.03536459058523178,
    0.16351178288459778,
    1.420275330543518,
    0.13620316982269287,
    0.06609810888767242,
    0.863092303276062,
    0.10319919884204865,
    0.049379169940948486,
    0.01746780052781105,
    0.022135699167847633,
    0.1121830865740776
  ],
  "step_improvement_std": [
    5.296639442443848,
    4.230153560638428,
    3.3432796001434326,
    3.329446792602539,
    6.016239166259766,
    4.337898254394531,
    4.256610870361328,
    3.1535379886627197,
    5.183158874511719,
    2.4762797355651855,
    3.9252827167510986,
    3.976029634475708,
    4.845293998718262,
    3.8167364597320557,
    3.361353874206543,
    6.7557477951049805,
    2.9455223083496094,
    5.2617878913879395
  ],
  "same_mask_repeat_std": [
    1.8447935581207275,
    1.2570703029632568,
    0.8483564853668213,
    1.7845503091812134,
    0.26436713337898254,
    1.0863600969314575,
    0.9599531888961792,
    0.41244077682495117,
    0.567086398601532,
    0.5429713129997253,
    0.8676288723945618,
    0.5030578374862671,
    0.579474687576294,
    1.0240927934646606,
    0.6986381411552429,
    0.5797997117042542,
    0.26379406452178955,
    0.857269823551178
  ],
  "proxy_actual_gain_corr": 0.37912066134971545,
  "surrogate_train_times_sec": [
    0.11297079175710678,
    0.11220691353082657,
    0.11108845472335815,
    0.11502870917320251,
    0.11455566436052322,
    0.12070591747760773,
    0.11915258318185806,
    0.11864504218101501,
    0.1193208321928978,
    0.11746520549058914,
    0.1193617507815361,
    0.11774925142526627,
    0.12096299976110458,
    0.11691470444202423,
    0.12162137776613235,
    0.12046100199222565,
    0.12104054540395737,
    0.11614958196878433
  ],
  "gfn_train_times_sec": [
    9.369086265563965,
    9.378656387329102,
    9.405539512634277,
    9.396784782409668,
    9.71314525604248,
    9.666285514831543,
    9.45607852935791,
    9.655165672302246,
    9.574517250061035,
    9.543593406677246,
    9.667130470275879,
    9.662822723388672,
    9.755784034729004,
    9.565661430358887,
    9.574865341186523,
    9.829654693603516,
    9.724071502685547,
    9.676329612731934
  ],
  "proposal_times_sec": [
    9.619404792785645,
    9.635482788085938,
    9.6615571975708,
    9.649589538574219,
    9.977768898010254,
    9.92337417602539,
    9.71507740020752,
    9.923019409179688,
    9.840567588806152,
    9.801789283752441,
    9.932778358459473,
    9.935406684875488,
    10.0227689743042,
    9.850069999694824,
    9.829595565795898,
    10.095808029174805,
    9.987264633178711,
    9.934300422668457
  ],
  "iteration_times_sec": [
    9.74242115020752,
    9.75778579711914,
    9.783153533935547,
    9.77515983581543,
    10.10263442993164,
    10.054129600524902,
    9.844414710998535,
    10.052308082580566,
    9.970161437988281,
    9.929647445678711,
    10.06291389465332,
    10.063884735107422,
    10.15440559387207,
    9.980594635009766,
    9.961529731750488,
    10.226909637451172,
    10.119057655334473,
    10.060824394226074
  ],
  "total_wall_time_sec": 179.64278037496842
}
