{
  "seed": 3,
  "method": "gfn",
  "benchmark": "branin",
  "spec_name": "reward_protocol_softplus_scaled_v2",
  "regrets": [
    4.9067606925964355,
    4.9067606925964355,
    4.9067606925964355,
    4.9067606925964355,
    4.9067606925964355,
    4.9067606925964355,
    4.9067606925964355,
    4.9067606925964355,
    4.9067606925964355,
    4.9067606925964355,
    4.9067606925964355,
    4.9067606925964355,
    4.9067606925964355,
    4.9067606925964355,
    4.9067606925964355,
    4.9067606925964355,
    4.9067606925964355,
    4.9067606925964355
  ],
  "best_values": [
    -5.304647922515869,
    -5.304647922515869,
    -5.304647922515869,
    -5.304647922515869,
    -5.304647922515869,
    -5.304647922515869,
    -5.304647922515869,
    -5.304647922515869,
    -5.304647922515869,
    -5.304647922515869,
    -5.304647922515869,
    -5.304647922515869,
    -5.304647922515869,
    -5.304647922515869,
    -5.304647922515869,
    -5.304647922515869,
    -5.304647922515869,
    -5.304647922515869
  ],
  "queried_values": [
    -10.189760208129883,
    -9.275758743286133,
    -6.237730503082275,
    -8.805522918701172,
    -8.906296730041504,
    -9.220476150512695,
    -5.353418827056885,
    -8.80099105834961,
    -8.665771484375,
    -7.241494655609131,
    -5.902482509613037,
    -8.52078914642334,
    -8.503406524658203,
    -5.8719706535339355,
    -7.532135009765625,
    -6.020814895629883,
    -8.726275444030762,
    -9.061500549316406
  ],
  "actual_gains": [
    -4.885112285614014,
    -3.9711108207702637,
    -0.9330825805664062,
    -3.5008749961853027,
    -3.6016488075256348,
    -3.915828227996826,
    -0.048770904541015625,
    -3.4963431358337402,
    -3.361123561859131,
    -1.9368467330932617,
    -0.597834587097168,
    -3.2161412239074707,
    -3.198758602142334,
    -0.5673227310180664,
    -2.227487087249756,
    -0.7161669731140137,
    -3.4216275215148926,
    -3.756852626800537
  ],
  "proxy_rewards": [
    0.18163862824440002,
    0.0003826583852060139,
    2.319967031478882,
    3.305940866470337,
    2.968735933303833,
    4.528189182281494,
    0.021322311833500862,
    2.133728504180908,
    0.06777022033929825,
    6.493895053863525,
    13.962778091430664,
    0.0937141478061676,
    0.9042850732803345,
    2.596022844314575,
    0.6712391972541809,
    1.614688754081726,
    0.005537666380405426,
    2.706303834915161
  ],
  "proxy_improvements": [
    -0.8070723414421082,
    -4.085565090179443,
    1.1082042455673218,
    1.6342417001724243,
    1.4579479694366455,
    2.2586145401000977,
    -1.9210361242294312,
    1.0038020610809326,
    -1.329541563987732,
    3.246140480041504,
    6.9813385009765625,
    -1.160700798034668,
    0.19260339438915253,
    1.2592092752456665,
    -0.022255659103393555,
    0.6963644027709961,
    -2.6058425903320312,
    1.3185395002365112
  ],
  "floor_reward_flags": [
    0.0625,
    0.28125,
    0.010416666977107525,
    0.0520833320915699,
    0.0625,
    0.0625,
    0.02083333395421505,
    0.010416666977107525,
    0.010416666977107525,
    0.02083333395421505,
    0.02083333395421505,
    0.010416666977107525,
    0.010416666977107525,
    0.02083333395421505,
    0.0,
    0.0,
    0.010416666977107525,
    0.010416666977107525
  ],
  "step_reward_std": [
    0.056897494941949844,
    0.0001322435709880665,
    0.982410728931427,
    1.0044631958007812,
    0.8027248978614807,
    1.113576889038086,
    0.0069207362830638885,
    0.7601333260536194,
    0.024502383545041084,
    1.0404165983200073,
    2.8338027000427246,
    0.03941196948289871,
    0.341193825006485,
    0.552802562713623,
    0.23655934631824493,
    0.44697433710098267,
    0.0016448687529191375,
    0.7674835324287415
  ],
  "step_improvement_std": [
    2.322136878967285,
    16.641450881958008,
    1.7915935516357422,
    8.9082670211792,
    11.331430435180664,
    5.1039886474609375,
    2.3442625999450684,
    1.598881721496582,
    0.8235917687416077,
    5.5630927085876465,
    5.946545600891113,
    3.581331253051758,
    1.8658151626586914,
    3.588639259338379,
    1.2465382814407349,
    1.0712600946426392,
    3.2659153938293457,
    1.2149182558059692
  ],
  "same_mask_repeat_std": [
    1.8681330680847168,
    1.088965654373169,
    1.422731637954712,
    1.096320629119873,
    1.519291639328003,
    1.0148462057113647,
    1.2623913288116455,
    1.2022345066070557,
    0.8222091197967529,
    1.1400842666625977,
    1.2923601865768433,
    1.4412403106689453,
    0.5729963183403015,
    0.4570940434932709,
    0.3605400621891022,
    0.5267278552055359,
    1.5053353309631348,
    0.6639626622200012
  ],
  "proxy_actual_gain_corr": 0.3309731906206472,
  "surrogate_train_times_sec": [
    0.11640920490026474,
    0.11850112676620483,
    0.11929083615541458,
    0.12555088102817535,
    0.11997637152671814,
    0.12100816518068314,
    0.11606012284755707,
    0.11435253918170929,
    0.11716258525848389,
    0.11192970722913742,
    0.11666599661111832,
    0.11577029526233673,
    0.11686212569475174,
    0.11888712644577026,
    0.11926258355379105,
    0.12042758613824844,
    0.11550246179103851,
    0.115492083132267
  ],
  "gfn_train_times_sec": [
    9.6805419921875,
    9.634720802307129,
    9.676209449768066,
    9.494738578796387,
    9.778061866760254,
    9.432878494262695,
    9.65938663482666,
    9.702978134155273,
    9.75799560546875,
    9.550495147705078,
    9.406461715698242,
    9.64409065246582,
    9.68352222442627,
    9.77564525604248,
    9.890066146850586,
    9.435966491699219,
    9.414958953857422,
    9.502333641052246
  ],
  "proposal_times_sec": [
    9.942721366882324,
    9.898690223693848,
    9.93978500366211,
    9.75576114654541,
    10.042579650878906,
    9.693446159362793,
    9.923773765563965,
    9.967878341674805,
    10.028727531433105,
    9.804586410522461,
    9.657732009887695,
    9.905482292175293,
    9.94286823272705,
    10.04483699798584,
    10.146804809570312,
    9.695329666137695,
    9.670897483825684,
    9.75813102722168
  ],
  "iteration_times_sec": [
    10.069979667663574,
    10.027728080749512,
    10.069843292236328,
    9.89211654663086,
    10.173078536987305,
    9.825042724609375,
    10.050535202026367,
    10.092973709106445,
    10.156633377075195,
    9.927194595336914,
    9.784119606018066,
    10.032078742980957,
    10.069732666015625,
    10.174345970153809,
    10.27676773071289,
    9.826590538024902,
    9.796905517578125,
    9.884385108947754
  ],
  "total_wall_time_sec": 180.1309476669412
}
