{
  "seed": 0,
  "method": "random",
  "benchmark": "branin",
  "spec_name": "reward_protocol_softplus_scaled_v2",
  "regrets": [
    7.320659637451172,
    7.320659637451172,
    7.320659637451172,
    6.0472493171691895,
    1.8716248273849487,
    1.8716248273849487,
    1.8716248273849487,
    1.8716248273849487,
    1.8716248273849487,
    1.8716248273849487,
    0.5403136014938354,
    0.5403136014938354,
    0.5403136014938354,
    0.5403136014938354,
    0.5403136014938354,
    0.5403136014938354,
    0.5403136014938354,
    0.5403136014938354
  ],
  "best_values": [
    -7.7185468673706055,
    -7.7185468673706055,
    -7.7185468673706055,
    -6.445136547088623,
    -2.269512176513672,
    -2.269512176513672,
    -2.269512176513672,
    -2.269512176513672,
    -2.269512176513672,
    -2.269512176513672,
    -0.9382009506225586,
    -0.9382009506225586,
    -0.9382009506225586,
    -0.9382009506225586,
    -0.9382009506225586,
    -0.9382009506225586,
    -0.9382009506225586,
    -0.9382009506225586
  ],
  "queried_values": [
    -10.896522521972656,
    -14.649395942687988,
    -290.0107116699219,
    -6.445136547088623,
    -2.269512176513672,
    -20.370933532714844,
    -10.25371265411377,
    -20.73922348022461,
    -9.799449920654297,
    -8.634454727172852,
    -0.9382009506225586,
    -19.84520149230957,
    -18.118846893310547,
    -3.7854928970336914,
    -4.71329927444458,
    -8.271291732788086,
    -3.1700057983398438,
    -6.419327259063721
  ],
  "actual_gains": [
    -3.177975654602051,
    -6.930849075317383,
    -282.29217529296875,
    1.2734103202819824,
    4.175624370574951,
    -18.101421356201172,
    -7.984200477600098,
    -18.469711303710938,
    -7.529937744140625,
    -6.36494255065918,
    1.3313112258911133,
    -18.907001495361328,
    -17.180644989013672,
    -2.847291946411133,
    -3.7750983238220215,
    -7.333090782165527,
    -2.231804847717285,
    -5.481126308441162
  ],
  "proxy_rewards": [
    15.064148902893066,
    8.716363906860352,
    25.50038719177246,
    16.396032333374023,
    3.6022605895996094,
    12.261408805847168,
    4.827688694000244,
    0.004407969769090414,
    0.00010878117609536275,
    3.935133218765259,
    3.1052846908569336,
    0.062428124248981476,
    0.26104217767715454,
    0.054848674684762955,
    2.063626766204834,
    0.448659747838974,
    0.0029473123140633106,
    0.013286035507917404
  ],
  "proxy_improvements": [
    7.532024383544922,
    4.3580498695373535,
    12.750144004821777,
    8.197966575622559,
    1.7872586250305176,
    6.130651950836182,
    2.4097752571105957,
    -2.722566843032837,
    -5.821447849273682,
    1.9576473236083984,
    1.5296666622161865,
    -1.3720083236694336,
    -0.6050748825073242,
    -1.438751459121704,
    0.9638504981994629,
    -0.28453198075294495,
    -2.9299778938293457,
    -2.1609983444213867
  ],
  "floor_reward_flags": [
    0.0,
    0.0,
    0.0,
    0.0,
    0.02083333395421505,
    0.0,
    0.0,
    0.0729166641831398,
    0.28125,
    0.010416666977107525,
    0.0,
    0.0,
    0.0416666679084301,
    0.0,
    0.0,
    0.0833333358168602,
    0.010416666977107525,
    0.125
  ],
  "step_reward_std": [
    0.2793366312980652,
    0.49463900923728943,
    0.06889870762825012,
    4.121861457824707,
    0.983282208442688,
    1.7091073989868164,
    1.8027652502059937,
    0.0015095483977347612,
    3.827399268629961e-06,
    1.0252052545547485,
    1.2229670286178589,
    0.01771942339837551,
    0.11040714383125305,
    0.018434999510645866,
    0.8900948762893677,
    0.19825121760368347,
    0.000850999669637531,
    0.005906497593969107
  ],
  "step_improvement_std": [
    0.13966846466064453,
    0.24746428430080414,
    0.03444920480251312,
    2.0698821544647217,
    4.809966087341309,
    0.8548405766487122,
    2.5215234756469727,
    1.5312775373458862,
    9.811321258544922,
    1.1667296886444092,
    1.6904993057250977,
    0.8703914284706116,
    1.494544267654419,
    0.9049227237701416,
    1.524738073348999,
    2.4119479656219482,
    0.7026683688163757,
    3.1220293045043945
  ],
  "same_mask_repeat_std": [
    0.9729151129722595,
    0.5238438844680786,
    0.8588520288467407,
    1.1950472593307495,
    1.1629635095596313,
    1.5247079133987427,
    1.4012975692749023,
    0.9327710270881653,
    1.7308109998703003,
    1.291430115699768,
    1.063049077987671,
    0.904671311378479,
    1.3640928268432617,
    1.724012017250061,
    0.8261109590530396,
    0.8429298996925354,
    0.7525272965431213,
    0.7581666707992554
  ],
  "proxy_actual_gain_corr": -0.5719355890001108,
  "surrogate_train_times_sec": [
    0.9563742280006409,
    0.117015540599823,
    0.13072216510772705,
    0.11892753839492798,
    0.1190892904996872,
    0.11774925142526627,
    0.12906762957572937,
    0.11910849809646606,
    0.12042053788900375,
    0.1147126704454422,
    0.1185149997472763,
    0.19892403483390808,
    0.11444162577390671,
    0.12547317147254944,
    0.12873350083827972,
    0.13670624792575836,
    0.11545275151729584,
    0.1176362931728363
  ],
  "gfn_train_times_sec": [
    0.0,
    0.0,
    0.0,
    0.0,
    0.0,
    0.0,
    0.0,
    0.0,
    0.0,
    0.0,
    0.0,
    0.0,
    0.0,
    0.0,
    0.0,
    0.0,
    0.0,
    0.0
  ],
  "proposal_times_sec": [
    0.1781034618616104,
    0.17149175703525543,
    0.18288074433803558,
    0.17130611836910248,
    0.1733078807592392,
    0.16821283102035522,
    0.1710376739501953,
    0.16890187561511993,
    0.1772051304578781,
    0.1695457100868225,
    0.1720380038022995,
    0.17434562742710114,
    0.18146008253097534,
    0.16889053583145142,
    0.18198879063129425,
    0.17035582661628723,
    0.17272666096687317,
    0.1769467145204544
  ],
  "iteration_times_sec": [
    1.145448923110962,
    0.29953762888908386,
    0.3252623379230499,
    0.30084991455078125,
    0.30309420824050903,
    0.2965812087059021,
    0.31080833077430725,
    0.298440158367157,
    0.30803370475769043,
    0.29482871294021606,
    0.3011693060398102,
    0.38398662209510803,
    0.30719876289367676,
    0.3043864667415619,
    0.32138949632644653,
    0.31768208742141724,
    0.299107164144516,
    0.30510538816452026
  ],
  "total_wall_time_sec": 6.423769832937978
}
