{
  "seed": 3,
  "method": "random",
  "benchmark": "branin",
  "spec_name": "reward_protocol_softplus_scaled_v2",
  "regrets": [
    4.9067606925964355,
    4.9067606925964355,
    4.9067606925964355,
    4.9067606925964355,
    4.436506748199463,
    4.436506748199463,
    4.436506748199463,
    4.436506748199463,
    4.436506748199463,
    4.436506748199463,
    4.436506748199463,
    4.436506748199463,
    4.436506748199463,
    4.436506748199463,
    4.436506748199463,
    4.436506748199463,
    4.436506748199463,
    4.436506748199463
  ],
  "best_values": [
    -5.304647922515869,
    -5.304647922515869,
    -5.304647922515869,
    -5.304647922515869,
    -4.8343939781188965,
    -4.8343939781188965,
    -4.8343939781188965,
    -4.8343939781188965,
    -4.8343939781188965,
    -4.8343939781188965,
    -4.8343939781188965,
    -4.8343939781188965,
    -4.8343939781188965,
    -4.8343939781188965,
    -4.8343939781188965,
    -4.8343939781188965,
    -4.8343939781188965,
    -4.8343939781188965
  ],
  "queried_values": [
    -10.189760208129883,
    -9.275758743286133,
    -6.237730503082275,
    -6.501555919647217,
    -4.8343939781188965,
    -9.220476150512695,
    -6.209304332733154,
    -9.162718772888184,
    -8.665771484375,
    -7.241494655609131,
    -6.014538764953613,
    -6.945668697357178,
    -7.9592061042785645,
    -7.0137104988098145,
    -7.532135009765625,
    -7.087416172027588,
    -10.406229019165039,
    -9.061500549316406
  ],
  "actual_gains": [
    -4.885112285614014,
    -3.9711108207702637,
    -0.9330825805664062,
    -1.1969079971313477,
    0.47025394439697266,
    -4.386082172393799,
    -1.3749103546142578,
    -4.328324794769287,
    -3.8313775062561035,
    -2.4071006774902344,
    -1.1801447868347168,
    -2.1112747192382812,
    -3.124812126159668,
    -2.179316520690918,
    -2.6977410316467285,
    -2.2530221939086914,
    -5.571835041046143,
    -4.22710657119751
  ],
  "proxy_rewards": [
    0.18163862824440002,
    5.016059875488281,
    0.12278206646442413,
    10.387093544006348,
    2.1271629333496094,
    11.679830551147461,
    3.150249481201172,
    4.425425052642822,
    5.539916515350342,
    4.231311798095703,
    5.9148335456848145,
    0.9174211025238037,
    0.004019645974040031,
    0.07777741551399231,
    5.173300743103027,
    0.7631185054779053,
    0.44539400935173035,
    0.24138742685317993
  ],
  "proxy_improvements": [
    -0.8070723414421082,
    2.504653215408325,
    -1.0180954933166504,
    5.1934814453125,
    1.0000766515731812,
    5.839860916137695,
    1.5531795024871826,
    2.20664119720459,
    2.7679407596588135,
    2.1082851886749268,
    2.956015110015869,
    0.20359086990356445,
    -2.7698967456817627,
    -1.2580503225326538,
    2.583759069442749,
    0.06758890300989151,
    -0.28906258940696716,
    -0.64934903383255
  ],
  "floor_reward_flags": [
    0.0,
    0.0,
    0.0,
    0.0,
    0.010416666977107525,
    0.0,
    0.0,
    0.0,
    0.0,
    0.0,
    0.0,
    0.0,
    0.0,
    0.0,
    0.0,
    0.0,
    0.0,
    0.0
  ],
  "step_reward_std": [
    0.05210300534963608,
    8.881784197001252e-16,
    0.015398463234305382,
    1.188212513923645,
    0.456391304731369,
    0.22612226009368896,
    0.3050239384174347,
    8.881784197001252e-16,
    0.04992453753948212,
    8.881784197001252e-16,
    0.8901538252830505,
    0.09247776120901108,
    0.00022357019770424813,
    0.006105358246713877,
    0.7381635904312134,
    0.10322241485118866,
    0.04792551323771477,
    0.032996825873851776
  ],
  "step_improvement_std": [
    0.8269376754760742,
    4.440892098500626e-16,
    0.08782485127449036,
    0.5949625968933105,
    4.353969573974609,
    0.11306318640708923,
    0.19243259727954865,
    4.440892098500626e-16,
    0.02506733126938343,
    4.440892098500626e-16,
    0.4559454321861267,
    0.0851786807179451,
    0.03148125112056732,
    0.07707051187753677,
    0.7481725811958313,
    0.12393225729465485,
    0.07379084825515747,
    0.23392921686172485
  ],
  "same_mask_repeat_std": [
    1.8681330680847168,
    1.5927534103393555,
    1.1217000484466553,
    1.6694155931472778,
    1.9492985010147095,
    1.2102299928665161,
    1.781542181968689,
    1.0832388401031494,
    1.0265259742736816,
    0.7720420956611633,
    0.912941575050354,
    1.9679535627365112,
    0.8393197655677795,
    1.0855926275253296,
    0.5187719464302063,
    0.540224015712738,
    1.2024431228637695,
    0.7230823636054993
  ],
  "proxy_actual_gain_corr": 0.04530326229837838,
  "surrogate_train_times_sec": [
    0.11097041517496109,
    0.10910441726446152,
    0.11862962692975998,
    0.10900341719388962,
    0.10901308059692383,
    0.10960745811462402,
    0.11183037608861923,
    0.1153612956404686,
    0.1163264587521553,
    0.11622562259435654,
    0.11644983291625977,
    0.11527695506811142,
    0.11349612474441528,
    0.11313870549201965,
    0.10977146029472351,
    0.10932596027851105,
    0.12291737645864487,
    0.10975725203752518
  ],
  "gfn_train_times_sec": [
    0.0,
    0.0,
    0.0,
    0.0,
    0.0,
    0.0,
    0.0,
    0.0,
    0.0,
    0.0,
    0.0,
    0.0,
    0.0,
    0.0,
    0.0,
    0.0,
    0.0,
    0.0
  ],
  "proposal_times_sec": [
    0.16682371497154236,
    0.17168541252613068,
    0.1691230833530426,
    0.16685417294502258,
    0.1688764989376068,
    0.1701635867357254,
    0.16833704710006714,
    0.17952746152877808,
    0.17855766415596008,
    0.1727859228849411,
    0.17170916497707367,
    0.17086254060268402,
    0.17043738067150116,
    0.16657337546348572,
    0.17124271392822266,
    0.16801463067531586,
    0.16842937469482422,
    0.16674357652664185
  ],
  "iteration_times_sec": [
    0.28794917464256287,
    0.29128605127334595,
    0.29811030626296997,
    0.2861379086971283,
    0.2885560393333435,
    0.2902674674987793,
    0.2908693253993988,
    0.30554017424583435,
    0.30585262179374695,
    0.29943346977233887,
    0.2985578775405884,
    0.29672762751579285,
    0.29451826214790344,
    0.289838582277298,
    0.290988028049469,
    0.2876284122467041,
    0.3017597496509552,
    0.2871443033218384
  ],
  "total_wall_time_sec": 5.291975208092481
}
