{
  "seed": 2,
  "method": "random",
  "benchmark": "branin",
  "spec_name": "reward_protocol_softplus_scaled_v2",
  "regrets": [
    5.224915027618408,
    5.217525005340576,
    5.217525005340576,
    5.217525005340576,
    5.217525005340576,
    5.217525005340576,
    5.217525005340576,
    5.217525005340576,
    5.217525005340576,
    5.217525005340576,
    5.217525005340576,
    5.217525005340576,
    5.217525005340576,
    5.217525005340576,
    5.217525005340576,
    5.192541122436523,
    5.192541122436523,
    5.192541122436523
  ],
  "best_values": [
    -5.622802257537842,
    -5.61541223526001,
    -5.61541223526001,
    -5.61541223526001,
    -5.61541223526001,
    -5.61541223526001,
    -5.61541223526001,
    -5.61541223526001,
    -5.61541223526001,
    -5.61541223526001,
    -5.61541223526001,
    -5.61541223526001,
    -5.61541223526001,
    -5.61541223526001,
    -5.61541223526001,
    -5.590428352355957,
    -5.590428352355957,
    -5.590428352355957
  ],
  "queried_values": [
    -6.709662437438965,
    -5.61541223526001,
    -7.069571018218994,
    -7.730349540710449,
    -10.837651252746582,
    -9.92028522491455,
    -6.527298927307129,
    -7.058078289031982,
    -8.489579200744629,
    -9.588235855102539,
    -8.912996292114258,
    -9.581949234008789,
    -9.921407699584961,
    -8.278762817382812,
    -6.424537658691406,
    -5.590428352355957,
    -5.618099212646484,
    -8.89859390258789
  ],
  "actual_gains": [
    -1.086860179901123,
    0.007390022277832031,
    -1.4541587829589844,
    -2.1149373054504395,
    -5.222239017486572,
    -4.304872989654541,
    -0.9118866920471191,
    -1.4426660537719727,
    -2.874166965484619,
    -3.9728236198425293,
    -3.297584056854248,
    -3.9665369987487793,
    -4.305995464324951,
    -2.6633505821228027,
    -0.8091254234313965,
    0.024983882904052734,
    -0.027670860290527344,
    -3.3081655502319336
  ],
  "proxy_rewards": [
    37.4948616027832,
    12.75979995727539,
    8.938310623168945,
    7.324429988861084,
    10.469722747802734,
    6.026012420654297,
    5.385114669799805,
    5.12242317199707,
    0.03724053502082825,
    3.4539594650268555,
    0.1650904268026352,
    1.1944178342819214,
    0.38566258549690247,
    0.31622540950775146,
    0.18140186369419098,
    0.5182647109031677,
    0.078313447535038,
    0.23771020770072937
  ],
  "proxy_improvements": [
    18.74738121032715,
    6.379848480224609,
    4.469039440155029,
    3.661835193634033,
    5.23479700088501,
    3.011747121810913,
    2.6902096271514893,
    2.558171510696411,
    -1.6372092962265015,
    1.7108627557754517,
    -0.8591192960739136,
    0.4167381823062897,
    -0.3770419657230377,
    -0.4946965277194977,
    -0.8077858686447144,
    -0.19360871613025665,
    -1.2544760704040527,
    -0.657983660697937
  ],
  "floor_reward_flags": [
    0.010416666977107525,
    0.02083333395421505,
    0.0,
    0.0,
    0.0,
    0.010416666977107525,
    0.0,
    0.0,
    0.0,
    0.010416666977107525,
    0.0,
    0.010416666977107525,
    0.0,
    0.010416666977107525,
    0.0,
    0.0,
    0.0,
    0.0
  ],
  "step_reward_std": [
    3.80466890335083,
    1.819667935371399,
    0.12063781172037125,
    2.6645352591003757e-15,
    1.7763568394002505e-15,
    0.6118054986000061,
    0.45736971497535706,
    8.881784197001252e-16,
    0.00527549022808671,
    0.35077041387557983,
    0.03285723552107811,
    0.1212579533457756,
    5.551115123125783e-17,
    0.032095931470394135,
    0.030019642785191536,
    0.036503348499536514,
    0.01801733858883381,
    0.0009052901295945048
  ],
  "step_improvement_std": [
    3.2894914150238037,
    2.1674611568450928,
    0.06032858043909073,
    0.0,
    8.881784197001252e-16,
    2.450157403945923,
    0.25424760580062866,
    4.440892098500626e-16,
    0.3729517459869385,
    2.43211030960083,
    0.7285440564155579,
    0.7647396326065063,
    0.0,
    2.1652629375457764,
    0.14123351871967316,
    0.04819963872432709,
    0.34533846378326416,
    0.0021475208923220634
  ],
  "same_mask_repeat_std": [
    1.8447935581207275,
    0.7525804042816162,
    1.0383210182189941,
    1.4851245880126953,
    0.8193241953849792,
    0.8955458998680115,
    0.7555108070373535,
    0.5764310956001282,
    0.8586416840553284,
    0.37112295627593994,
    0.41718512773513794,
    0.89594966173172,
    0.4337616562843323,
    0.9556546807289124,
    0.45071932673454285,
    0.4246184527873993,
    0.11109250783920288,
    0.2825106680393219
  ],
  "proxy_actual_gain_corr": 0.16722184451565916,
  "surrogate_train_times_sec": [
    0.11748654395341873,
    0.11302199959754944,
    0.11773266643285751,
    0.11036666482686996,
    0.11819025129079819,
    0.11212429404258728,
    0.11754733324050903,
    0.11606716364622116,
    0.11660321056842804,
    0.11180049926042557,
    0.11004304140806198,
    0.11478741466999054,
    0.10662887245416641,
    0.11059179157018661,
    0.11282570660114288,
    0.11532025039196014,
    0.11264058202505112,
    0.1155669167637825
  ],
  "gfn_train_times_sec": [
    0.0,
    0.0,
    0.0,
    0.0,
    0.0,
    0.0,
    0.0,
    0.0,
    0.0,
    0.0,
    0.0,
    0.0,
    0.0,
    0.0,
    0.0,
    0.0,
    0.0,
    0.0
  ],
  "proposal_times_sec": [
    0.1729198694229126,
    0.17555728554725647,
    0.16606275737285614,
    0.17319679260253906,
    0.16665150225162506,
    0.16777637600898743,
    0.16711725294589996,
    0.16730079054832458,
    0.1662178784608841,
    0.16762278974056244,
    0.1699160784482956,
    0.16562967002391815,
    0.1651446670293808,
    0.1690436601638794,
    0.1681932955980301,
    0.1678982973098755,
    0.17162570357322693,
    0.16808441281318665
  ],
  "iteration_times_sec": [
    0.30108165740966797,
    0.2990802526473999,
    0.29413697123527527,
    0.29444095492362976,
    0.29564300179481506,
    0.2901098430156708,
    0.2954874038696289,
    0.29388856887817383,
    0.2947685122489929,
    0.2895295023918152,
    0.290391206741333,
    0.2905750274658203,
    0.2824896275997162,
    0.2900649607181549,
    0.2917872965335846,
    0.2932654619216919,
    0.29508453607559204,
    0.29358190298080444
  ],
  "total_wall_time_sec": 5.276210749987513
}
