{
  "seed": 1,
  "method": "random",
  "benchmark": "branin",
  "spec_name": "reward_protocol_softplus_scaled_v2",
  "regrets": [
    1.9835938215255737,
    1.9835938215255737,
    1.9835938215255737,
    1.9835938215255737,
    1.9835938215255737,
    1.9835938215255737,
    1.9835938215255737,
    1.9835938215255737,
    1.9835938215255737,
    1.9835938215255737,
    1.9835938215255737,
    1.9835938215255737,
    1.9835938215255737,
    1.9835938215255737,
    1.9835938215255737,
    1.9835938215255737,
    1.9835938215255737,
    1.9835938215255737
  ],
  "best_values": [
    -2.381481170654297,
    -2.381481170654297,
    -2.381481170654297,
    -2.381481170654297,
    -2.381481170654297,
    -2.381481170654297,
    -2.381481170654297,
    -2.381481170654297,
    -2.381481170654297,
    -2.381481170654297,
    -2.381481170654297,
    -2.381481170654297,
    -2.381481170654297,
    -2.381481170654297,
    -2.381481170654297,
    -2.381481170654297,
    -2.381481170654297,
    -2.381481170654297
  ],
  "queried_values": [
    -3.400947093963623,
    -20.601472854614258,
    -4.560078144073486,
    -25.600446701049805,
    -4.739233493804932,
    -6.1772966384887695,
    -13.319131851196289,
    -4.816737651824951,
    -17.227886199951172,
    -15.74199390411377,
    -3.914449691772461,
    -3.934197425842285,
    -5.716584205627441,
    -7.549785614013672,
    -5.294373035430908,
    -10.062283515930176,
    -3.816497325897217,
    -3.2645368576049805
  ],
  "actual_gains": [
    -1.0194659233093262,
    -18.21999168395996,
    -2.1785969734191895,
    -23.218965530395508,
    -2.3577523231506348,
    -3.7958154678344727,
    -10.937650680541992,
    -2.4352564811706543,
    -14.846405029296875,
    -13.360512733459473,
    -1.532968521118164,
    -1.5527162551879883,
    -3.3351030349731445,
    -5.168304443359375,
    -2.9128918647766113,
    -7.680802345275879,
    -1.43501615524292,
    -0.8830556869506836
  ],
  "proxy_rewards": [
    76.03045654296875,
    65.11713409423828,
    27.14713478088379,
    21.831377029418945,
    13.602943420410156,
    4.891087055206299,
    9.351764678955078,
    9.427499771118164,
    14.769247055053711,
    0.0037871317472308874,
    2.4581189155578613,
    0.10056362301111221,
    9.713763236999512,
    0.053762178868055344,
    2.5902037620544434,
    9.281169891357422,
    9.444206237792969,
    0.25505325198173523
  ],
  "proxy_improvements": [
    38.01517868041992,
    32.55851745605469,
    13.573517799377441,
    10.91563892364502,
    6.801421165466309,
    2.4417223930358887,
    4.675788879394531,
    4.713659763336182,
    7.384573459625244,
    -2.8005311489105225,
    1.1842634677886963,
    -1.1236536502838135,
    4.856801509857178,
    -1.4490479230880737,
    1.256064534187317,
    4.640488147735596,
    4.722013473510742,
    -0.6182457208633423
  ],
  "floor_reward_flags": [
    0.0,
    0.0,
    0.0,
    0.0,
    0.0,
    0.010416666977107525,
    0.0,
    0.0,
    0.0,
    0.03125,
    0.0,
    0.15625,
    0.010416666977107525,
    0.0,
    0.010416666977107525,
    0.0,
    0.0,
    0.0
  ],
  "step_reward_std": [
    16.419836044311523,
    9.660248756408691,
    5.530414581298828,
    6.803490161895752,
    4.304399490356445,
    1.027847170829773,
    2.513737678527832,
    2.3476555347442627,
    5.5104660987854,
    0.0012593786232173443,
    1.0414834022521973,
    0.047068338841199875,
    4.076450347900391,
    0.01763145811855793,
    0.9854532480239868,
    4.327791213989258,
    1.9822181463241577,
    0.10425311326980591
  ],
  "step_improvement_std": [
    8.209918022155762,
    4.8301310539245605,
    2.7652082443237305,
    3.4465911388397217,
    3.6355278491973877,
    1.4524966478347778,
    1.8182117938995361,
    1.2506890296936035,
    2.80741548538208,
    0.9260271787643433,
    1.5144903659820557,
    3.0753862857818604,
    2.776845932006836,
    0.379314661026001,
    2.725101947784424,
    3.646275281906128,
    1.0379037857055664,
    1.3830257654190063
  ],
  "same_mask_repeat_std": [
    1.588672161102295,
    2.1400065422058105,
    0.9691171646118164,
    1.511303424835205,
    1.1119940280914307,
    1.312334418296814,
    0.461104154586792,
    1.267243504524231,
    1.8807743787765503,
    1.0913164615631104,
    1.7449820041656494,
    0.6948805451393127,
    1.291106104850769,
    0.6939167976379395,
    0.8152859210968018,
    1.931532382965088,
    1.585199236869812,
    0.7438924312591553
  ],
  "proxy_actual_gain_corr": -0.21592138676044997,
  "surrogate_train_times_sec": [
    0.11600208282470703,
    0.11670287698507309,
    0.11801041662693024,
    0.11674337834119797,
    0.11308491975069046,
    0.1240643784403801,
    0.11207537353038788,
    0.11010453850030899,
    0.11000091582536697,
    0.11048437654972076,
    0.11201658099889755,
    0.11629441380500793,
    0.11196862161159515,
    0.11255104094743729,
    0.11071741580963135,
    0.10963133722543716,
    0.11539237201213837,
    0.1131892055273056
  ],
  "gfn_train_times_sec": [
    0.0,
    0.0,
    0.0,
    0.0,
    0.0,
    0.0,
    0.0,
    0.0,
    0.0,
    0.0,
    0.0,
    0.0,
    0.0,
    0.0,
    0.0,
    0.0,
    0.0,
    0.0
  ],
  "proposal_times_sec": [
    0.17619620263576508,
    0.16869699954986572,
    0.17381875216960907,
    0.16625186800956726,
    0.1701979637145996,
    0.17656296491622925,
    0.16945607960224152,
    0.16770416498184204,
    0.16836562752723694,
    0.16774392127990723,
    0.16774621605873108,
    0.17364570498466492,
    0.16565783321857452,
    0.16676512360572815,
    0.16497033834457397,
    0.16842079162597656,
    0.16688324511051178,
    0.17026196420192719
  ],
  "iteration_times_sec": [
    0.30230066180229187,
    0.2957102954387665,
    0.30238616466522217,
    0.29332995414733887,
    0.29567956924438477,
    0.31086546182632446,
    0.29192787408828735,
    0.28828367590904236,
    0.28864240646362305,
    0.2889654040336609,
    0.29003217816352844,
    0.30059561133384705,
    0.2876751720905304,
    0.2901071608066559,
    0.2858176529407501,
    0.28829073905944824,
    0.29288074374198914,
    0.29393813014030457
  ],
  "total_wall_time_sec": 5.288258916931227
}
