{
  "seed": 4,
  "method": "random",
  "benchmark": "branin",
  "spec_name": "reward_protocol_softplus_scaled_v2",
  "regrets": [
    3.2858641147613525,
    3.2858641147613525,
    3.2858641147613525,
    3.2858641147613525,
    3.2858641147613525,
    3.2858641147613525,
    3.2858641147613525,
    3.2858641147613525,
    3.2858641147613525,
    3.2858641147613525,
    3.2858641147613525,
    3.2858641147613525,
    3.2858641147613525,
    3.2858641147613525,
    3.2858641147613525,
    3.2858641147613525,
    3.2858641147613525,
    3.2858641147613525
  ],
  "best_values": [
    -3.6837515830993652,
    -3.6837515830993652,
    -3.6837515830993652,
    -3.6837515830993652,
    -3.6837515830993652,
    -3.6837515830993652,
    -3.6837515830993652,
    -3.6837515830993652,
    -3.6837515830993652,
    -3.6837515830993652,
    -3.6837515830993652,
    -3.6837515830993652,
    -3.6837515830993652,
    -3.6837515830993652,
    -3.6837515830993652,
    -3.6837515830993652,
    -3.6837515830993652,
    -3.6837515830993652
  ],
  "queried_values": [
    -5.734039306640625,
    -17.20921516418457,
    -5.777707099914551,
    -20.59784698486328,
    -15.96878433227539,
    -7.1973114013671875,
    -13.24360466003418,
    -6.039591312408447,
    -4.989388942718506,
    -4.984287738800049,
    -5.96544075012207,
    -8.057069778442383,
    -4.951131820678711,
    -4.785799980163574,
    -5.054669380187988,
    -5.654735088348389,
    -6.407851219177246,
    -10.217437744140625
  ],
  "actual_gains": [
    -2.0502877235412598,
    -13.525463104248047,
    -2.0939555168151855,
    -16.914094924926758,
    -12.285032272338867,
    -3.5135598182678223,
    -9.559852600097656,
    -2.355839729309082,
    -1.3056373596191406,
    -1.3005361557006836,
    -2.281689167022705,
    -4.373318195343018,
    -1.2673802375793457,
    -1.102048397064209,
    -1.370917797088623,
    -1.9709835052490234,
    -2.724099636077881,
    -6.53368616104126
  ],
  "proxy_rewards": [
    25.881607055664062,
    40.294368743896484,
    19.175189971923828,
    0.2457018345594406,
    9.094586372375488,
    0.00010065672540804371,
    0.010388631373643875,
    6.013549327850342,
    3.9113669395446777,
    0.00010022853530244902,
    0.16902686655521393,
    0.8401866555213928,
    0.00018041464500129223,
    1.050473928451538,
    0.023593557998538017,
    0.5655725598335266,
    0.0001455984456697479,
    0.24514272809028625
  ],
  "proxy_improvements": [
    12.940753936767578,
    20.14713478088379,
    9.587545394897461,
    -0.6393653154373169,
    4.547186851501465,
    -7.117997169494629,
    -2.285783529281616,
    3.005500316619873,
    1.9455244541168213,
    -7.6457905769348145,
    -0.8463186025619507,
    0.13751402497291565,
    -4.714137077331543,
    0.3099440038204193,
    -1.8696296215057373,
    -0.13703465461730957,
    -4.997807025909424,
    -0.6406503319740295
  ],
  "floor_reward_flags": [
    0.0,
    0.0,
    0.0,
    0.0,
    0.03125,
    1.0,
    0.0416666679084301,
    0.010416666977107525,
    0.0,
    1.0,
    0.0,
    0.02083333395421505,
    0.0833333358168602,
    0.0,
    0.010416666977107525,
    0.0,
    0.0520833320915699,
    0.0
  ],
  "step_reward_std": [
    1.7121186256408691,
    5.251672267913818,
    2.3895890712738037,
    0.06269866973161697,
    2.17547607421875,
    2.347423730952869e-07,
    0.0033370184246450663,
    0.6834083199501038,
    1.098256230354309,
    6.409678121599427e-08,
    0.03869716078042984,
    0.20217980444431305,
    2.482854324625805e-05,
    0.235759899020195,
    0.007689345628023148,
    0.19515642523765564,
    1.665062882238999e-05,
    0.07293365150690079
  ],
  "step_improvement_std": [
    0.8560593128204346,
    2.7387521266937256,
    1.194798469543457,
    0.6732097268104553,
    2.671966075897217,
    0.8212674260139465,
    1.2681350708007812,
    1.0865287780761719,
    0.975781261920929,
    1.022839069366455,
    0.22008781135082245,
    1.8755415678024292,
    1.2088189125061035,
    0.46115151047706604,
    0.7881600260734558,
    0.9303764700889587,
    1.2848284244537354,
    1.2851170301437378
  ],
  "same_mask_repeat_std": [
    1.9525916576385498,
    1.603589653968811,
    1.2596954107284546,
    1.4563814401626587,
    0.9853381514549255,
    0.7928506731987,
    1.8436636924743652,
    1.0161188840866089,
    0.7518690824508667,
    0.9313660264015198,
    0.8249896764755249,
    0.6877167224884033,
    1.2660048007965088,
    1.046985149383545,
    0.5705345869064331,
    0.8486565947532654,
    0.5117546319961548,
    0.4610069990158081
  ],
  "proxy_actual_gain_corr": -0.31591928997936103,
  "surrogate_train_times_sec": [
    0.11797812581062317,
    0.10963641852140427,
    0.10882650315761566,
    0.11506208032369614,
    0.10890550166368484,
    0.11860166490077972,
    0.128286212682724,
    0.1068233773112297,
    0.11766304075717926,
    0.11611466854810715,
    0.11408820748329163,
    0.11470624804496765,
    0.11121595650911331,
    0.11444070935249329,
    0.11791525036096573,
    0.11382591724395752,
    0.1136140376329422,
    0.11699262261390686
  ],
  "gfn_train_times_sec": [
    0.0,
    0.0,
    0.0,
    0.0,
    0.0,
    0.0,
    0.0,
    0.0,
    0.0,
    0.0,
    0.0,
    0.0,
    0.0,
    0.0,
    0.0,
    0.0,
    0.0,
    0.0
  ],
  "proposal_times_sec": [
    0.1707441657781601,
    0.16987691819667816,
    0.1663937121629715,
    0.16744554042816162,
    0.16953638195991516,
    0.20069879293441772,
    0.16591620445251465,
    0.16533511877059937,
    0.1704428344964981,
    0.16974487900733948,
    0.16824036836624146,
    0.1685095876455307,
    0.16884979605674744,
    0.16826270520687103,
    0.17100095748901367,
    0.16841545701026917,
    0.1699221283197403,
    0.1703002154827118
  ],
  "iteration_times_sec": [
    0.29899781942367554,
    0.2896935045719147,
    0.2858648896217346,
    0.2931855022907257,
    0.28900545835494995,
    0.3338719308376312,
    0.30463653802871704,
    0.2825794517993927,
    0.2981830835342407,
    0.2957437038421631,
    0.2936641275882721,
    0.29320991039276123,
    0.29059475660324097,
    0.29295963048934937,
    0.2995116710662842,
    0.2922205924987793,
    0.2936294674873352,
    0.2971915304660797
  ],
  "total_wall_time_sec": 5.325522082974203
}
