{
  "suite": "main_v2",
  "profile": "smoke",
  "runs": [
    {
      "spec_name": "main_v2",
      "benchmark": "branin",
      "artifact_dir": "/Users/ayana.mussabayeva/projects/domaha/sequential_desicion_project/artifacts_v2/main_v2/branin/20260422_212847_254000",
      "summary": {
        "random": {
          "mean_regret": [
            7.636749744415283,
            3.9069876670837402,
            3.9069876670837402,
            3.549499750137329
          ],
          "std_regret": [
            5.474431991577148,
            1.744670033454895,
            1.744670033454895,
            2.1021578311920166
          ],
          "mean_best_value": [
            -8.034637451171875,
            -4.304874897003174,
            -4.304874897003174,
            -3.9473869800567627
          ],
          "std_best_value": [
            5.474431991577148,
            1.7446699142456055,
            1.7446699142456055,
            2.1021578311920166
          ],
          "mean_query_value": [
            -8.303773880004883,
            -5.186095237731934,
            -11.793556213378906,
            -5.921804904937744
          ],
          "std_query_value": [
            5.743568420410156,
            0.8634493350982666,
            6.979405879974365,
            4.076575756072998
          ],
          "final_regret_mean": 3.549499750137329,
          "final_regret_std": 2.1021578311920166,
          "floor_reward_fraction_mean": 0.0,
          "step_reward_std_mean": 0.07534020394086838,
          "step_improvement_std_mean": 0.10636427998542786,
          "same_mask_repeat_std_mean": 0.9749964475631714,
          "proxy_actual_gain_corr_mean": 0.6237483620643616,
          "total_time_mean_sec": 0.4713968334835954
        },
        "gfn": {
          "mean_regret": [
            7.636749744415283,
            3.9069876670837402,
            3.9069876670837402,
            3.549499750137329
          ],
          "std_regret": [
            5.474431991577148,
            1.744670033454895,
            1.744670033454895,
            2.1021578311920166
          ],
          "mean_best_value": [
            -8.034637451171875,
            -4.304874897003174,
            -4.304874897003174,
            -3.9473869800567627
          ],
          "std_best_value": [
            5.474431991577148,
            1.7446699142456055,
            1.7446699142456055,
            2.1021578311920166
          ],
          "mean_query_value": [
            -8.303773880004883,
            -10.369808197021484,
            -11.793556213378906,
            -5.921804904937744
          ],
          "std_query_value": [
            5.743568420410156,
            4.320263862609863,
            6.979405879974365,
            4.076575756072998
          ],
          "final_regret_mean": 3.549499750137329,
          "final_regret_std": 2.1021578311920166,
          "floor_reward_fraction_mean": 0.0,
          "step_reward_std_mean": 0.22583648562431335,
          "step_improvement_std_mean": 2.7465128898620605,
          "same_mask_repeat_std_mean": 1.0742193460464478,
          "proxy_actual_gain_corr_mean": 0.6046737432479858,
          "total_time_mean_sec": 0.46233416598988697
        },
        "tradeoff": {
          "regret_gain_of_gfn": 0.0,
          "slowdown_factor": 0.9807748655697667
        }
      }
    },
    {
      "spec_name": "main_v2",
      "benchmark": "hartmann6",
      "artifact_dir": "/Users/ayana.mussabayeva/projects/domaha/sequential_desicion_project/artifacts_v2/main_v2/hartmann6/20260422_212849_288403",
      "summary": {
        "random": {
          "mean_regret": [
            2.544907569885254,
            2.544907569885254,
            2.544907569885254,
            1.8615951538085938
          ],
          "std_regret": [
            0.14974963665008545,
            0.14974963665008545,
            0.14974963665008545,
            0.8330618739128113
          ],
          "mean_best_value": [
            0.7774605751037598,
            0.7774605751037598,
            0.7774605751037598,
            1.4607727527618408
          ],
          "std_best_value": [
            0.1497497260570526,
            0.1497497260570526,
            0.1497497260570526,
            0.833061933517456
          ],
          "mean_query_value": [
            0.016954056918621063,
            0.4025647044181824,
            0.40969568490982056,
            1.2693134546279907
          ],
          "std_query_value": [
            0.01646154373884201,
            0.23281367123126984,
            0.2063237577676773,
            1.0245212316513062
          ],
          "final_regret_mean": 1.8615951538085938,
          "final_regret_std": 0.8330618739128113,
          "floor_reward_fraction_mean": 0.0,
          "step_reward_std_mean": 0.19426751136779785,
          "step_improvement_std_mean": 0.0020798244513571262,
          "same_mask_repeat_std_mean": 0.016559958457946777,
          "proxy_actual_gain_corr_mean": 0.7696727514266968,
          "total_time_mean_sec": 0.07460920797893777
        },
        "gfn": {
          "mean_regret": [
            2.544907569885254,
            2.4227046966552734,
            2.4227046966552734,
            1.8615951538085938
          ],
          "std_regret": [
            0.14974963665008545,
            0.2719525098800659,
            0.2719525098800659,
            0.8330618739128113
          ],
          "mean_best_value": [
            0.7774605751037598,
            0.8996633887290955,
            0.8996633887290955,
            1.4607727527618408
          ],
          "std_best_value": [
            0.1497497260570526,
            0.2719525694847107,
            0.2719525694847107,
            0.833061933517456
          ],
          "mean_query_value": [
            0.016954056918621063,
            0.6706835031509399,
            0.40969568490982056,
            1.2693134546279907
          ],
          "std_query_value": [
            0.01646154373884201,
            0.5009324550628662,
            0.2063237577676773,
            1.0245212316513062
          ],
          "final_regret_mean": 1.8615951538085938,
          "final_regret_std": 0.8330618739128113,
          "floor_reward_fraction_mean": 0.0,
          "step_reward_std_mean": 0.28986209630966187,
          "step_improvement_std_mean": 0.015890149399638176,
          "same_mask_repeat_std_mean": 0.015044908039271832,
          "proxy_actual_gain_corr_mean": -0.16982045769691467,
          "total_time_mean_sec": 0.5857246250379831
        },
        "tradeoff": {
          "regret_gain_of_gfn": 0.0,
          "slowdown_factor": 7.850567522487753
        }
      }
    },
    {
      "spec_name": "main_v2",
      "benchmark": "ackley10",
      "artifact_dir": "/Users/ayana.mussabayeva/projects/domaha/sequential_desicion_project/artifacts_v2/main_v2/ackley10/20260422_212850_664463",
      "summary": {
        "random": {
          "mean_regret": [
            20.251590728759766,
            20.251590728759766,
            20.251590728759766,
            20.251590728759766
          ],
          "std_regret": [
            0.21873092651367188,
            0.21873092651367188,
            0.21873092651367188,
            0.21873092651367188
          ],
          "mean_best_value": [
            -20.251590728759766,
            -20.251590728759766,
            -20.251590728759766,
            -20.251590728759766
          ],
          "std_best_value": [
            0.21873092651367188,
            0.21873092651367188,
            0.21873092651367188,
            0.21873092651367188
          ],
          "mean_query_value": [
            -21.652883529663086,
            -21.039541244506836,
            -21.12131690979004,
            -21.245210647583008
          ],
          "std_query_value": [
            0.07502174377441406,
            0.4410266876220703,
            0.3781299591064453,
            0.09226417541503906
          ],