{
  "summary": {
    "random": {
      "mean_regret": [
        20.5858211517334,
        20.5858211517334,
        20.5858211517334,
        20.5858211517334
      ],
      "std_regret": [
        0.06740379333496094,
        0.06740379333496094,
        0.06740379333496094,
        0.06740379333496094
      ],
      "mean_best_value": [
        -20.5858211517334,
        -20.5858211517334,
        -20.5858211517334,
        -20.5858211517334
      ],
      "std_best_value": [
        0.06740379333496094,
        0.06740379333496094,
        0.06740379333496094,
        0.06740379333496094
      ],
      "mean_query_value": [
        -21.308963775634766,
        -21.35209083557129,
        -20.910737991333008,
        -21.454843521118164
      ],
      "std_query_value": [
        0.14321517944335938,
        0.2131786346435547,
        0.25693321228027344,
        0.14057350158691406
      ],
      "final_regret_mean": 20.5858211517334,
      "final_regret_std": 0.06740379333496094,
      "floor_reward_fraction_mean": 0.0,
      "step_reward_std_mean": 0.14926280081272125,
      "step_improvement_std_mean": 0.0019358285935595632,
      "same_mask_repeat_std_mean": 0.025284990668296814,
      "proxy_actual_gain_corr_mean": 0.22867213189601898,
      "total_time_mean_sec": 0.08554054156411439
    },
    "gfn": {
      "mean_regret": [
        20.5858211517334,
        20.5858211517334,
        20.5858211517334,
        20.5858211517334
      ],
      "std_regret": [
        0.06740379333496094,
        0.06740379333496094,
        0.06740379333496094,
        0.06740379333496094
      ],
      "mean_best_value": [
        -20.5858211517334,
        -20.5858211517334,
        -20.5858211517334,
        -20.5858211517334
      ],
      "std_best_value": [
        0.06740379333496094,
        0.06740379333496094,
        0.06740379333496094,
        0.06740379333496094
      ],
      "mean_query_value": [
        -21.308963775634766,
        -20.97694969177246,
        -21.620332717895508,
        -21.310012817382812
      ],
      "std_query_value": [
        0.14321517944335938,
        0.16196250915527344,
        0.26554298400878906,
        0.2293548583984375
      ],
      "final_regret_mean": 20.5858211517334,
      "final_regret_std": 0.06740379333496094,
      "floor_reward_fraction_mean": 0.0,
      "step_reward_std_mean": 0.3130528926849365,
      "step_improvement_std_mean": 0.02975820004940033,
      "same_mask_repeat_std_mean": 0.022657830268144608,
      "proxy_actual_gain_corr_mean": -0.05707724392414093,
      "total_time_mean_sec": 0.7925508124753833
    },
    "tradeoff": {
      "regret_gain_of_gfn": 0.0,
      "slowdown_factor": 9.265206859619308
    }
  },
  "random_trials": [
    {
      "seed": 0,
      "method": "random",
      "benchmark": "ackley10",
      "spec_name": "pool_shared_v2",
      "regrets": [
        20.518417358398438,
        20.518417358398438,
        20.518417358398438,
        20.518417358398438
      ],
      "best_values": [
        -20.518417358398438,
        -20.518417358398438,
        -20.518417358398438,
        -20.518417358398438
      ],
      "queried_values": [
        -21.452178955078125,
        -21.138912200927734,
        -21.16767120361328,
        -21.595417022705078
      ],
      "actual_gains": [
        -0.9337615966796875,
        -0.6204948425292969,
        -0.6492538452148438,
        -1.0769996643066406
      ],
      "proxy_rewards": [
        1.0,
        1.0,
        1.0,
        1.0
      ],
      "proxy_improvements": [
        -0.29500460624694824,
        -0.3450271189212799,
        -0.46048563718795776,
        -0.4410828649997711
      ],
      "floor_reward_flags": [
        0.0,
        0.0,
        0.0,
        0.0
      ],
      "step_reward_std": [
        0.3510209023952484,
        0.0,
        0.0,
        0.3105649948120117
      ],
      "step_improvement_std": [
        0.0036195882130414248,
        0.0,
        0.0,
        0.008624802343547344
      ],
      "same_mask_repeat_std": [
        0.034847602248191833,
        0.015405336394906044,
        0.031708743423223495,
        0.025348039343953133
      ],
      "proxy_actual_gain_corr": -0.014111031264704988,
      "surrogate_train_times_sec": [
        0.013977041468024254,
        0.012909292243421078,
        0.012991249561309814,
        0.013032042421400547
      ],
      "gfn_train_times_sec": [
        0.0,
        0.0,
        0.0,
        0.0
      ],
      "proposal_times_sec": [
        0.005130290985107422,
        0.005248833913356066,
        0.005547124892473221,
        0.00530204176902771
      ],
      "iteration_times_sec": [
        0.021998457610607147,
        0.021071000024676323,
        0.02156062424182892,
        0.02119891718029976
      ],
      "total_wall_time_sec": 0.0859131250763312
    },
    {
      "seed": 1,
      "method": "random",
      "benchmark": "ackley10",
      "spec_name": "pool_shared_v2",
      "regrets": [
        20.65322494506836,
        20.65322494506836,
        20.65322494506836,
        20.65322494506836
      ],
      "best_values": [
        -20.65322494506836,
        -20.65322494506836,
        -20.65322494506836,
        -20.65322494506836
      ],
      "queried_values": [
        -21.165748596191406,
        -21.565269470214844,
        -20.653804779052734,
        -21.31427001953125
      ],
      "actual_gains": [
        -0.5125236511230469,
        -0.9120445251464844,
        -0.000579833984375,
        -0.6610450744628906
      ],
      "proxy_rewards": [
        1.0,
        1.0,
        1.0,
        1.0
      ],
      "proxy_improvements": [
        -0.15487158298492432,
        -0.2131579965353012,
        -0.18422380089759827,
        -0.1979338824748993
      ],
      "floor_reward_flags": [
        0.0,
        0.0,
        0.0,
        0.0
      ],
      "step_reward_std": [
        0.2791632115840912,
        0.0,
        0.0,
        0.2533532679080963
      ],
      "step_improvement_std": [
        0.001050563994795084,
        0.0,
        0.0,
        0.0021916746627539396
      ],
      "same_mask_repeat_std": [
        0.034175436943769455,
        0.01440530177205801,
        0.025596434250473976,
        0.020793035626411438
      ],
      "proxy_actual_gain_corr": 0.4714553091935069,
      "surrogate_train_times_sec": [
        0.012383375316858292,
        0.012757042422890663,
        0.012971666641533375,
        0.013078542426228523
      ],
      "gfn_train_times_sec": [
        0.0,
        0.0,
        0.0,
        0.0
      ],
      "proposal_times_sec": [
        0.005739166866987944,
        0.0053848749957978725,
        0.005547374952584505,
        0.005122249945998192
      ],
      "iteration_times_sec": [
        0.021278999745845795,
        0.021098792552947998,
        0.02154962532222271,
        0.02113933302462101
      ],
      "total_wall_time_sec": 0.08516795805189759
    }
  ],
  "gfn_trials": [
    {
      "seed": 0,
      "method": "gfn",
      "benchmark": "ackley10",
      "spec_name": "pool_shared_v2",
      "regrets": [
        20.518417358398438,
        20.518417358398438,
        20.518417358398438,
        20.518417358398438
      ],
      "best_values": [
        -20.518417358398438,
        -20.518417358398438,
        -20.518417358398438,
        -20.518417358398438
      ],
      "queried_values": [
        -21.452178955078125,
        -21.138912200927734,
        -21.885875701904297,
        -21.080657958984375
      ],
      "actual_gains": [
        -0.9337615966796875,
        -0.6204948425292969,
        -1.3674583435058594,
        -0.5622406005859375
      ],
      "proxy_rewards": [
        1.0,
        1.0,
        1.0,
        1.0
      ],
      "proxy_improvements": [
        -0.29500460624694824,
        -0.45197486877441406,
        -0.44590163230895996,
        -0.514028012752533
      ],