{
  "seed": 3,
  "method": "gfn",
  "benchmark": "hartmann6",
  "spec_name": "reward_protocol_zscore_v2",
  "regrets": [
    1.8671106100082397,
    1.8671106100082397,
    1.8671106100082397,
    1.8671106100082397,
    1.8671106100082397,
    1.8671106100082397,
    1.8671106100082397,
    1.8671106100082397,
    1.8671106100082397,
    1.6711654663085938,
    1.6711654663085938,
    1.6711654663085938,
    1.6711654663085938,
    1.6711654663085938,
    1.50226628780365,
    1.50226628780365,
    1.50226628780365,
    1.50226628780365,
    1.50226628780365,
    1.50226628780365,
    1.50226628780365,
    1.114824891090393
  ],
  "best_values": [
    1.4552574157714844,
    1.4552574157714844,
    1.4552574157714844,
    1.4552574157714844,
    1.4552574157714844,
    1.4552574157714844,
    1.4552574157714844,
    1.4552574157714844,
    1.4552574157714844,
    1.6512025594711304,
    1.6512025594711304,
    1.6512025594711304,
    1.6512025594711304,
    1.6512025594711304,
    1.8201017379760742,
    1.8201017379760742,
    1.8201017379760742,
    1.8201017379760742,
    1.8201017379760742,
    1.8201017379760742,
    1.8201017379760742,
    2.207543134689331
  ],
  "queried_values": [
    0.768438994884491,
    1.181379795074463,
    0.6535059809684753,
    0.3214315176010132,
    0.19242459535598755,
    1.403510332107544,
    1.0664345026016235,
    0.5716308951377869,
    0.943793535232544,
    1.6512025594711304,
    0.7569081783294678,
    1.4167009592056274,
    0.8924759030342102,
    1.1173468828201294,
    1.8201017379760742,
    1.3552192449569702,
    1.6738247871398926,
    1.525879144668579,
    1.1560055017471313,
    1.441152811050415,
    0.5607355833053589,
    2.207543134689331
  ],
  "actual_gains": [
    -0.6868184208869934,
    -0.2738776206970215,
    -0.801751434803009,
    -1.1338258981704712,
    -1.2628328800201416,
    -0.05174708366394043,
    -0.38882291316986084,
    -0.8836265206336975,
    -0.5114638805389404,
    0.195945143699646,
    -0.8942943811416626,
    -0.23450160026550293,
    -0.7587266564369202,
    -0.533855676651001,
    0.16889917850494385,
    -0.464882493019104,
    -0.14627695083618164,
    -0.2942225933074951,
    -0.6640962362289429,
    -0.3789489269256592,
    -1.2593661546707153,
    0.38744139671325684
  ],
  "proxy_rewards": [
    0.9229931831359863,
    1.1540977954864502,
    1.0364046096801758,
    1.2274354696273804,
    1.055893898010254,
    1.1105951070785522,
    0.9401177167892456,
    1.0171464681625366,
    1.143105387687683,
    0.9669597744941711,
    0.7858009338378906,
    1.10395348072052,
    1.0976495742797852,
    1.034989833831787,
    1.089796543121338,
    1.2841700315475464,
    0.970109760761261,
    1.1673110723495483,
    1.260534644126892,
    1.027330756187439,
    1.1712653636932373,
    1.0845057964324951
  ],
  "proxy_improvements": [
    0.3042151629924774,
    0.11627623438835144,
    -0.0245805773884058,
    -0.027121350169181824,
    -0.033157121390104294,
    -0.4039160907268524,
    -0.06002194434404373,
    -0.20220069587230682,
    -0.2770395278930664,
    -0.35138651728630066,
    -0.19852429628372192,
    -0.3532428741455078,
    -0.38322487473487854,
    -0.30832940340042114,
    -0.4437900483608246,
    -0.6147889494895935,
    -0.3865784704685211,
    -0.3710588812828064,
    -0.5549755096435547,
    -0.3920147120952606,
    -0.372119665145874,
    -0.30447205901145935
  ],
  "floor_reward_flags": [
    0.0,
    0.0,
    0.0,
    0.0,
    0.0,
    0.0,
    0.0,
    0.0,
    0.0,
    0.0,
    0.0,
    0.0,
    0.0,
    0.0,
    0.0,
    0.0,
    0.0,
    0.0,
    0.0,
    0.0,
    0.0,
    0.0
  ],
  "step_reward_std": [
    0.22560127079486847,
    0.39133524894714355,
    0.31687870621681213,
    0.3855662941932678,
    0.32870468497276306,
    0.30106034874916077,
    0.28158146142959595,
    0.2846221625804901,
    0.3895833194255829,
    0.29423952102661133,
    0.13562528789043427,
    0.3415372371673584,
    0.32982125878334045,
    0.3559640049934387,
    0.32319554686546326,
    0.3805219829082489,
    0.27810603380203247,
    0.28909873962402344,
    0.3998594880104065,
    0.2848452031612396,
    0.34820932149887085,
    0.3267470598220825
  ],
  "step_improvement_std": [
    0.12603946030139923,
    0.09997211396694183,
    0.13332098722457886,
    0.11705727875232697,
    0.1361730694770813,
    0.1299249678850174,
    0.15153904259204865,
    0.17597584426403046,
    0.13725531101226807,
    0.1773560494184494,
    0.15228049457073212,
    0.1757763773202896,
    0.14371149241924286,
    0.18808792531490326,
    0.18641476333141327,
    0.1975235939025879,
    0.14300765097141266,
    0.1649782657623291,
    0.09632576256990433,
    0.1147516593337059,
    0.13869169354438782,
    0.21450836956501007
  ],
  "same_mask_repeat_std": [
    0.057340748608112335,
    0.0730784460902214,
    0.044510290026664734,
    0.09562136232852936,
    0.012718025594949722,
    0.028820442035794258,
    0.04341639578342438,
    0.09920129925012589,
    0.1274251937866211,
    0.06009695678949356,
    0.04598262161016464,
    0.06688748300075531,
    0.046724915504455566,
    0.06543652713298798,
    0.07160212844610214,
    0.06194749101996422,
    0.10464324802160263,
    0.04911864548921585,
    0.14243298768997192,
    0.04827125370502472,
    0.0195118710398674,
    0.07659085094928741
  ],
  "proxy_actual_gain_corr": -0.3226072993751027,
  "surrogate_train_times_sec": [
    0.1252070814371109,
    0.15056467056274414,
    0.1541062444448471,
    0.20216499269008636,
    0.12276779115200043,
    0.1469888687133789,
    0.1353023797273636,
    0.13428092002868652,
    0.13639883697032928,
    0.16902050375938416,
    0.12227066606283188,
    0.14214958250522614,
    0.1351727545261383,
    0.12631820142269135,
    0.12476562708616257,
    0.14430779218673706,
    0.1357594132423401,
    0.13554050028324127,
    0.13392487168312073,
    0.13533875346183777,
    0.12873391807079315,
    0.13957808911800385
  ],
  "gfn_train_times_sec": [
    20.675235748291016,
    21.69403076171875,
    26.97601890563965,
    21.567052841186523,
    24.329835891723633,
    21.348838806152344,
    22.772104263305664,
    21.45868682861328,
    23.969465255737305,
    23.494522094726562,
    19.59658432006836,
    18.957239151000977,
    18.207618713378906,
    18.076868057250977,
    18.13497543334961,
    18.137252807617188,
    18.183565139770508,
    18.34718894958496,
    18.207611083984375,
    18.481515884399414,
    18.303543090820312,
    18.389633178710938
  ],
  "proposal_times_sec": [
    21.113435745239258,
    22.154277801513672,
    27.544225692749023,
    21.948707580566406,
    24.742551803588867,
    21.721464157104492,
    23.145442962646484,
    21.82614517211914,
    24.454614639282227,
    23.865262985229492,
    19.969806671142578,
    19.333112716674805,
    18.582975387573242,
    18.45877456665039,
    18.508840560913086,
    18.518299102783203,
    18.577295303344727,
    18.72476577758789,
    18.591007232666016,
    18.860668182373047,
    18.686594009399414,
    18.772611618041992
  ],
  "iteration_times_sec": [
    21.253847122192383,
    22.322816848754883,
    27.721384048461914,
    22.165857315063477,
    24.88326644897461,
    21.88471794128418,
    23.2982177734375,
    21.97468376159668,
    24.610904693603516,
    24.051137924194336,
    20.107393264770508,
    19.491289138793945,
    18.734695434570312,
    18.602031707763672,
    18.65060806274414,
    18.67804527282715,
    18.728883743286133,
    18.878389358520508,
    18.7395076751709,
    19.012901306152344,
    18.83184242248535,
    18.926836013793945
  ],
  "total_wall_time_sec": 461.55046016699634
}
