{
  "seed": 1,
  "method": "gfn",
  "benchmark": "hartmann6",
  "spec_name": "reward_protocol_zscore_v2",
  "regrets": [
    2.2348580360412598,
    2.2348580360412598,
    2.2348580360412598,
    2.2348580360412598,
    1.6238834857940674,
    1.6238834857940674,
    1.6238834857940674,
    1.6238834857940674,
    1.6238834857940674,
    1.6238834857940674,
    1.6238834857940674,
    1.4113914966583252,
    1.4113914966583252,
    1.0796979665756226,
    0.23869119584560394,
    0.23869119584560394,
    0.23869119584560394,
    0.23869119584560394,
    0.23869119584560394,
    0.23869119584560394,
    0.23869119584560394,
    0.23869119584560394
  ],
  "best_values": [
    1.0875098705291748,
    1.0875098705291748,
    1.0875098705291748,
    1.0875098705291748,
    1.6984845399856567,
    1.6984845399856567,
    1.6984845399856567,
    1.6984845399856567,
    1.6984845399856567,
    1.6984845399856567,
    1.6984845399856567,
    1.910976529121399,
    1.910976529121399,
    2.2426700592041016,
    3.083676815032959,
    3.083676815032959,
    3.083676815032959,
    3.083676815032959,
    3.083676815032959,
    3.083676815032959,
    3.083676815032959,
    3.083676815032959
  ],
  "queried_values": [
    0.14529754221439362,
    0.23552672564983368,
    0.04460575804114342,
    0.9775240421295166,
    1.6984845399856567,
    0.12350286543369293,
    0.908405601978302,
    0.9720306992530823,
    0.2888489365577698,
    1.205739974975586,
    1.167346715927124,
    1.910976529121399,
    1.4947236776351929,
    2.2426700592041016,
    3.083676815032959,
    2.6748952865600586,
    0.8088623285293579,
    1.7912416458129883,
    2.721883535385132,
    1.7353075742721558,
    2.595689058303833,
    2.4111011028289795
  ],
  "actual_gains": [
    -0.9422123432159424,
    -0.8519831299781799,
    -1.0429041385650635,
    -0.1099858283996582,
    0.6109746694564819,
    -1.574981689453125,
    -0.7900789380073547,
    -0.7264538407325745,
    -1.4096355438232422,
    -0.4927445650100708,
    -0.5311378240585327,
    0.2124919891357422,
    -0.41625285148620605,
    0.33169353008270264,
    0.8410067558288574,
    -0.4087815284729004,
    -2.2748146057128906,
    -1.2924351692199707,
    -0.36179327964782715,
    -1.3483692407608032,
    -0.487987756729126,
    -0.6725757122039795
  ],
  "proxy_rewards": [
    1.191335678100586,
    1.0845714807510376,
    1.0769106149673462,
    1.1316759586334229,
    1.0215222835540771,
    1.0580345392227173,
    1.2510541677474976,
    0.9997422695159912,
    1.0522626638412476,
    1.1432591676712036,
    1.0627772808074951,
    0.9656360149383545,
    1.0502674579620361,
    1.0292993783950806,
    0.9580671787261963,
    1.0006177425384521,
    1.1224122047424316,
    0.983300507068634,
    0.9378271698951721,
    1.0287281274795532,
    1.2746148109436035,
    1.1271907091140747
  ],
  "proxy_improvements": [
    0.1796591877937317,
    0.018851377069950104,
    0.02194936014711857,
    -0.23747502267360687,
    -0.0699460580945015,
    -0.24711649119853973,
    -0.4359315037727356,
    -0.5907782912254333,
    -0.48286259174346924,
    -0.5805431604385376,
    -0.6116905212402344,
    -0.4970621168613434,
    -0.6407440304756165,
    -0.5079951882362366,
    -0.6785367131233215,
    -1.1471455097198486,
    -0.9158669114112854,
    -1.0165959596633911,
    -0.5689271688461304,
    -0.9090944528579712,
    -1.2238563299179077,
    -0.9061651825904846
  ],
  "floor_reward_flags": [
    0.0,
    0.0,
    0.0,
    0.0,
    0.0,
    0.0,
    0.0,
    0.0,
    0.0,
    0.0,
    0.0,
    0.0,
    0.0,
    0.0,
    0.0,
    0.0,
    0.0,
    0.0,
    0.0,
    0.0,
    0.0,
    0.0
  ],
  "step_reward_std": [
    0.40063998103141785,
    0.32195693254470825,
    0.3392169177532196,
    0.3316965699195862,
    0.28588616847991943,
    0.31051477789878845,
    0.32456743717193604,
    0.2684040069580078,
    0.31632688641548157,
    0.3361571133136749,
    0.2912721037864685,
    0.2829653024673462,
    0.34237539768218994,
    0.313609778881073,
    0.2810162603855133,
    0.3149354159832001,
    0.37672773003578186,
    0.26850205659866333,
    0.28371310234069824,
    0.28066232800483704,
    0.3968072235584259,
    0.31035396456718445
  ],
  "step_improvement_std": [
    0.05540754646062851,
    0.07368789613246918,
    0.04508983716368675,
    0.1126260906457901,
    0.04838939011096954,
    0.0746588408946991,
    0.09787023812532425,
    0.22169682383537292,
    0.17176207900047302,
    0.14752446115016937,
    0.18162579834461212,
    0.2091304063796997,
    0.2324816733598709,
    0.16770833730697632,
    0.1472959667444229,
    0.1966244876384735,
    0.32191842794418335,
    0.2759351432323456,
    0.2842753529548645,
    0.2678779065608978,
    0.2839694023132324,
    0.21145904064178467
  ],
  "same_mask_repeat_std": [
    0.054397981613874435,
    0.07159770280122757,
    0.033067867159843445,
    0.018779609352350235,
    0.058510731905698776,
    0.09112054854631424,
    0.057342857122421265,
    0.0721648707985878,
    0.08952005952596664,
    0.03644214943051338,
    0.028558677062392235,
    0.15040059387683868,
    0.12607622146606445,
    0.17511318624019623,
    0.124284528195858,
    0.14108175039291382,
    0.222110316157341,
    0.27323126792907715,
    0.3448927104473114,
    0.1522563248872757,
    0.13791976869106293,
    0.10300799459218979
  ],
  "proxy_actual_gain_corr": 0.10707256872622599,
  "surrogate_train_times_sec": [
    0.13078653812408447,
    0.13050371408462524,
    0.12610629200935364,
    0.1369316279888153,
    0.14105308055877686,
    0.14306753873825073,
    0.13171187043190002,
    0.14168962836265564,
    0.1310080885887146,
    0.13200891017913818,
    0.12733975052833557,
    0.1619127094745636,
    0.1223389133810997,
    0.14106124639511108,
    0.13471287488937378,
    0.14953795075416565,
    0.1470494568347931,
    0.15025445818901062,
    0.13002128899097443,
    0.1481432020664215,
    0.13065341114997864,
    0.13841187953948975
  ],
  "gfn_train_times_sec": [
    18.5164737701416,
    18.176403045654297,
    18.344377517700195,
    18.514652252197266,
    18.28658676147461,
    18.339855194091797,
    18.396047592163086,
    18.597387313842773,
    18.3187313079834,
    18.132421493530273,
    18.416791915893555,
    19.940940856933594,
    18.351964950561523,
    18.27608299255371,
    18.47572135925293,
    18.312732696533203,
    18.540111541748047,
    18.733768463134766,
    18.302383422851562,
    18.22570037841797,
    18.17184829711914,
    18.189208984375
  ],
  "proposal_times_sec": [
    18.91238021850586,
    18.56311798095703,
    18.725069046020508,
    18.891281127929688,
    18.679868698120117,
    18.71967887878418,
    18.7759952545166,
    18.992944717407227,
    18.702178955078125,
    18.52336883544922,
    18.820344924926758,
    20.31721305847168,
    18.735929489135742,
    18.67800521850586,
    18.866989135742188,
    18.695411682128906,
    18.936723709106445,
    19.120153427124023,
    18.68196678161621,
    18.606229782104492,
    18.574934005737305,
    18.570096969604492
  ],
  "iteration_times_sec": [
    19.058273315429688,
    18.710050582885742,
    18.866573333740234,
    19.044986724853516,
    18.837631225585938,
    18.879859924316406,
    18.922880172729492,
    19.151514053344727,
    18.847497940063477,
    18.672256469726562,
    18.966079711914062,
    20.4954891204834,
    18.873992919921875,
    18.837116241455078,
    19.018117904663086,
    18.86096954345703,
    19.101213455200195,
    19.286802291870117,
    18.8278865814209,
    18.772811889648438,
    18.722707748413086,
    18.72440528869629
  ],
  "total_wall_time_sec": 417.48027729196474
}
