{
  "seed": 0,
  "method": "gfn",
  "benchmark": "hartmann6",
  "spec_name": "reward_protocol_zscore_v2",
  "regrets": [
    2.330576181411743,
    2.219883918762207,
    2.0399045944213867,
    2.0399045944213867,
    2.0399045944213867,
    2.0399045944213867,
    2.0399045944213867,
    1.9788068532943726,
    1.9788068532943726,
    1.9788068532943726,
    1.8920040130615234,
    1.8920040130615234,
    1.8920040130615234,
    1.7320514917373657,
    1.7320514917373657,
    1.7320514917373657,
    1.7320514917373657,
    1.7320514917373657,
    1.7320514917373657,
    1.7320514917373657,
    1.7320514917373657,
    1.7320514917373657
  ],
  "best_values": [
    0.9917917847633362,
    1.1024839878082275,
    1.2824634313583374,
    1.2824634313583374,
    1.2824634313583374,
    1.2824634313583374,
    1.2824634313583374,
    1.3435611724853516,
    1.3435611724853516,
    1.3435611724853516,
    1.4303640127182007,
    1.4303640127182007,
    1.4303640127182007,
    1.5903165340423584,
    1.5903165340423584,
    1.5903165340423584,
    1.5903165340423584,
    1.5903165340423584,
    1.5903165340423584,
    1.5903165340423584,
    1.5903165340423584,
    1.5903165340423584
  ],
  "queried_values": [
    0.660136342048645,
    1.1024839878082275,
    1.2824634313583374,
    0.220097154378891,
    1.020125150680542,
    1.117110252380371,
    0.32751747965812683,
    1.3435611724853516,
    1.1207373142242432,
    1.0573925971984863,
    1.4303640127182007,
    0.8330366015434265,
    0.9102284908294678,
    1.5903165340423584,
    1.1686372756958008,
    1.0115958452224731,
    1.0699632167816162,
    1.206034779548645,
    1.2604312896728516,
    1.2386736869812012,
    0.7911939024925232,
    1.5168068408966064
  ],
  "actual_gains": [
    -0.33165544271469116,
    0.11069220304489136,
    0.17997944355010986,
    -1.062366247177124,
    -0.2623382806777954,
    -0.1653531789779663,
    -0.9549459218978882,
    0.06109774112701416,
    -0.2228238582611084,
    -0.28616857528686523,
    0.08680284023284912,
    -0.5973274111747742,
    -0.5201355218887329,
    0.15995252132415771,
    -0.4216792583465576,
    -0.5787206888198853,
    -0.5203533172607422,
    -0.3842817544937134,
    -0.32988524436950684,
    -0.3516428470611572,
    -0.7991226315498352,
    -0.07350969314575195
  ],
  "proxy_rewards": [
    1.276787519454956,
    0.9937818646430969,
    0.855247974395752,
    0.993207573890686,
    0.9728274941444397,
    0.8475818634033203,
    1.1003119945526123,
    1.0858012437820435,
    1.0718809366226196,
    0.9411926865577698,
    0.854710578918457,
    0.7955600619316101,
    1.0710526704788208,
    0.9389523267745972,
    1.046762466430664,
    0.8050869107246399,
    0.798707902431488,
    0.9298989772796631,
    1.1098679304122925,
    1.113196611404419,
    0.8895018696784973,
    1.052512526512146
  ],
  "proxy_improvements": [
    0.05871716886758804,
    -0.09260904788970947,
    0.0035349265672266483,
    0.15828774869441986,
    -0.1549917310476303,
    -0.1236988753080368,
    -0.18153232336044312,
    -0.16582752764225006,
    -0.30678296089172363,
    -0.15651020407676697,
    -0.11497367173433304,
    -0.05789875611662865,
    -0.23756927251815796,
    -0.20166821777820587,
    -0.3376135528087616,
    -0.25162839889526367,
    -0.24126651883125305,
    -0.34692856669425964,
    -0.3572521209716797,
    -0.42307525873184204,
    -0.370231956243515,
    -0.4820607900619507
  ],
  "floor_reward_flags": [
    0.0,
    0.0,
    0.0,
    0.0,
    0.0,
    0.0,
    0.0,
    0.0,
    0.0,
    0.0,
    0.0,
    0.0,
    0.0,
    0.0,
    0.0,
    0.0,
    0.0,
    0.0,
    0.0,
    0.0,
    0.0,
    0.0
  ],
  "step_reward_std": [
    0.34526917338371277,
    0.27978405356407166,
    0.1920275241136551,
    0.33906543254852295,
    0.30873173475265503,
    0.2179928421974182,
    0.3409508466720581,
    0.3309195339679718,
    0.28928565979003906,
    0.22259469330310822,
    0.16382165253162384,
    0.15599097311496735,
    0.27084097266197205,
    0.30226317048072815,
    0.2596334218978882,
    0.16710714995861053,
    0.1547655612230301,
    0.2714843451976776,
    0.3808017373085022,
    0.32385149598121643,
    0.234305277466774,
    0.302506685256958
  ],
  "step_improvement_std": [
    0.08923088014125824,
    0.0666540190577507,
    0.09914091229438782,
    0.045839473605155945,
    0.09582048654556274,
    0.09059644490480423,
    0.048328712582588196,
    0.05648212134838104,
    0.05585416778922081,
    0.10272398591041565,
    0.1517021507024765,
    0.10871266573667526,
    0.11034593731164932,
    0.05297747626900673,
    0.11561981588602066,
    0.04179931804537773,
    0.0574796088039875,
    0.14432859420776367,
    0.06145797669887543,
    0.06395476311445236,
    0.12128644436597824,
    0.05466528981924057
  ],
  "same_mask_repeat_std": [
    0.04086017236113548,
    0.035660501569509506,
    0.09678256511688232,
    0.058870650827884674,
    0.11959753185510635,
    0.04328501597046852,
    0.05470903962850571,
    0.03473876416683197,
    0.06947527080774307,
    0.049980808049440384,
    0.04484465345740318,
    0.09879609942436218,
    0.06726068258285522,
    0.032810647040605545,
    0.1200193241238594,
    0.026708919554948807,
    0.06333135068416595,
    0.027040252462029457,
    0.09637109935283661,
    0.054369501769542694,
    0.054667938500642776,
    0.04777747020125389
  ],
  "proxy_actual_gain_corr": -0.040441554052301265,
  "surrogate_train_times_sec": [
    0.12165916711091995,
    0.1323276311159134,
    0.13115054368972778,
    0.13330408930778503,
    0.12968291342258453,
    0.12861032783985138,
    0.12724529206752777,
    0.12081421166658401,
    0.13364288210868835,
    0.12564221024513245,
    0.1324407458305359,
    0.133628249168396,
    0.12505312263965607,
    0.12248637527227402,
    0.1256551295518875,
    0.14128699898719788,
    0.13242903351783752,
    0.17852453887462616,
    0.11473395675420761,
    0.13366779685020447,
    0.1283419132232666,
    0.12305391579866409
  ],
  "gfn_train_times_sec": [
    18.111286163330078,
    17.828012466430664,
    17.80411148071289,
    18.04585838317871,
    17.713197708129883,
    17.666658401489258,
    17.59142303466797,
    18.090364456176758,
    17.765296936035156,
    17.458040237426758,
    17.57655143737793,
    17.51512908935547,
    17.578563690185547,
    17.49907875061035,
    17.602630615234375,
    18.16353416442871,
    18.162399291992188,
    18.0228271484375,
    17.47784423828125,
    17.584020614624023,
    17.538280487060547,
    17.582807540893555
  ],
  "proposal_times_sec": [
    18.48175811767578,
    18.196308135986328,
    18.174957275390625,
    18.404821395874023,
    18.091806411743164,
    18.03137969970703,
    17.963062286376953,
    18.46773338317871,
    18.129867553710938,
    17.81743049621582,
    17.946788787841797,
    17.885896682739258,
    17.937145233154297,
    17.85638427734375,
    17.96343231201172,
    18.534440994262695,
    18.532934188842773,
    18.390165328979492,
    17.845703125,
    17.956554412841797,
    17.904863357543945,
    18.078598022460938
  ],
  "iteration_times_sec": [
    18.619714736938477,
    18.342824935913086,
    18.320024490356445,
    18.55265235900879,
    18.23645782470703,
    18.174795150756836,
    18.104787826538086,
    18.60391616821289,
    18.27804946899414,
    17.957199096679688,
    18.093992233276367,
    18.032373428344727,
    18.077451705932617,
    17.99606704711914,
    18.10321807861328,
    18.68964385986328,
    18.67978286743164,
    18.58401107788086,
    17.974977493286133,
    18.105560302734375,
    18.04860496520996,
    18.22051239013672
  ],
  "total_wall_time_sec": 401.7977623330662
}
