{
  "seed": 4,
  "method": "gfn",
  "benchmark": "hartmann6",
  "spec_name": "reward_protocol_zscore_v2",
  "regrets": [
    0.7045868635177612,
    0.6882308721542358,
    0.6882308721542358,
    0.6882308721542358,
    0.6882308721542358,
    0.6882308721542358,
    0.6882308721542358,
    0.6882308721542358,
    0.6882308721542358,
    0.6882308721542358,
    0.6882308721542358,
    0.5226205587387085,
    0.5226205587387085,
    0.5226205587387085,
    0.5226205587387085,
    0.2576502561569214,
    0.2576502561569214,
    0.2576502561569214,
    0.2576502561569214,
    0.2576502561569214,
    0.2576502561569214,
    0.2576502561569214
  ],
  "best_values": [
    2.617781162261963,
    2.6341371536254883,
    2.6341371536254883,
    2.6341371536254883,
    2.6341371536254883,
    2.6341371536254883,
    2.6341371536254883,
    2.6341371536254883,
    2.6341371536254883,
    2.6341371536254883,
    2.6341371536254883,
    2.7997474670410156,
    2.7997474670410156,
    2.7997474670410156,
    2.7997474670410156,
    3.0647177696228027,
    3.0647177696228027,
    3.0647177696228027,
    3.0647177696228027,
    3.0647177696228027,
    3.0647177696228027,
    3.0647177696228027
  ],
  "queried_values": [
    1.0963666439056396,
    2.6341371536254883,
    0.39903348684310913,
    2.2682127952575684,
    2.5423731803894043,
    2.3877477645874023,
    1.314453125,
    2.1931893825531006,
    2.1464014053344727,
    2.6176531314849854,
    2.625028133392334,
    2.7997474670410156,
    1.917847990989685,
    1.8415693044662476,
    1.8881535530090332,
    3.0647177696228027,
    1.6555379629135132,
    2.495789051055908,
    2.8492465019226074,
    2.529968500137329,
    2.488016128540039,
    2.872368812561035
  ],
  "actual_gains": [
    -1.5214145183563232,
    0.01635599136352539,
    -2.2351036071777344,
    -0.3659243583679199,
    -0.09176397323608398,
    -0.24638938903808594,
    -1.3196840286254883,
    -0.4409477710723877,
    -0.4877357482910156,
    -0.01648402214050293,
    -0.009109020233154297,
    0.16561031341552734,
    -0.8818994760513306,
    -0.9581781625747681,
    -0.9115939140319824,
    0.2649703025817871,
    -1.4091798067092896,
    -0.5689287185668945,
    -0.2154712677001953,
    -0.5347492694854736,
    -0.5767016410827637,
    -0.19234895706176758
  ],
  "proxy_rewards": [
    0.9817491173744202,
    1.1452500820159912,
    1.079452633857727,
    0.983436644077301,
    1.1096385717391968,
    0.9968922734260559,
    0.9095263481140137,
    1.1166261434555054,
    1.0571650266647339,
    1.2973568439483643,
    0.9964726567268372,
    0.9967772364616394,
    1.0786210298538208,
    1.1133006811141968,
    1.0725014209747314,
    1.092070460319519,
    1.2139536142349243,
    1.1938726902008057,
    1.272180438041687,
    1.2053987979888916,
    0.9643421173095703,
    1.1093329191207886
  ],
  "proxy_improvements": [
    0.5259119272232056,
    -0.1986905038356781,
    0.03925103694200516,
    -0.059108078479766846,
    -0.18436284363269806,
    -0.1630137711763382,
    0.018293505534529686,
    0.018032968044281006,
    -0.07770879566669464,
    -0.04506221413612366,
    -0.13785520195960999,
    -0.030468855053186417,
    -0.24151062965393066,
    -0.10447577387094498,
    -0.4661659598350525,
    -0.39813753962516785,
    -0.6264747381210327,
    -0.5657849907875061,
    -0.7021942734718323,
    -0.5172230005264282,
    -0.3202156722545624,
    -0.41352835297584534
  ],
  "floor_reward_flags": [
    0.0,
    0.0,
    0.0,
    0.0,
    0.0,
    0.0,
    0.0,
    0.0,
    0.0,
    0.0,
    0.0,
    0.0,
    0.0,
    0.0,
    0.0,
    0.0,
    0.0,
    0.0,
    0.0,
    0.0,
    0.0,
    0.0
  ],
  "step_reward_std": [
    0.25320228934288025,
    0.34313490986824036,
    0.3574336767196655,
    0.2699624300003052,
    0.3118314743041992,
    0.3284129500389099,
    0.23458382487297058,
    0.3323754370212555,
    0.3276185393333435,
    0.41658031940460205,
    0.2803245186805725,
    0.3139874041080475,
    0.29246604442596436,
    0.3489990234375,
    0.2767252027988434,
    0.34285956621170044,
    0.34249892830848694,
    0.35120889544487,
    0.36639249324798584,
    0.36680448055267334,
    0.28798994421958923,
    0.32188305258750916
  ],
  "step_improvement_std": [
    0.2593444287776947,
    0.23714579641819,
    0.16579200327396393,
    0.3066282570362091,
    0.37730348110198975,
    0.22287650406360626,
    0.2756691575050354,
    0.24097606539726257,
    0.36618539690971375,
    0.2730415463447571,
    0.23322322964668274,
    0.22524502873420715,
    0.30137982964515686,
    0.2894284427165985,
    0.3066942095756531,
    0.26839345693588257,
    0.2518479824066162,
    0.21737125515937805,
    0.3672846853733063,
    0.3303115665912628,
    0.40760472416877747,
    0.4023765027523041
  ],
  "same_mask_repeat_std": [
    0.1748051792383194,
    0.16333843767642975,
    0.10998228192329407,
    0.2839617431163788,
    0.08644576370716095,
    0.10039708763360977,
    0.10260726511478424,
    0.18888819217681885,
    0.11070536822080612,
    0.058028534054756165,
    0.08309522271156311,
    0.1360088288784027,
    0.15887002646923065,
    0.18639986217021942,
    0.14691436290740967,
    0.12609227001667023,
    0.14680632948875427,
    0.15248136222362518,
    0.03974214941263199,
    0.0913466215133667,
    0.13002131879329681,
    0.17279097437858582
  ],
  "proxy_actual_gain_corr": -0.2556492103553776,
  "surrogate_train_times_sec": [
    0.13606753945350647,
    0.14392949640750885,
    0.1373303383588791,
    0.13730058073997498,
    0.12726296484470367,
    0.13697025179862976,
    0.12992550432682037,
    0.1337267905473709,
    0.1466941237449646,
    0.1436968296766281,
    0.13408170640468597,
    0.13019204139709473,
    0.13602283596992493,
    0.12828329205513,
    0.12864366173744202,
    0.1331528276205063,
    0.14052729308605194,
    0.13320671021938324,
    0.12433729320764542,
    0.14590249955654144,
    0.12885653972625732,
    0.1474389135837555
  ],
  "gfn_train_times_sec": [
    18.699338912963867,
    18.766496658325195,
    18.26396369934082,
    18.242162704467773,
    18.0578670501709,
    18.11862564086914,
    18.194814682006836,
    18.04396629333496,
    18.165327072143555,
    17.933738708496094,
    18.142906188964844,
    17.958881378173828,
    18.094633102416992,
    18.146711349487305,
    18.04730224609375,
    18.214717864990234,
    18.084354400634766,
    18.169384002685547,
    17.99666976928711,
    18.30423927307129,
    17.98062515258789,
    18.28407096862793
  ],
  "proposal_times_sec": [
    19.086196899414062,
    19.14877700805664,
    18.655601501464844,
    18.622596740722656,
    18.434892654418945,
    18.494203567504883,
    18.57863998413086,
    18.44051742553711,
    18.54664421081543,
    18.312946319580078,
    18.524442672729492,
    18.337970733642578,
    18.466060638427734,
    18.53390884399414,
    18.42531967163086,
    18.591711044311523,
    18.46533966064453,
    18.545743942260742,
    18.376495361328125,
    18.686498641967773,
    18.35970115661621,
    18.66726303100586
  ],
  "iteration_times_sec": [
    19.239667892456055,
    19.309598922729492,
    18.80965805053711,
    18.77610969543457,
    18.580293655395508,
    18.649980545043945,
    18.723201751708984,
    18.590885162353516,
    18.709352493286133,
    18.471755981445312,
    18.676183700561523,
    18.485715866088867,
    18.618072509765625,
    18.67953109741211,
    18.569137573242188,
    18.739547729492188,
    18.622562408447266,
    18.69385528564453,
    18.518142700195312,
    18.848268508911133,
    18.50516700744629,
    18.830209732055664
  ],
  "total_wall_time_sec": 411.64807262504473
}
