{
  "seed": 2,
  "method": "gfn",
  "benchmark": "hartmann6",
  "spec_name": "reward_protocol_zscore_v2",
  "regrets": [
    2.146317958831787,
    2.146317958831787,
    2.146317958831787,
    2.146317958831787,
    2.146317958831787,
    2.106086492538452,
    2.106086492538452,
    2.106086492538452,
    2.106086492538452,
    2.106086492538452,
    2.106086492538452,
    2.106086492538452,
    2.106086492538452,
    2.106086492538452,
    1.7237496376037598,
    1.7237496376037598,
    1.7237496376037598,
    1.7237496376037598,
    1.7237496376037598,
    1.4784066677093506,
    1.4784066677093506,
    1.4784066677093506
  ],
  "best_values": [
    1.1760499477386475,
    1.1760499477386475,
    1.1760499477386475,
    1.1760499477386475,
    1.1760499477386475,
    1.216281533241272,
    1.216281533241272,
    1.216281533241272,
    1.216281533241272,
    1.216281533241272,
    1.216281533241272,
    1.216281533241272,
    1.216281533241272,
    1.216281533241272,
    1.5986183881759644,
    1.5986183881759644,
    1.5986183881759644,
    1.5986183881759644,
    1.5986183881759644,
    1.8439613580703735,
    1.8439613580703735,
    1.8439613580703735
  ],
  "queried_values": [
    1.1760499477386475,
    0.3462335765361786,
    0.6029416918754578,
    0.6646378636360168,
    1.1363978385925293,
    1.216281533241272,
    1.0001775026321411,
    1.0541021823883057,
    0.878597617149353,
    0.7192575335502625,
    1.1326968669891357,
    0.7860615849494934,
    0.40980175137519836,
    0.5296669006347656,
    1.5986183881759644,
    0.164461150765419,
    1.4087556600570679,
    1.0779170989990234,
    1.2615680694580078,
    1.8439613580703735,
    1.302905797958374,
    1.5826057195663452
  ],
  "actual_gains": [
    0.18569177389144897,
    -0.8298163414001465,
    -0.5731082558631897,
    -0.5114120841026306,
    -0.039652109146118164,
    0.04023158550262451,
    -0.21610403060913086,
    -0.1621793508529663,
    -0.33768391609191895,
    -0.4970239996910095,
    -0.08358466625213623,
    -0.43021994829177856,
    -0.806479811668396,
    -0.6866146326065063,
    0.3823368549346924,
    -1.4341572523117065,
    -0.18986272811889648,
    -0.5207012891769409,
    -0.33705031871795654,
    0.24534296989440918,
    -0.5410555601119995,
    -0.2613556385040283
  ],
  "proxy_rewards": [
    1.1429181098937988,
    0.9675938487052917,
    1.0233168601989746,
    1.1254802942276,
    0.9374285936355591,
    0.9281054735183716,
    1.1410632133483887,
    0.9875289797782898,
    0.9374532103538513,
    0.99210125207901,
    1.0062716007232666,
    1.0519990921020508,
    1.174705982208252,
    0.9955905675888062,
    1.1563459634780884,
    1.0863146781921387,
    1.0338979959487915,
    0.9003210663795471,
    1.012305498123169,
    1.0812602043151855,
    0.9934958219528198,
    1.10137140750885
  ],
  "proxy_improvements": [
    0.2805662155151367,
    0.18233028054237366,
    0.1275434046983719,
    -0.016817256808280945,
    -0.12285273522138596,
    0.015269139781594276,
    -0.1223515123128891,
    -0.06602820008993149,
    -0.11066442728042603,
    -0.13574910163879395,
    -0.14850445091724396,
    -0.1936277151107788,
    -0.14765433967113495,
    -0.16963110864162445,
    -0.27660080790519714,
    -0.24261236190795898,
    -0.3776933252811432,
    -0.20412665605545044,
    -0.3968237340450287,
    -0.4491789638996124,
    -0.3249827027320862,
    -0.4085233807563782
  ],
  "floor_reward_flags": [
    0.0,
    0.0,
    0.0,
    0.0,
    0.0,
    0.0,
    0.0,
    0.0,
    0.0,
    0.0,
    0.0,
    0.0,
    0.0,
    0.0,
    0.0,
    0.0,
    0.0,
    0.0,
    0.0,
    0.0,
    0.0,
    0.0
  ],
  "step_reward_std": [
    0.3524351716041565,
    0.30878058075904846,
    0.272739440202713,
    0.3506474494934082,
    0.2779531478881836,
    0.27540481090545654,
    0.36758044362068176,
    0.31025511026382446,
    0.2827855944633484,
    0.33127790689468384,
    0.3029656708240509,
    0.31249773502349854,
    0.31673815846443176,
    0.27931857109069824,
    0.3631664216518402,
    0.3004797697067261,
    0.3446159362792969,
    0.22372035682201385,
    0.3164254426956177,
    0.3530339300632477,
    0.2829761207103729,
    0.3433692157268524
  ],
  "step_improvement_std": [
    0.08346393704414368,
    0.06851013749837875,
    0.08422251790761948,
    0.08596055954694748,
    0.08083850145339966,
    0.10546771436929703,
    0.11561843007802963,
    0.1355631798505783,
    0.0640299990773201,
    0.0951463058590889,
    0.06201614812016487,
    0.10467291623353958,
    0.10151276737451553,
    0.05631640553474426,
    0.06984632462263107,
    0.09980321675539017,
    0.10596520453691483,
    0.11920113116502762,
    0.10929743945598602,
    0.07593211531639099,
    0.14121124148368835,
    0.09414910525083542
  ],
  "same_mask_repeat_std": [
    0.0681445375084877,
    0.03944673389196396,
    0.03080710396170616,
    0.03968195244669914,
    0.03506719321012497,
    0.0737837702035904,
    0.03659876063466072,
    0.05168071761727333,
    0.03762723132967949,
    0.0335376001894474,
    0.06954707205295563,
    0.10384561866521835,
    0.09770753234624863,
    0.12831807136535645,
    0.06017382815480232,
    0.05885649845004082,
    0.11115596443414688,
    0.05759687349200249,
    0.09559837728738785,
    0.042504455894231796,
    0.06484036892652512,
    0.06355281174182892
  ],
  "proxy_actual_gain_corr": -0.06298873361458518,
  "surrogate_train_times_sec": [
    0.136354461312294,
    0.129744753241539,
    0.12875375151634216,
    0.13881275057792664,
    0.14781908690929413,
    0.14328628778457642,
    0.137770414352417,
    0.1356426179409027,
    0.14152804017066956,
    0.13958224654197693,
    0.13536833226680756,
    0.13160237669944763,
    0.1306374967098236,
    0.23421445488929749,
    0.21201950311660767,
    0.14384686946868896,
    0.15506629645824432,
    0.21438096463680267,
    0.1558508276939392,
    0.4023066759109497,
    0.14633707702159882,
    0.16447466611862183
  ],
  "gfn_train_times_sec": [
    18.175838470458984,
    18.271129608154297,
    18.520837783813477,
    18.770811080932617,
    18.389039993286133,
    18.344886779785156,
    18.60660743713379,
    18.060216903686523,
    18.1175594329834,
    18.019216537475586,
    18.210710525512695,
    18.458850860595703,
    19.258451461791992,
    23.658355712890625,
    22.959444046020508,
    21.612123489379883,
    24.789461135864258,
    23.00813865661621,
    24.98691177368164,
    23.6920223236084,
    21.90460777282715,
    23.421659469604492
  ],
  "proposal_times_sec": [
    18.559677124023438,
    18.667497634887695,
    18.90700912475586,
    19.16096305847168,
    18.800981521606445,
    18.7457218170166,
    18.99164390563965,
    18.441823959350586,
    18.50703239440918,
    18.39988136291504,
    18.596967697143555,
    18.844539642333984,
    19.80415916442871,
    24.092012405395508,
    23.333669662475586,
    22.030254364013672,
    25.277345657348633,
    23.44846534729004,
    26.49739646911621,
    24.06772804260254,
    22.383831024169922,
    23.988052368164062
  ],
  "iteration_times_sec": [
    18.710540771484375,
    18.812973022460938,
    19.050535202026367,
    19.317811965942383,
    18.967952728271484,
    18.90549087524414,
    19.14633560180664,
    18.595561981201172,
    18.664403915405273,
    18.55491065979004,
    18.7491455078125,
    18.992321014404297,
    19.954599380493164,
    24.344785690307617,
    23.561767578125,
    22.19058609008789,
    25.455961227416992,
    23.67899513244629,
    26.693452835083008,
    24.485584259033203,
    22.552085876464844,
    24.172836303710938
  ],
  "total_wall_time_sec": 463.5599858749192
}
