{
  "seed": 4,
  "method": "random",
  "benchmark": "hartmann6",
  "spec_name": "reward_protocol_zscore_v2",
  "regrets": [
    0.7045868635177612,
    0.7045868635177612,
    0.7045868635177612,
    0.7045868635177612,
    0.7045868635177612,
    0.7045868635177612,
    0.7045868635177612,
    0.7045868635177612,
    0.7045868635177612,
    0.7045868635177612,
    0.7045868635177612,
    0.6772187948226929,
    0.6772187948226929,
    0.6772187948226929,
    0.6772187948226929,
    0.6772187948226929,
    0.6772187948226929,
    0.6772187948226929,
    0.6772187948226929,
    0.6772187948226929,
    0.6772187948226929,
    0.6772187948226929
  ],
  "best_values": [
    2.617781162261963,
    2.617781162261963,
    2.617781162261963,
    2.617781162261963,
    2.617781162261963,
    2.617781162261963,
    2.617781162261963,
    2.617781162261963,
    2.617781162261963,
    2.617781162261963,
    2.617781162261963,
    2.6451492309570312,
    2.6451492309570312,
    2.6451492309570312,
    2.6451492309570312,
    2.6451492309570312,
    2.6451492309570312,
    2.6451492309570312,
    2.6451492309570312,
    2.6451492309570312,
    2.6451492309570312,
    2.6451492309570312
  ],
  "queried_values": [
    1.0963666439056396,
    0.4080813527107239,
    1.182147741317749,
    2.2682127952575684,
    2.0638575553894043,
    2.3877477645874023,
    2.100168228149414,
    2.4389002323150635,
    1.6175864934921265,
    2.6176531314849854,
    1.7181742191314697,
    2.6451492309570312,
    2.3508148193359375,
    1.1624016761779785,
    1.6002287864685059,
    2.4545044898986816,
    1.7480236291885376,
    2.495789051055908,
    1.7123677730560303,
    2.46628737449646,
    2.346262216567993,
    1.5009775161743164
  ],
  "actual_gains": [
    -1.5214145183563232,
    -2.209699869155884,
    -1.4356334209442139,
    -0.34956836700439453,
    -0.5539236068725586,
    -0.23003339767456055,
    -0.5176129341125488,
    -0.17888092994689941,
    -1.0001946687698364,
    -0.00012803077697753906,
    -0.8996069431304932,
    0.02736806869506836,
    -0.29433441162109375,
    -1.4827475547790527,
    -1.0449204444885254,
    -0.1906447410583496,
    -0.8971256017684937,
    -0.14936017990112305,
    -0.932781457901001,
    -0.1788618564605713,
    -0.2988870143890381,
    -1.1441717147827148
  ],
  "proxy_rewards": [
    0.889568567276001,
    0.8762720823287964,
    1.1279796361923218,
    0.8755584359169006,
    0.7458587288856506,
    0.8384634852409363,
    0.9858402609825134,
    0.8532299995422363,
    0.6977275013923645,
    0.9582404494285583,
    0.7458600401878357,
    0.8915862441062927,
    0.9076652526855469,
    1.0247327089309692,
    1.0753175020217896,
    0.888570249080658,
    0.8488354682922363,
    0.9442971348762512,
    0.9387462735176086,
    0.9201891422271729,
    0.8813768029212952,
    0.9739834070205688
  ],
  "proxy_improvements": [
    0.5259119272232056,
    0.11467914283275604,
    -0.43643510341644287,
    -0.43113937973976135,
    -0.38622424006462097,
    -0.42511093616485596,
    -0.2887074947357178,
    -0.08638031780719757,
    -0.33239269256591797,
    -0.32105228304862976,
    -0.23730039596557617,
    -0.3007953464984894,
    -0.3788953721523285,
    -0.38672569394111633,
    -0.315782755613327,
    -0.3550027906894684,
    -0.40832653641700745,
    -0.3971672058105469,
    -0.4033554792404175,
    -0.5074394941329956,
    -0.5520689487457275,
    -0.422351211309433
  ],
  "floor_reward_flags": [
    0.0,
    0.0,
    0.0,
    0.0,
    0.0,
    0.0,
    0.0,
    0.0,
    0.0,
    0.0,
    0.0,
    0.0,
    0.0,
    0.0,
    0.0,
    0.0,
    0.0,
    0.0,
    0.0,
    0.0,
    0.0,
    0.0
  ],
  "step_reward_std": [
    0.24944399297237396,
    0.24717243015766144,
    0.3726743757724762,
    0.24698317050933838,
    0.07571027427911758,
    0.21093431115150452,
    0.33980223536491394,
    0.22026993334293365,
    1.1102230246251565e-16,
    0.32478025555610657,
    0.07571040838956833,
    0.2595040798187256,
    0.2688259184360504,
    0.29263198375701904,
    0.31720951199531555,
    0.25535333156585693,
    0.20347316563129425,
    0.30024269223213196,
    0.23460602760314941,
    0.25009626150131226,
    0.22119958698749542,
    0.315652996301651
  ],
  "step_improvement_std": [
    0.03286109119653702,
    0.044980574399232864,
    0.07607869058847427,
    0.06505285203456879,
    0.022114980965852737,
    0.08173088729381561,
    0.027866752818226814,
    0.04264140501618385,
    0.0,
    0.027578603476285934,
    0.03886406496167183,
    0.009887367486953735,
    0.06448789685964584,
    0.03445547819137573,
    0.03560261055827141,
    0.10819468647241592,
    0.09595980495214462,
    0.14236058294773102,
    0.055128760635852814,
    0.018720313906669617,
    0.08828148990869522,
    0.04061851650476456
  ],
  "same_mask_repeat_std": [
    0.12717582285404205,
    0.10884833335876465,
    0.11057984083890915,
    0.10690715163946152,
    0.05571164935827255,
    0.09671302139759064,
    0.059870850294828415,
    0.1113106831908226,
    0.062443025410175323,
    0.1133245974779129,
    0.12153752893209457,
    0.0565057210624218,
    0.04350769519805908,
    0.18805429339408875,
    0.10647121071815491,
    0.04854798689484596,
    0.07187968492507935,
    0.08268094062805176,
    0.08202169090509415,
    0.059804487973451614,
    0.07127618044614792,
    0.082898810505867
  ],
  "proxy_actual_gain_corr": -0.47212781325016867,
  "surrogate_train_times_sec": [
    0.12641729414463043,
    0.12506824731826782,
    0.12856024503707886,
    0.12573200464248657,
    0.12300791591405869,
    0.12108483165502548,
    0.12487062811851501,
    0.12535354495048523,
    0.13020220398902893,
    0.13039042055606842,
    0.12318062782287598,
    0.126653790473938,
    0.12819083034992218,
    0.12718254327774048,
    0.12757304310798645,
    0.13268649578094482,
    0.1377367079257965,
    0.13776516914367676,
    0.12417520582675934,
    0.13645511865615845,
    0.13503000140190125,
    0.13577866554260254
  ],
  "gfn_train_times_sec": [
    0.0,
    0.0,
    0.0,
    0.0,
    0.0,
    0.0,
    0.0,
    0.0,
    0.0,
    0.0,
    0.0,
    0.0,
    0.0,
    0.0,
    0.0,
    0.0,
    0.0,
    0.0,
    0.0,
    0.0,
    0.0,
    0.0
  ],
  "proposal_times_sec": [
    0.2450319528579712,
    0.2347087562084198,
    0.23809799551963806,
    0.2387387901544571,
    0.23443257808685303,
    0.22995129227638245,
    0.23673978447914124,
    0.23730316758155823,
    0.23241496086120605,
    0.23555883765220642,
    0.23937717080116272,
    0.23545454442501068,
    0.23722782731056213,
    0.23852500319480896,
    0.24717137217521667,
    0.25368309020996094,
    0.2527182102203369,
    0.2421157956123352,
    0.24375425279140472,
    0.23568883538246155,
    0.26114457845687866,
    0.254138708114624
  ],
  "iteration_times_sec": [
    0.3870980739593506,
    0.37464991211891174,
    0.38158395886421204,
    0.37927067279815674,
    0.3723592460155487,
    0.3666025400161743,
    0.3752334713935852,
    0.37771204113960266,
    0.3766925036907196,
    0.3812747895717621,
    0.3769547939300537,
    0.3792075514793396,
    0.3792993724346161,
    0.38263171911239624,
    0.3911288380622864,
    0.40084803104400635,
    0.4047699272632599,
    0.39532750844955444,
    0.38343140482902527,
    0.3870789706707001,
    0.4138052463531494,
    0.40479570627212524
  ],
  "total_wall_time_sec": 8.472631208016537
}
