{
  "seed": 2,
  "method": "random",
  "benchmark": "hartmann6",
  "spec_name": "reward_protocol_zscore_v2",
  "regrets": [
    2.146317958831787,
    2.146317958831787,
    2.146317958831787,
    2.146317958831787,
    2.146317958831787,
    2.106086492538452,
    2.106086492538452,
    2.106086492538452,
    2.106086492538452,
    2.106086492538452,
    2.106086492538452,
    2.106086492538452,
    2.106086492538452,
    1.9654182195663452,
    1.9654182195663452,
    1.540588617324829,
    1.540588617324829,
    1.5132149457931519,
    1.5132149457931519,
    1.5132149457931519,
    1.5132149457931519,
    1.5132149457931519
  ],
  "best_values": [
    1.1760499477386475,
    1.1760499477386475,
    1.1760499477386475,
    1.1760499477386475,
    1.1760499477386475,
    1.216281533241272,
    1.216281533241272,
    1.216281533241272,
    1.216281533241272,
    1.216281533241272,
    1.216281533241272,
    1.216281533241272,
    1.216281533241272,
    1.356949806213379,
    1.356949806213379,
    1.781779408454895,
    1.781779408454895,
    1.8091530799865723,
    1.8091530799865723,
    1.8091530799865723,
    1.8091530799865723,
    1.8091530799865723
  ],
  "queried_values": [
    1.1760499477386475,
    0.3462335765361786,
    0.6029416918754578,
    0.6646378636360168,
    1.1363978385925293,
    1.216281533241272,
    1.0001775026321411,
    1.0541021823883057,
    0.4876721501350403,
    0.6885892152786255,
    1.1326968669891357,
    0.7860615849494934,
    0.8327394723892212,
    1.356949806213379,
    0.7327861189842224,
    1.781779408454895,
    0.2841326594352722,
    1.8091530799865723,
    1.3162448406219482,
    1.6837230920791626,
    0.9929361939430237,
    0.7777500748634338
  ],
  "actual_gains": [
    0.18569177389144897,
    -0.8298163414001465,
    -0.5731082558631897,
    -0.5114120841026306,
    -0.039652109146118164,
    0.04023158550262451,
    -0.21610403060913086,
    -0.1621793508529663,
    -0.7286093831062317,
    -0.5276923179626465,
    -0.08358466625213623,
    -0.43021994829177856,
    -0.3835420608520508,
    0.14066827297210693,
    -0.6241636872291565,
    0.4248296022415161,
    -1.4976468086242676,
    0.027373671531677246,
    -0.492908239364624,
    -0.12542998790740967,
    -0.8162168860435486,
    -1.0314030647277832
  ],
  "proxy_rewards": [
    0.8486664891242981,
    0.7020953893661499,
    0.7609881162643433,
    0.9108873605728149,
    0.7458577156066895,
    0.8627102971076965,
    0.9731224775314331,
    0.7688243985176086,
    0.9223942756652832,
    1.031442403793335,
    0.8671449422836304,
    0.7020953893661499,
    0.8850648999214172,
    0.8306373953819275,
    0.9339554905891418,
    1.1117403507232666,
    0.9074918627738953,
    0.786340594291687,
    1.0104302167892456,
    1.101191759109497,
    0.6932471990585327,
    0.9648087620735168
  ],
  "proxy_improvements": [
    0.2805662155151367,
    0.22828491032123566,
    0.24393589794635773,
    -0.0012839004630222917,
    -0.05881965160369873,
    -0.08353116363286972,
    -0.11507012695074081,
    -0.07937516272068024,
    -0.15633442997932434,
    -0.15608297288417816,
    -0.1598311811685562,
    -0.1067868247628212,
    -0.20781104266643524,
    -0.22467683255672455,
    -0.30160626769065857,
    -0.31979602575302124,
    -0.25149965286254883,
    -0.3968099057674408,
    -0.40218934416770935,
    -0.3471161723136902,
    -0.1025908812880516,
    -0.23846544325351715
  ],
  "floor_reward_flags": [
    0.0,
    0.0,
    0.0,
    0.0,
    0.0,
    0.0,
    0.0,
    0.0,
    0.0,
    0.0,
    0.0,
    0.0,
    0.0,
    0.0,
    0.0,
    0.0,
    0.0,
    0.0,
    0.0,
    0.0,
    0.0,
    0.0
  ],
  "step_reward_std": [
    0.21428686380386353,
    1.1102230246251565e-16,
    0.10567660629749298,
    0.275827020406723,
    0.07571016997098923,
    0.23743386566638947,
    0.2776257395744324,
    0.10964339226484299,
    0.27246761322021484,
    0.3672873079776764,
    0.18463343381881714,
    1.1102230246251565e-16,
    0.22255145013332367,
    0.19605635106563568,
    0.30000782012939453,
    0.40141910314559937,
    0.2604222297668457,
    0.1325274407863617,
    0.2797294855117798,
    0.3779557943344116,
    1.1102230246251565e-16,
    0.2600735127925873
  ],
  "step_improvement_std": [
    0.025336062535643578,
    8.326672684688674e-17,
    0.023465923964977264,
    0.022776391357183456,
    0.015297621488571167,
    0.00827561505138874,
    0.031859390437603,
    0.006441831588745117,
    0.010814126580953598,
    0.03837845101952553,
    0.05328952521085739,
    0.0,
    0.037233155220746994,
    0.007956336252391338,
    0.024898558855056763,
    0.01540992222726345,
    0.04682106897234917,
    0.035405248403549194,
    0.034611307084560394,
    0.02958858758211136,
    0.0,
    0.03704105690121651
  ],
  "same_mask_repeat_std": [
    0.03892665356397629,
    0.04368378967046738,
    0.019270572811365128,
    0.008662900887429714,
    0.024841517210006714,
    0.04803760349750519,
    0.06273139268159866,
    0.018864374607801437,
    0.015470887534320354,
    0.03960014507174492,
    0.0866250991821289,
    0.037180881947278976,
    0.05809362232685089,
    0.054876912385225296,
    0.031400494277477264,
    0.029817920178174973,
    0.07066436856985092,
    0.04919341951608658,
    0.027417689561843872,
    0.0604405552148819,
    0.04595033451914787,
    0.05328293517231941
  ],
  "proxy_actual_gain_corr": -0.03095404049346013,
  "surrogate_train_times_sec": [
    0.14620225131511688,
    0.14485524594783783,
    0.14134816825389862,
    0.18472091853618622,
    0.13348688185214996,
    0.13551953434944153,
    0.13853763043880463,
    0.12882325053215027,
    0.12573249638080597,
    0.13392707705497742,
    0.12539395689964294,
    0.12858350574970245,
    0.13643191754817963,
    0.13299629092216492,
    0.1424332559108734,
    0.14116033911705017,
    0.14509746432304382,
    0.1422702968120575,
    0.1341826319694519,
    0.1429000049829483,
    0.13308945298194885,
    0.12132212519645691
  ],
  "gfn_train_times_sec": [
    0.0,
    0.0,
    0.0,
    0.0,
    0.0,
    0.0,
    0.0,
    0.0,
    0.0,
    0.0,
    0.0,
    0.0,
    0.0,
    0.0,
    0.0,
    0.0,
    0.0,
    0.0,
    0.0,
    0.0,
    0.0,
    0.0
  ],
  "proposal_times_sec": [
    0.244167298078537,
    0.2604820430278778,
    0.24366863071918488,
    0.24198900163173676,
    0.23608770966529846,
    0.24434441328048706,
    0.23861674964427948,
    0.24614299833774567,
    0.24283379316329956,
    0.24082891643047333,
    0.26273295283317566,
    0.2458229959011078,
    0.2558705508708954,
    0.2555599510669708,
    0.23837070167064667,
    0.2556511163711548,
    0.24658387899398804,
    0.2377709150314331,
    0.24447283148765564,
    0.23337312042713165,
    0.22795583307743073,
    0.25730958580970764
  ],
  "iteration_times_sec": [
    0.4051770865917206,
    0.4205861985683441,
    0.4041700065135956,
    0.44079646468162537,
    0.38425686955451965,
    0.3972293734550476,
    0.39253291487693787,
    0.39048507809638977,
    0.3846159279346466,
    0.38925421237945557,
    0.40617483854293823,
    0.3899730443954468,
    0.40719738602638245,
    0.40790626406669617,
    0.3968910276889801,
    0.41368940472602844,
    0.4087945520877838,
    0.3953821659088135,
    0.3954632878303528,
    0.3917821943759918,
    0.37524524331092834,
    0.3930937945842743
  ],
  "total_wall_time_sec": 8.791760084102862
}
