{
  "seed": 1,
  "method": "random",
  "benchmark": "hartmann6",
  "spec_name": "reward_protocol_zscore_v2",
  "regrets": [
    2.2348580360412598,
    2.2348580360412598,
    2.2348580360412598,
    2.2348580360412598,
    2.2348580360412598,
    2.2348580360412598,
    1.9899356365203857,
    1.9899356365203857,
    1.1124716997146606,
    0.7941159009933472,
    0.7941159009933472,
    0.7941159009933472,
    0.7941159009933472,
    0.7941159009933472,
    0.7941159009933472,
    0.7941159009933472,
    0.7941159009933472,
    0.7941159009933472,
    0.6004844903945923,
    0.6004844903945923,
    0.6004844903945923,
    0.6004844903945923
  ],
  "best_values": [
    1.0875098705291748,
    1.0875098705291748,
    1.0875098705291748,
    1.0875098705291748,
    1.0875098705291748,
    1.0875098705291748,
    1.3324323892593384,
    1.3324323892593384,
    2.2098963260650635,
    2.528252124786377,
    2.528252124786377,
    2.528252124786377,
    2.528252124786377,
    2.528252124786377,
    2.528252124786377,
    2.528252124786377,
    2.528252124786377,
    2.528252124786377,
    2.721883535385132,
    2.721883535385132,
    2.721883535385132,
    2.721883535385132
  ],
  "queried_values": [
    0.14529754221439362,
    0.40915030241012573,
    0.6044576168060303,
    0.6052642464637756,
    0.18893489241600037,
    0.15774758160114288,
    1.3324323892593384,
    0.3014536201953888,
    2.2098963260650635,
    2.528252124786377,
    2.2308080196380615,
    1.200569748878479,
    0.7218236327171326,
    1.484815001487732,
    1.6233235597610474,
    2.48268461227417,
    2.030005693435669,
    2.471611976623535,
    2.721883535385132,
    1.5690882205963135,
    1.1363062858581543,
    2.5150108337402344
  ],
  "actual_gains": [
    -0.9422123432159424,
    -0.6783595681190491,
    -0.48305225372314453,
    -0.48224562406539917,
    -0.898574948310852,
    -0.9297623038291931,
    0.24492251873016357,
    -1.030978798866272,
    0.8774639368057251,
    0.3183557987213135,
    -0.29744410514831543,
    -1.327682375907898,
    -1.8064284324645996,
    -1.043437123298645,
    -0.9049285650253296,
    -0.04556751251220703,
    -0.498246431350708,
    -0.0566401481628418,
    0.19363141059875488,
    -1.1527953147888184,
    -1.5855772495269775,
    -0.20687270164489746
  ],
  "proxy_rewards": [
    0.9601641893386841,
    0.9208087921142578,
    0.8953182101249695,
    0.7848115563392639,
    0.9666450619697571,
    0.7844617962837219,
    0.8255666494369507,
    0.9307214617729187,
    0.8568204641342163,
    0.7458598017692566,
    0.6925024390220642,
    0.8591272234916687,
    0.9419411420822144,
    1.017261266708374,
    0.7868725657463074,
    0.843268871307373,
    0.8182735443115234,
    0.9534209966659546,
    0.8029258847236633,
    0.9394174218177795,
    0.7818024158477783,
    0.6992254257202148
  ],
  "proxy_improvements": [
    0.1796591877937317,
    0.050733163952827454,
    0.03092777356505394,
    -0.18646737933158875,
    -0.3015328347682953,
    -0.2313256412744522,
    -0.3787425756454468,
    -0.3232841491699219,
    -0.41672465205192566,
    -0.21044915914535522,
    -0.08441471308469772,
    -0.12939149141311646,
    -0.44672340154647827,
    -0.6066259145736694,
    -0.846510112285614,
    -0.5438789129257202,
    -0.6973416209220886,
    -0.7317672967910767,
    -0.2453737109899521,
    -0.6310058832168579,
    -0.5862119793891907,
    -0.5787553191184998
  ],
  "floor_reward_flags": [
    0.0,
    0.0,
    0.0,
    0.0,
    0.0,
    0.0,
    0.0,
    0.0,
    0.0,
    0.0,
    0.0,
    0.0,
    0.0,
    0.0,
    0.0,
    0.0,
    0.0,
    0.0,
    0.0,
    0.0,
    0.0,
    0.0
  ],
  "step_reward_std": [
    0.2875707149505615,
    0.28134891390800476,
    0.2617577910423279,
    0.13531257212162018,
    0.26347777247428894,
    0.14554068446159363,
    0.19567032158374786,
    0.2520146071910858,
    0.2270515412092209,
    0.07571038603782654,
    1.1102230246251565e-16,
    0.19268102943897247,
    0.23744435608386993,
    0.28944993019104004,
    0.13617420196533203,
    0.21197302639484406,
    0.18233683705329895,
    0.31870007514953613,
    0.15878088772296906,
    0.2970523536205292,
    0.13701994717121124,
    1.1102230246251565e-16
  ],
  "step_improvement_std": [
    0.025153031572699547,
    0.022452309727668762,
    0.015293245203793049,
    0.009909010492265224,
    0.0300949364900589,
    0.04024656489491463,
    0.016733096912503242,
    0.03543880209326744,
    0.02681560069322586,
    0.028105709701776505,
    0.0,
    0.025864604860544205,
    0.012110513634979725,
    0.036596398800611496,
    0.02888495661318302,
    0.04142593964934349,
    0.0985460877418518,
    0.03101452626287937,
    0.03318296745419502,
    0.028437267988920212,
    0.1196059063076973,
    0.0
  ],
  "same_mask_repeat_std": [
    0.036618348211050034,
    0.04942191019654274,
    0.05004067346453667,
    0.03763332590460777,
    0.012529744766652584,
    0.03555329889059067,
    0.021632526069879532,
    0.05340494588017464,
    0.07760842889547348,
    0.2602623701095581,
    0.15162310004234314,
    0.15835542976856232,
    0.1069304496049881,
    0.1262124478816986,
    0.035030536353588104,
    0.21481874585151672,
    0.13788355886936188,
    0.1557159274816513,
    0.09965374320745468,
    0.17990952730178833,
    0.10371630638837814,
    0.15774403512477875
  ],
  "proxy_actual_gain_corr": 0.03335668421954621,
  "surrogate_train_times_sec": [
    0.13644059002399445,
    0.13414213061332703,
    0.1312425434589386,
    0.1356605887413025,
    0.14580462872982025,
    0.12657663226127625,
    0.12898746132850647,
    0.13528282940387726,
    0.1432889997959137,
    0.13624149560928345,
    0.1368817538022995,
    0.13744057714939117,
    0.14305108785629272,
    0.1408248394727707,
    0.14891766011714935,
    0.14066682755947113,
    0.13976041972637177,
    0.13396304845809937,
    0.14283354580402374,
    0.14736820757389069,
    0.15072162449359894,
    0.14202578365802765
  ],
  "gfn_train_times_sec": [
    0.0,
    0.0,
    0.0,
    0.0,
    0.0,
    0.0,
    0.0,
    0.0,
    0.0,
    0.0,
    0.0,
    0.0,
    0.0,
    0.0,
    0.0,
    0.0,
    0.0,
    0.0,
    0.0,
    0.0,
    0.0,
    0.0
  ],
  "proposal_times_sec": [
    0.23466821014881134,
    0.23536962270736694,
    0.23157891631126404,
    0.237656369805336,
    0.27334725856781006,
    0.2527855336666107,
    0.24868075549602509,
    0.24139012396335602,
    0.248408243060112,
    0.25398194789886475,
    0.24412541091442108,
    0.24469491839408875,
    0.24194975197315216,
    0.24579529464244843,
    0.24390357732772827,
    0.23830737173557281,
    0.24220146238803864,
    0.2438303381204605,
    0.2442345768213272,
    0.26543378829956055,
    0.24933995306491852,
    0.2540417015552521
  ],
  "iteration_times_sec": [
    0.3857363760471344,
    0.3842945396900177,
    0.37695732712745667,
    0.3914013206958771,
    0.43437659740448,
    0.39783066511154175,
    0.393709659576416,
    0.39266708493232727,
    0.4084860682487488,
    0.40592482686042786,
    0.39627015590667725,
    0.3975362479686737,
    0.4007464647293091,
    0.40192854404449463,
    0.40982404351234436,
    0.3947712481021881,
    0.3981495499610901,
    0.39250636100769043,
    0.40170225501060486,
    0.4299848675727844,
    0.4168078303337097,
    0.4122433364391327
  ],
  "total_wall_time_sec": 8.824845417053439
}
