{
  "seed": 3,
  "method": "random",
  "benchmark": "hartmann6",
  "spec_name": "reward_protocol_zscore_v2",
  "regrets": [
    1.8671106100082397,
    1.8671106100082397,
    1.8671106100082397,
    1.8671106100082397,
    1.8671106100082397,
    1.8671106100082397,
    1.8671106100082397,
    1.8671106100082397,
    1.8671106100082397,
    1.8671106100082397,
    1.5935275554656982,
    1.5935275554656982,
    1.5935275554656982,
    1.5935275554656982,
    1.5935275554656982,
    1.5675448179244995,
    1.5675448179244995,
    1.5675448179244995,
    1.4515076875686646,
    1.4515076875686646,
    1.4515076875686646,
    1.4515076875686646
  ],
  "best_values": [
    1.4552574157714844,
    1.4552574157714844,
    1.4552574157714844,
    1.4552574157714844,
    1.4552574157714844,
    1.4552574157714844,
    1.4552574157714844,
    1.4552574157714844,
    1.4552574157714844,
    1.4552574157714844,
    1.7288404703140259,
    1.7288404703140259,
    1.7288404703140259,
    1.7288404703140259,
    1.7288404703140259,
    1.7548232078552246,
    1.7548232078552246,
    1.7548232078552246,
    1.8708603382110596,
    1.8708603382110596,
    1.8708603382110596,
    1.8708603382110596
  ],
  "queried_values": [
    0.768438994884491,
    1.181379795074463,
    0.17521600425243378,
    0.3217775821685791,
    0.16302770376205444,
    1.403510332107544,
    1.0664345026016235,
    0.39956560730934143,
    0.18663401901721954,
    0.6505281329154968,
    1.7288404703140259,
    0.5111517906188965,
    1.564322590827942,
    1.3906749486923218,
    0.9760679006576538,
    1.7548232078552246,
    1.3462104797363281,
    1.5466725826263428,
    1.8708603382110596,
    1.6413553953170776,
    1.1040321588516235,
    1.2318612337112427
  ],
  "actual_gains": [
    -0.6868184208869934,
    -0.2738776206970215,
    -1.2800414562225342,
    -1.1334798336029053,
    -1.2922296524047852,
    -0.05174708366394043,
    -0.38882291316986084,
    -1.0556918382644653,
    -1.2686233520507812,
    -0.8047292828559875,
    0.2735830545425415,
    -1.2176886796951294,
    -0.16451787948608398,
    -0.3381655216217041,
    -0.7527725696563721,
    0.02598273754119873,
    -0.4086127281188965,
    -0.20815062522888184,
    0.11603713035583496,
    -0.22950494289398193,
    -0.766828179359436,
    -0.6389991044998169
  ],
  "proxy_rewards": [
    0.7458503246307373,
    0.8748800754547119,
    0.937707245349884,
    0.8154518604278564,
    0.9786036014556885,
    0.9620007872581482,
    0.7688278555870056,
    0.7842153310775757,
    0.9931914210319519,
    1.0450252294540405,
    0.897444486618042,
    0.955055296421051,
    1.0332868099212646,
    0.7830846905708313,
    0.6929680705070496,
    0.884618878364563,
    1.020803689956665,
    0.8388652801513672,
    0.9604763984680176,
    1.068415880203247,
    1.1303492784500122,
    1.0444210767745972
  ],
  "proxy_improvements": [
    0.3042151629924774,
    0.06546418368816376,
    -0.03314540535211563,
    0.04374364763498306,
    -0.0919795110821724,
    -0.26507681608200073,
    -0.03715724125504494,
    0.017819682136178017,
    -0.16668619215488434,
    -0.2095789760351181,
    -0.29825955629348755,
    0.04019196331501007,
    -0.4574834108352661,
    -0.36946868896484375,
    -0.012147048488259315,
    -0.37788519263267517,
    -0.25745922327041626,
    -0.2714124917984009,
    -0.3082432448863983,
    -0.3036923110485077,
    -0.24069742858409882,
    -0.2318768948316574
  ],
  "floor_reward_flags": [
    0.0,
    0.0,
    0.0,
    0.0,
    0.0,
    0.0,
    0.0,
    0.0,
    0.0,
    0.0,
    0.0,
    0.0,
    0.0,
    0.0,
    0.0,
    0.0,
    0.0,
    0.0,
    0.0,
    0.0,
    0.0,
    0.0
  ],
  "step_reward_std": [
    0.07570941746234894,
    0.17444507777690887,
    0.30459064245224,
    0.14720836281776428,
    0.2743918299674988,
    0.3295621871948242,
    0.10964392870664597,
    0.135040745139122,
    0.3344411253929138,
    0.329801082611084,
    0.27147626876831055,
    0.31276705861091614,
    0.37877368927001953,
    0.13326291739940643,
    1.1102230246251565e-16,
    0.20968441665172577,
    0.32707127928733826,
    0.2074120193719864,
    0.28666067123413086,
    0.36885592341423035,
    0.4243553876876831,
    0.303223580121994
  ],
  "step_improvement_std": [
    0.0057492307387292385,
    0.03259548544883728,
    0.016311584040522575,
    0.04287520423531532,
    0.0253297071903944,
    0.024158813059329987,
    0.008799741975963116,
    0.04609169438481331,
    0.0729871466755867,
    0.033068880438804626,
    0.03631219267845154,
    0.01830022595822811,
    0.010855880565941334,
    0.04464835301041603,
    0.0,
    0.04106889292597771,
    0.033338919281959534,
    0.06211664527654648,
    0.049233581870794296,
    0.04559440165758133,
    0.03438622131943703,
    0.02052263356745243
  ],
  "same_mask_repeat_std": [
    0.038261886686086655,
    0.07267104089260101,
    0.04417763277888298,
    0.08008445054292679,
    0.030529236420989037,
    0.02992778830230236,
    0.02744240313768387,
    0.05105772614479065,
    0.06713053584098816,
    0.04423312842845917,
    0.04612920433282852,
    0.05232539400458336,
    0.09258772432804108,
    0.06163289025425911,
    0.10525547713041306,
    0.07609045505523682,
    0.10656124353408813,
    0.05388455465435982,
    0.05392419546842575,
    0.10178721696138382,
    0.0453808456659317,
    0.06417062133550644
  ],
  "proxy_actual_gain_corr": -0.5755642214586135,
  "surrogate_train_times_sec": [
    0.14252516627311707,
    0.16448821127414703,
    0.12296433001756668,
    0.127142995595932,
    0.1416415423154831,
    0.13167808949947357,
    0.12134404480457306,
    0.13388346135616302,
    0.14422529935836792,
    0.13564878702163696,
    0.1374770849943161,
    0.1391439139842987,
    0.14396503567695618,
    0.13915470242500305,
    0.14059458673000336,
    0.1323673278093338,
    0.12674124538898468,
    0.1467072069644928,
    0.13044925034046173,
    0.1330413818359375,
    0.12447545677423477,
    0.1511908769607544
  ],
  "gfn_train_times_sec": [
    0.0,
    0.0,
    0.0,
    0.0,
    0.0,
    0.0,
    0.0,
    0.0,
    0.0,
    0.0,
    0.0,
    0.0,
    0.0,
    0.0,
    0.0,
    0.0,
    0.0,
    0.0,
    0.0,
    0.0,
    0.0,
    0.0
  ],
  "proposal_times_sec": [
    0.2609676122665405,
    0.2501327097415924,
    0.24132542312145233,
    0.24045421183109283,
    0.24292758107185364,
    0.23989059031009674,
    0.24364200234413147,
    0.2646237015724182,
    0.2727785110473633,
    0.2551865875720978,
    0.2452964186668396,
    0.258759081363678,
    0.25619491934776306,
    0.3004074990749359,
    0.26298588514328003,
    0.25194475054740906,
    0.26182737946510315,
    0.2560575008392334,
    0.2535680830478668,
    0.25636807084083557,
    0.3250821530818939,
    0.2512635886669159
  ],
  "iteration_times_sec": [
    0.4202416241168976,
    0.43064621090888977,
    0.3793283700942993,
    0.38224858045578003,
    0.3995113670825958,
    0.3869737982749939,
    0.38058221340179443,
    0.41591253876686096,
    0.43585649132728577,
    0.4081786274909973,
    0.39665716886520386,
    0.4152965545654297,
    0.41916921734809875,
    0.45604565739631653,
    0.41913020610809326,
    0.4007498323917389,
    0.4053819477558136,
    0.4199787974357605,
    0.4011335074901581,
    0.4049926698207855,
    0.4755760133266449,
    0.4166204035282135
  ],
  "total_wall_time_sec": 9.071105667040683
}
