{
  "seed": 0,
  "method": "random",
  "benchmark": "hartmann6",
  "spec_name": "reward_protocol_zscore_v2",
  "regrets": [
    2.330576181411743,
    2.219883918762207,
    2.0399045944213867,
    2.0399045944213867,
    2.0399045944213867,
    2.0399045944213867,
    2.0399045944213867,
    2.0399045944213867,
    2.0399045944213867,
    2.0399045944213867,
    1.8920040130615234,
    1.8920040130615234,
    1.6003789901733398,
    1.6003789901733398,
    1.6003789901733398,
    1.6003789901733398,
    1.6003789901733398,
    1.6003789901733398,
    1.6003789901733398,
    1.486499309539795,
    1.486499309539795,
    1.486499309539795
  ],
  "best_values": [
    0.9917917847633362,
    1.1024839878082275,
    1.2824634313583374,
    1.2824634313583374,
    1.2824634313583374,
    1.2824634313583374,
    1.2824634313583374,
    1.2824634313583374,
    1.2824634313583374,
    1.2824634313583374,
    1.4303640127182007,
    1.4303640127182007,
    1.7219890356063843,
    1.7219890356063843,
    1.7219890356063843,
    1.7219890356063843,
    1.7219890356063843,
    1.7219890356063843,
    1.7219890356063843,
    1.8358687162399292,
    1.8358687162399292,
    1.8358687162399292
  ],
  "queried_values": [
    0.660136342048645,
    1.1024839878082275,
    1.2824634313583374,
    0.220097154378891,
    1.020125150680542,
    1.117110252380371,
    1.0775625705718994,
    0.7602211236953735,
    1.1725157499313354,
    1.0573925971984863,
    1.4303640127182007,
    0.8330366015434265,
    1.7219890356063843,
    0.911797821521759,
    1.1686372756958008,
    1.1275005340576172,
    1.0699632167816162,
    1.206034779548645,
    0.6387232542037964,
    1.8358687162399292,
    0.8436404466629028,
    0.892387330532074
  ],
  "actual_gains": [
    -0.33165544271469116,
    0.11069220304489136,
    0.17997944355010986,
    -1.062366247177124,
    -0.2623382806777954,
    -0.1653531789779663,
    -0.204900860786438,
    -0.5222423076629639,
    -0.10994768142700195,
    -0.22507083415985107,
    0.14790058135986328,
    -0.5973274111747742,
    0.2916250228881836,
    -0.8101912140846252,
    -0.5533517599105835,
    -0.5944885015487671,
    -0.6520258188247681,
    -0.5159542560577393,
    -1.083265781402588,
    0.11387968063354492,
    -0.9922282695770264,
    -0.9434813857078552
  ],
  "proxy_rewards": [
    1.099058747291565,
    0.6932471990585327,
    0.6936197876930237,
    0.7688325047492981,
    0.7458560466766357,
    1.2994242906570435,
    0.9402608275413513,
    0.9675995707511902,
    0.9714444875717163,
    0.9376482963562012,
    0.8432568311691284,
    0.6998761296272278,
    0.9518325328826904,
    0.708556056022644,
    0.8701851963996887,
    0.9774264097213745,
    0.9105649590492249,
    0.8478798866271973,
    0.979482114315033,
    0.7458582520484924,
    0.8888744115829468,
    0.8945326209068298
  ],
  "proxy_improvements": [
    0.05871716886758804,
    -0.057829082012176514,
    0.048562560230493546,
    0.05128971487283707,
    -0.1050172820687294,
    -0.2616773247718811,
    -0.20651283860206604,
    -0.17228761315345764,
    -0.3100703954696655,
    -0.1542951762676239,
    -0.1431361585855484,
    -0.15209564566612244,
    -0.30004531145095825,
    -0.3249589800834656,
    -0.4376605451107025,
    -0.5110461115837097,
    -0.43430882692337036,
    -0.4935348331928253,
    -0.5288035869598389,
    -0.43921202421188354,
    -0.38156646490097046,
    -0.4830917716026306
  ],
  "floor_reward_flags": [
    0.0,
    0.0,
    0.0,
    0.0,
    0.0,
    0.0,
    0.0,
    0.0,
    0.0,
    0.0,
    0.0,
    0.0,
    0.0,
    0.0,
    0.0,
    0.0,
    0.0,
    0.0,
    0.0,
    0.0,
    0.0,
    0.0
  ],
  "step_reward_std": [
    0.3908226490020752,
    1.1102230246251565e-16,
    1.1102230246251565e-16,
    0.10964465141296387,
    0.0757099986076355,
    0.37676194310188293,
    0.31126850843429565,
    0.2888910174369812,
    0.2910163700580597,
    0.2810334861278534,
    0.21196836233139038,
    1.1102230246251565e-16,
    0.3214731514453888,
    1.1102230246251565e-16,
    0.2128145545721054,
    0.296085387468338,
    0.28522124886512756,
    0.21669842302799225,
    0.3228592574596405,
    0.075710229575634,
    0.26243406534194946,
    0.2586659789085388
  ],
  "step_improvement_std": [
    0.034726180136203766,
    0.0,
    0.0,
    0.017841335386037827,
    0.008624357171356678,
    0.007829270325601101,
    0.012904373928904533,
    0.013774687424302101,
    0.033887870609760284,
    0.018237698823213577,
    0.011750921607017517,
    0.0,
    0.016223233193159103,
    0.0,
    0.03049863688647747,
    0.022304603829979897,
    0.01680929586291313,
    0.03961215913295746,
    0.020039420574903488,
    0.02102929912507534,
    0.023613490164279938,
    0.04648889601230621
  ],
  "same_mask_repeat_std": [
    0.024118782952427864,
    0.04265663027763367,
    0.023823758587241173,
    0.03098313696682453,
    0.029155554249882698,
    0.02220011316239834,
    0.025331804528832436,
    0.03639815375208855,
    0.03234577551484108,
    0.04345431551337242,
    0.027415767312049866,
    0.026952393352985382,
    0.04764024168252945,
    0.060196563601493835,
    0.051612067967653275,
    0.015919335186481476,
    0.026886751875281334,
    0.03133973106741905,
    0.07728929072618484,
    0.05802532285451889,
    0.043982215225696564,
    0.0592067614197731
  ],
  "proxy_actual_gain_corr": 0.3509446366391771,
  "surrogate_train_times_sec": [
    0.12685903906822205,
    0.13343112170696259,
    0.12989312410354614,
    0.12709186971187592,
    0.1254955381155014,
    0.13424907624721527,
    0.12157491594552994,
    0.13210496306419373,
    0.13582728803157806,
    0.1373974233865738,
    0.1371079981327057,
    0.1397583782672882,
    0.13146699965000153,
    0.13116391003131866,
    0.13235099613666534,
    0.13519242405891418,
    0.13067537546157837,
    0.13117146492004395,
    0.12940941751003265,
    0.12848162651062012,
    0.1392539143562317,
    0.12732325494289398
  ],
  "gfn_train_times_sec": [
    0.0,
    0.0,
    0.0,
    0.0,
    0.0,
    0.0,
    0.0,
    0.0,
    0.0,
    0.0,
    0.0,
    0.0,
    0.0,
    0.0,
    0.0,
    0.0,
    0.0,
    0.0,
    0.0,
    0.0,
    0.0,
    0.0
  ],
  "proposal_times_sec": [
    0.23061853647232056,
    0.22860470414161682,
    0.23772521317005157,
    0.224543496966362,
    0.2397802472114563,
    0.24347445368766785,
    0.23040595650672913,
    0.24268408119678497,
    0.23938129842281342,
    0.236151784658432,
    0.2536023259162903,
    0.24095675349235535,
    0.23712041974067688,
    0.2380847930908203,
    0.242483451962471,
    0.23365257680416107,
    0.22865478694438934,
    0.23960112035274506,
    0.2395278811454773,
    0.23417821526527405,
    0.22516942024230957,
    0.22888025641441345
  ],
  "iteration_times_sec": [
    0.37145236134529114,
    0.3763218820095062,
    0.383651465177536,
    0.3668047785758972,
    0.3818759620189667,
    0.3938956558704376,
    0.3671632409095764,
    0.390126496553421,
    0.3897005319595337,
    0.39065033197402954,
    0.4059566557407379,
    0.39508482813835144,
    0.3843095302581787,
    0.38404351472854614,
    0.3906683027744293,
    0.38354891538619995,
    0.3745492994785309,
    0.38522830605506897,
    0.38229042291641235,
    0.3831630051136017,
    0.3814561665058136,
    0.37143057584762573
  ],
  "total_wall_time_sec": 8.434314458048902
}
