{
  "seed": 0,
  "method": "gfn",
  "benchmark": "hartmann6",
  "spec_name": "reward_protocol_rank_v2",
  "regrets": [
    2.330576181411743,
    2.219883918762207,
    2.0399045944213867,
    2.0399045944213867,
    2.0399045944213867,
    2.0399045944213867,
    2.0399045944213867,
    1.9788068532943726,
    1.9788068532943726,
    1.9788068532943726,
    1.8920040130615234,
    1.8920040130615234,
    1.8920040130615234,
    1.7320514917373657,
    1.7320514917373657,
    1.7320514917373657,
    1.7320514917373657,
    1.7320514917373657,
    1.7320514917373657,
    1.7320514917373657,
    1.7320514917373657,
    1.7320514917373657
  ],
  "best_values": [
    0.9917917847633362,
    1.1024839878082275,
    1.2824634313583374,
    1.2824634313583374,
    1.2824634313583374,
    1.2824634313583374,
    1.2824634313583374,
    1.3435611724853516,
    1.3435611724853516,
    1.3435611724853516,
    1.4303640127182007,
    1.4303640127182007,
    1.4303640127182007,
    1.5903165340423584,
    1.5903165340423584,
    1.5903165340423584,
    1.5903165340423584,
    1.5903165340423584,
    1.5903165340423584,
    1.5903165340423584,
    1.5903165340423584,
    1.5903165340423584
  ],
  "queried_values": [
    0.660136342048645,
    1.1024839878082275,
    1.2824634313583374,
    0.220097154378891,
    1.020125150680542,
    1.117110252380371,
    0.32751747965812683,
    1.3435611724853516,
    1.1207373142242432,
    1.0573925971984863,
    1.4303640127182007,
    0.8330366015434265,
    0.9102284908294678,
    1.5903165340423584,
    1.1686372756958008,
    1.0115958452224731,
    1.0699632167816162,
    1.206034779548645,
    1.2604312896728516,
    1.2386736869812012,
    0.7911939024925232,
    1.5168068408966064
  ],
  "actual_gains": [
    -0.33165544271469116,
    0.11069220304489136,
    0.17997944355010986,
    -1.062366247177124,
    -0.2623382806777954,
    -0.1653531789779663,
    -0.9549459218978882,
    0.06109774112701416,
    -0.2228238582611084,
    -0.28616857528686523,
    0.08680284023284912,
    -0.5973274111747742,
    -0.5201355218887329,
    0.15995252132415771,
    -0.4216792583465576,
    -0.5787206888198853,
    -0.5203533172607422,
    -0.3842817544937134,
    -0.32988524436950684,
    -0.3516428470611572,
    -0.7991226315498352,
    -0.07350969314575195
  ],
  "proxy_rewards": [
    1.0,
    1.0,
    1.0,
    1.0,
    1.0,
    1.0,
    1.0,
    1.0,
    1.0,
    1.0,
    1.0,
    1.0,
    1.0,
    1.0,
    1.0,
    1.0,
    1.0,
    1.0,
    1.0,
    1.0,
    1.0,
    1.0
  ],
  "proxy_improvements": [
    0.05871716886758804,
    -0.09260904788970947,
    0.0035349265672266483,
    0.15828774869441986,
    -0.1549917310476303,
    -0.1236988753080368,
    -0.18153232336044312,
    -0.16582752764225006,
    -0.30678296089172363,
    -0.15651020407676697,
    -0.11497367173433304,
    -0.05789875611662865,
    -0.23756927251815796,
    -0.20166821777820587,
    -0.3376135528087616,
    -0.25162839889526367,
    -0.24126651883125305,
    -0.34692856669425964,
    -0.3572521209716797,
    -0.42307525873184204,
    -0.370231956243515,
    -0.4820607900619507
  ],
  "floor_reward_flags": [
    0.0,
    0.0,
    0.0,
    0.0,
    0.0,
    0.0,
    0.0,
    0.0,
    0.0,
    0.0,
    0.0,
    0.0,
    0.0,
    0.0,
    0.0,
    0.0,
    0.0,
    0.0,
    0.0,
    0.0,
    0.0,
    0.0
  ],
  "step_reward_std": [
    0.2969842553138733,
    0.33861926198005676,
    0.33334851264953613,
    0.35688161849975586,
    0.37436574697494507,
    0.29256078600883484,
    0.3644726872444153,
    0.353751540184021,
    0.3369886875152588,
    0.3595729470252991,
    0.3450387120246887,
    0.21481700241565704,
    0.3204675614833832,
    0.3393428325653076,
    0.34613436460494995,
    0.21482226252555847,
    0.2143552154302597,
    0.3687800467014313,
    0.3598620891571045,
    0.2716323733329773,
    0.35583025217056274,
    0.3197931945323944
  ],
  "step_improvement_std": [
    0.08263618499040604,
    0.06427522748708725,
    0.09917560964822769,
    0.04341636970639229,
    0.10528943687677383,
    0.09359914064407349,
    0.04869268462061882,
    0.0639638900756836,
    0.06010148674249649,
    0.10295576602220535,
    0.12653431296348572,
    0.10871266573667526,
    0.11042740941047668,
    0.0436924584209919,
    0.05677488446235657,
    0.08836632966995239,
    0.0425611175596714,
    0.13032956421375275,
    0.07950517535209656,
    0.06441860646009445,
    0.11957164853811264,
    0.056817397475242615
  ],
  "same_mask_repeat_std": [
    0.04086017236113548,
    0.035660501569509506,
    0.09678256511688232,
    0.058870650827884674,
    0.11959753185510635,
    0.04328501597046852,
    0.05470903962850571,
    0.03473876416683197,
    0.06947527080774307,
    0.049980808049440384,
    0.04484465345740318,
    0.09879609942436218,
    0.06726068258285522,
    0.032810647040605545,
    0.1200193241238594,
    0.026708919554948807,
    0.06333135068416595,
    0.027040252462029457,
    0.09637109935283661,
    0.1232672855257988,
    0.054667938500642776,
    0.04995299130678177
  ],
  "proxy_actual_gain_corr": -0.040441554052301265,
  "surrogate_train_times_sec": [
    0.131977379322052,
    0.13545070588588715,
    0.13642992079257965,
    0.12503570318222046,
    0.13581599295139313,
    0.13649608194828033,
    0.13696862757205963,
    0.12211053818464279,
    0.12791816890239716,
    0.11752645671367645,
    0.1332976222038269,
    0.13161492347717285,
    0.13126778602600098,
    0.1261269599199295,
    0.1328812539577484,
    0.1292780041694641,
    0.1306888312101364,
    0.1332128345966339,
    0.1345745474100113,
    0.13409991562366486,
    0.1338074952363968,
    0.13454917073249817
  ],
  "gfn_train_times_sec": [
    17.45801544189453,
    18.45265769958496,
    18.24589729309082,
    18.464183807373047,
    18.517675399780273,
    18.65802764892578,
    18.642234802246094,
    18.54470443725586,
    18.7314395904541,
    18.220430374145508,
    18.7519588470459,
    18.28803825378418,
    18.30601692199707,
    18.134572982788086,
    18.333599090576172,
    17.99945831298828,
    18.892120361328125,
    18.559341430664062,
    18.9020938873291,
    18.300979614257812,
    18.123247146606445,
    18.20461654663086
  ],
  "proposal_times_sec": [
    17.820466995239258,
    18.848140716552734,
    18.637836456298828,
    18.8515682220459,
    18.908227920532227,
    19.066070556640625,
    19.04472541809082,
    18.938913345336914,
    19.127737045288086,
    18.600431442260742,
    19.128292083740234,
    18.667810440063477,
    18.681581497192383,
    18.517051696777344,
    18.71379852294922,
    18.38309669494629,
    19.2878360748291,
    18.946081161499023,
    19.279884338378906,
    18.681774139404297,
    18.511926651000977,
    18.587970733642578
  ],
  "iteration_times_sec": [
    17.967212677001953,
    18.999130249023438,
    18.790725708007812,
    18.99208641052246,
    19.06099510192871,
    19.21973991394043,
    19.196460723876953,
    19.07723617553711,
    19.269203186035156,
    18.73470115661621,
    19.276342391967773,
    18.81407356262207,
    18.828691482543945,
    18.659793853759766,
    18.863353729248047,
    18.528430938720703,
    19.43430519104004,
    19.095430374145508,
    19.431495666503906,
    18.83232879638672,
    18.66106414794922,
    18.737911224365234
  ],
  "total_wall_time_sec": 416.47187399992254
}
