{
  "seed": 2,
  "method": "gfn",
  "benchmark": "hartmann6",
  "spec_name": "reward_protocol_rank_v2",
  "regrets": [
    2.146317958831787,
    2.146317958831787,
    2.146317958831787,
    2.146317958831787,
    2.146317958831787,
    2.106086492538452,
    2.106086492538452,
    2.106086492538452,
    2.106086492538452,
    2.106086492538452,
    2.106086492538452,
    2.106086492538452,
    2.106086492538452,
    2.106086492538452,
    1.7237496376037598,
    1.7237496376037598,
    1.7237496376037598,
    1.7237496376037598,
    1.7237496376037598,
    1.4784066677093506,
    1.4784066677093506,
    1.4784066677093506
  ],
  "best_values": [
    1.1760499477386475,
    1.1760499477386475,
    1.1760499477386475,
    1.1760499477386475,
    1.1760499477386475,
    1.216281533241272,
    1.216281533241272,
    1.216281533241272,
    1.216281533241272,
    1.216281533241272,
    1.216281533241272,
    1.216281533241272,
    1.216281533241272,
    1.216281533241272,
    1.5986183881759644,
    1.5986183881759644,
    1.5986183881759644,
    1.5986183881759644,
    1.5986183881759644,
    1.8439613580703735,
    1.8439613580703735,
    1.8439613580703735
  ],
  "queried_values": [
    1.1760499477386475,
    0.3462335765361786,
    0.6029416918754578,
    0.6646378636360168,
    1.1363978385925293,
    1.216281533241272,
    1.0001775026321411,
    1.0541021823883057,
    0.878597617149353,
    0.7192575335502625,
    1.1326968669891357,
    0.7860615849494934,
    0.40980175137519836,
    0.5296669006347656,
    1.5986183881759644,
    0.164461150765419,
    1.4087556600570679,
    1.0779170989990234,
    1.2615680694580078,
    1.8439613580703735,
    1.302905797958374,
    1.5826057195663452
  ],
  "actual_gains": [
    0.18569177389144897,
    -0.8298163414001465,
    -0.5731082558631897,
    -0.5114120841026306,
    -0.039652109146118164,
    0.04023158550262451,
    -0.21610403060913086,
    -0.1621793508529663,
    -0.33768391609191895,
    -0.4970239996910095,
    -0.08358466625213623,
    -0.43021994829177856,
    -0.806479811668396,
    -0.6866146326065063,
    0.3823368549346924,
    -1.4341572523117065,
    -0.18986272811889648,
    -0.5207012891769409,
    -0.33705031871795654,
    0.24534296989440918,
    -0.5410555601119995,
    -0.2613556385040283
  ],
  "proxy_rewards": [
    1.0,
    1.0,
    1.0,
    1.0,
    1.0,
    1.0,
    1.0,
    1.0,
    1.0,
    1.0,
    1.0,
    1.0,
    1.0,
    1.0,
    1.0,
    1.0,
    1.0,
    1.0,
    1.0,
    1.0,
    1.0,
    1.0
  ],
  "proxy_improvements": [
    0.2805662155151367,
    0.18233028054237366,
    0.1275434046983719,
    -0.016817256808280945,
    -0.12285273522138596,
    0.015269139781594276,
    -0.1223515123128891,
    -0.06602820008993149,
    -0.11066442728042603,
    -0.13574910163879395,
    -0.14850445091724396,
    -0.1936277151107788,
    -0.14765433967113495,
    -0.16963110864162445,
    -0.27660080790519714,
    -0.24261236190795898,
    -0.3776933252811432,
    -0.20412665605545044,
    -0.3968237340450287,
    -0.4491789638996124,
    -0.3249827027320862,
    -0.4085233807563782
  ],
  "floor_reward_flags": [
    0.0,
    0.0,
    0.0,
    0.0,
    0.0,
    0.0,
    0.0,
    0.0,
    0.0,
    0.0,
    0.0,
    0.0,
    0.0,
    0.0,
    0.0,
    0.0,
    0.0,
    0.0,
    0.0,
    0.0,
    0.0,
    0.0
  ],
  "step_reward_std": [
    0.34719014167785645,
    0.37233757972717285,
    0.34377601742744446,
    0.3591858446598053,
    0.37847065925598145,
    0.3653201758861542,
    0.3370652496814728,
    0.37559929490089417,
    0.36707353591918945,
    0.3836232125759125,
    0.37654298543930054,
    0.3516404628753662,
    0.3190956711769104,
    0.38532131910324097,
    0.3572520315647125,
    0.3242344260215759,
    0.3789932429790497,
    0.3841395974159241,
    0.3897051513195038,
    0.3405250906944275,
    0.3758373260498047,
    0.3631104528903961
  ],
  "step_improvement_std": [
    0.083673857152462,
    0.0673699900507927,
    0.07891420274972916,
    0.08607872575521469,
    0.08140341937541962,
    0.1071544885635376,
    0.1102062538266182,
    0.11705931276082993,
    0.06545045226812363,
    0.09740480035543442,
    0.0622023344039917,
    0.11149776726961136,
    0.10562504082918167,
    0.05425328016281128,
    0.07597099244594574,
    0.1307721883058548,
    0.10464639216661453,
    0.1390753984451294,
    0.12102073431015015,
    0.08592460304498672,
    0.13728854060173035,
    0.09372671693563461
  ],
  "same_mask_repeat_std": [
    0.0681445375084877,
    0.03944673389196396,
    0.03080710396170616,
    0.03968195244669914,
    0.03506719321012497,
    0.0737837702035904,
    0.03659876063466072,
    0.05168071761727333,
    0.03762723132967949,
    0.0335376001894474,
    0.06954707205295563,
    0.13509367406368256,
    0.09770753234624863,
    0.12831807136535645,
    0.06017382815480232,
    0.05885649845004082,
    0.11115596443414688,
    0.05759687349200249,
    0.09559837728738785,
    0.042504455894231796,
    0.10924684256315231,
    0.06355281174182892
  ],
  "proxy_actual_gain_corr": -0.06298873361458518,
  "surrogate_train_times_sec": [
    0.1163809597492218,
    0.12623591721057892,
    0.12352266907691956,
    0.12830746173858643,
    0.12339762598276138,
    0.1322885900735855,
    0.13425932824611664,
    0.13190874457359314,
    0.1260475069284439,
    0.1296166628599167,
    0.12617483735084534,
    0.11870375275611877,
    0.12308637797832489,
    0.1333337128162384,
    0.12277404218912125,
    0.12898753583431244,
    0.13272275030612946,
    0.11601995676755905,
    0.13574783504009247,
    0.12037117034196854,
    0.1278156191110611,
    0.13884779810905457
  ],
  "gfn_train_times_sec": [
    18.273401260375977,
    18.399442672729492,
    18.477094650268555,
    18.298980712890625,
    18.39590072631836,
    18.415878295898438,
    18.510883331298828,
    18.217941284179688,
    18.307119369506836,
    18.19873046875,
    18.306976318359375,
    18.245222091674805,
    18.359838485717773,
    18.207670211791992,
    18.31598663330078,
    18.232187271118164,
    18.424436569213867,
    18.322551727294922,
    18.132781982421875,
    18.339080810546875,
    18.2874698638916,
    18.257736206054688
  ],
  "proposal_times_sec": [
    18.67099380493164,
    18.787199020385742,
    18.87797737121582,
    18.684106826782227,
    18.787500381469727,
    18.814830780029297,
    18.893409729003906,
    18.594701766967773,
    18.687408447265625,
    18.569944381713867,
    18.680967330932617,
    18.623695373535156,
    18.738933563232422,
    18.5823917388916,
    18.691471099853516,
    18.613536834716797,
    18.803747177124023,
    18.69844627380371,
    18.51832389831543,
    18.72439193725586,
    18.668424606323242,
    18.637723922729492
  ],
  "iteration_times_sec": [
    18.802431106567383,
    18.929357528686523,
    19.017047882080078,
    18.828378677368164,
    18.928102493286133,
    18.96463966369629,
    19.044952392578125,
    18.742393493652344,
    18.827775955200195,
    18.71440315246582,
    18.82198715209961,
    18.75881576538086,
    18.87704849243164,
    18.73215103149414,
    18.828502655029297,
    18.758411407470703,
    18.951709747314453,
    18.82883071899414,
    18.66984748840332,
    18.860931396484375,
    18.81224250793457,
    18.7915096282959
  ],
  "total_wall_time_sec": 414.4925620419672
}
