{
  "seed": 4,
  "method": "gfn",
  "benchmark": "hartmann6",
  "spec_name": "reward_protocol_rank_v2",
  "regrets": [
    0.7045868635177612,
    0.6882308721542358,
    0.6882308721542358,
    0.6882308721542358,
    0.6882308721542358,
    0.6882308721542358,
    0.6882308721542358,
    0.6882308721542358,
    0.6882308721542358,
    0.6882308721542358,
    0.6882308721542358,
    0.5226205587387085,
    0.5226205587387085,
    0.5226205587387085,
    0.5226205587387085,
    0.2576502561569214,
    0.2576502561569214,
    0.2576502561569214,
    0.2576502561569214,
    0.2576502561569214,
    0.2576502561569214,
    0.2576502561569214
  ],
  "best_values": [
    2.617781162261963,
    2.6341371536254883,
    2.6341371536254883,
    2.6341371536254883,
    2.6341371536254883,
    2.6341371536254883,
    2.6341371536254883,
    2.6341371536254883,
    2.6341371536254883,
    2.6341371536254883,
    2.6341371536254883,
    2.7997474670410156,
    2.7997474670410156,
    2.7997474670410156,
    2.7997474670410156,
    3.0647177696228027,
    3.0647177696228027,
    3.0647177696228027,
    3.0647177696228027,
    3.0647177696228027,
    3.0647177696228027,
    3.0647177696228027
  ],
  "queried_values": [
    1.0963666439056396,
    2.6341371536254883,
    0.39903348684310913,
    2.2682127952575684,
    2.5423731803894043,
    2.3877477645874023,
    1.314453125,
    2.1931893825531006,
    2.1464014053344727,
    2.6176531314849854,
    2.625028133392334,
    2.7997474670410156,
    1.917847990989685,
    1.8415693044662476,
    1.8881535530090332,
    3.0647177696228027,
    1.6555379629135132,
    2.495789051055908,
    2.8492465019226074,
    2.529968500137329,
    2.488016128540039,
    2.872368812561035
  ],
  "actual_gains": [
    -1.5214145183563232,
    0.01635599136352539,
    -2.2351036071777344,
    -0.3659243583679199,
    -0.09176397323608398,
    -0.24638938903808594,
    -1.3196840286254883,
    -0.4409477710723877,
    -0.4877357482910156,
    -0.01648402214050293,
    -0.009109020233154297,
    0.16561031341552734,
    -0.8818994760513306,
    -0.9581781625747681,
    -0.9115939140319824,
    0.2649703025817871,
    -1.4091798067092896,
    -0.5689287185668945,
    -0.2154712677001953,
    -0.5347492694854736,
    -0.5767016410827637,
    -0.19234895706176758
  ],
  "proxy_rewards": [
    1.0,
    1.0,
    1.0,
    1.0,
    1.0,
    1.0,
    1.0,
    1.0,
    1.0,
    1.0,
    1.0,
    1.0,
    1.0,
    1.0,
    1.0,
    1.0,
    1.0,
    1.0,
    1.0,
    1.0,
    1.0,
    1.0
  ],
  "proxy_improvements": [
    0.5259119272232056,
    -0.1986905038356781,
    0.03925103694200516,
    -0.059108078479766846,
    -0.18436284363269806,
    -0.1630137711763382,
    0.018293505534529686,
    0.018032968044281006,
    -0.07770879566669464,
    -0.04506221413612366,
    -0.13785520195960999,
    -0.030468855053186417,
    -0.24151062965393066,
    -0.10447577387094498,
    -0.4661659598350525,
    -0.39813753962516785,
    -0.6264747381210327,
    -0.5657849907875061,
    -0.7021942734718323,
    -0.5172230005264282,
    -0.3202156722545624,
    -0.41352835297584534
  ],
  "floor_reward_flags": [
    0.0,
    0.0,
    0.0,
    0.0,
    0.0,
    0.0,
    0.0,
    0.0,
    0.0,
    0.0,
    0.0,
    0.0,
    0.0,
    0.0,
    0.0,
    0.0,
    0.0,
    0.0,
    0.0,
    0.0,
    0.0,
    0.0
  ],
  "step_reward_std": [
    0.32389000058174133,
    0.32248568534851074,
    0.3783610761165619,
    0.37704095244407654,
    0.34636497497558594,
    0.3238777220249176,
    0.3795611262321472,
    0.3503994047641754,
    0.36546310782432556,
    0.3439502418041229,
    0.3611193895339966,
    0.3257180452346802,
    0.35913214087486267,
    0.33334916830062866,
    0.32692965865135193,
    0.31663328409194946,
    0.3194441497325897,
    0.33352985978126526,
    0.3234197199344635,
    0.3307539224624634,
    0.3889952003955841,
    0.32080787420272827
  ],
  "step_improvement_std": [
    0.25886300206184387,
    0.23441201448440552,
    0.16815222799777985,
    0.31520479917526245,
    0.3783177137374878,
    0.22389619052410126,
    0.3009791374206543,
    0.24169118702411652,
    0.4192095696926117,
    0.2858639359474182,
    0.24341711401939392,
    0.24140924215316772,
    0.3116680383682251,
    0.2810167670249939,
    0.3138682544231415,
    0.26419687271118164,
    0.2723802924156189,
    0.22391700744628906,
    0.3697219491004944,
    0.30249086022377014,
    0.4087289869785309,
    0.406848669052124
  ],
  "same_mask_repeat_std": [
    0.1748051792383194,
    0.06616511195898056,
    0.10998228192329407,
    0.12742693722248077,
    0.08644576370716095,
    0.193807452917099,
    0.10260726511478424,
    0.18888819217681885,
    0.08602219074964523,
    0.058028534054756165,
    0.08309522271156311,
    0.1360088288784027,
    0.12079785764217377,
    0.18639986217021942,
    0.14691436290740967,
    0.12609227001667023,
    0.14680632948875427,
    0.15248136222362518,
    0.03974214941263199,
    0.11739997565746307,
    0.12064552307128906,
    0.17279097437858582
  ],
  "proxy_actual_gain_corr": -0.2556492103553776,
  "surrogate_train_times_sec": [
    0.12653003633022308,
    0.12699754536151886,
    0.12900836765766144,
    0.12809200584888458,
    0.12543854117393494,
    0.13319207727909088,
    0.13415095210075378,
    0.12558183073997498,
    0.1355191320180893,
    0.12449583411216736,
    0.1255541294813156,
    0.12860603630542755,
    0.12606903910636902,
    0.12747137248516083,
    0.13660928606987,
    0.12256129086017609,
    0.12805387377738953,
    0.12991058826446533,
    0.12554717063903809,
    0.13012221455574036,
    0.1257234513759613,
    0.12490091472864151
  ],
  "gfn_train_times_sec": [
    17.859458923339844,
    18.14737892150879,
    18.304248809814453,
    18.318946838378906,
    18.387788772583008,
    18.239452362060547,
    18.22576141357422,
    18.229839324951172,
    18.1754093170166,
    18.044208526611328,
    18.238832473754883,
    18.144872665405273,
    18.030336380004883,
    18.153942108154297,
    18.149433135986328,
    18.19355583190918,
    18.146852493286133,
    17.99557876586914,
    18.007755279541016,
    18.243764877319336,
    17.865304946899414,
    18.14286231994629
  ],
  "proposal_times_sec": [
    18.23141860961914,
    18.52928924560547,
    18.69451141357422,
    18.701086044311523,
    18.773029327392578,
    18.619489669799805,
    18.60649299621582,
    18.611270904541016,
    18.5521183013916,
    18.418312072753906,
    18.612926483154297,
    18.5173282623291,
    18.40477752685547,
    18.53382682800293,
    18.532926559448242,
    18.575727462768555,
    18.522939682006836,
    18.37468910217285,
    18.383285522460938,
    18.615083694458008,
    18.243785858154297,
    18.520753860473633
  ],
  "iteration_times_sec": [
    18.373666763305664,
    18.672962188720703,
    18.841094970703125,
    18.84381866455078,
    18.914247512817383,
    18.76862335205078,
    18.75657081604004,
    18.752704620361328,
    18.7032413482666,
    18.55967903137207,
    18.75449562072754,
    18.661251068115234,
    18.546756744384766,
    18.675445556640625,
    18.686128616333008,
    18.713727951049805,
    18.667232513427734,
    18.52034568786621,
    18.524721145629883,
    18.760108947753906,
    18.385353088378906,
    18.660503387451172
  ],
  "total_wall_time_sec": 410.74377266701777
}
