{
  "seed": 3,
  "method": "gfn",
  "benchmark": "hartmann6",
  "spec_name": "reward_protocol_rank_v2",
  "regrets": [
    1.8671106100082397,
    1.8671106100082397,
    1.8671106100082397,
    1.8671106100082397,
    1.8671106100082397,
    1.8671106100082397,
    1.8671106100082397,
    1.8671106100082397,
    1.8671106100082397,
    1.6711654663085938,
    1.6711654663085938,
    1.6711654663085938,
    1.6711654663085938,
    1.6711654663085938,
    1.50226628780365,
    1.50226628780365,
    1.50226628780365,
    1.50226628780365,
    1.50226628780365,
    1.50226628780365,
    1.50226628780365,
    1.114824891090393
  ],
  "best_values": [
    1.4552574157714844,
    1.4552574157714844,
    1.4552574157714844,
    1.4552574157714844,
    1.4552574157714844,
    1.4552574157714844,
    1.4552574157714844,
    1.4552574157714844,
    1.4552574157714844,
    1.6512025594711304,
    1.6512025594711304,
    1.6512025594711304,
    1.6512025594711304,
    1.6512025594711304,
    1.8201017379760742,
    1.8201017379760742,
    1.8201017379760742,
    1.8201017379760742,
    1.8201017379760742,
    1.8201017379760742,
    1.8201017379760742,
    2.207543134689331
  ],
  "queried_values": [
    0.768438994884491,
    1.181379795074463,
    0.6535059809684753,
    0.3214315176010132,
    0.19242459535598755,
    1.403510332107544,
    1.0664345026016235,
    0.5716308951377869,
    0.943793535232544,
    1.6512025594711304,
    0.7569081783294678,
    1.4167009592056274,
    0.8924759030342102,
    1.1173468828201294,
    1.8201017379760742,
    1.3552192449569702,
    1.6738247871398926,
    1.525879144668579,
    1.1560055017471313,
    1.441152811050415,
    0.5607355833053589,
    2.207543134689331
  ],
  "actual_gains": [
    -0.6868184208869934,
    -0.2738776206970215,
    -0.801751434803009,
    -1.1338258981704712,
    -1.2628328800201416,
    -0.05174708366394043,
    -0.38882291316986084,
    -0.8836265206336975,
    -0.5114638805389404,
    0.195945143699646,
    -0.8942943811416626,
    -0.23450160026550293,
    -0.7587266564369202,
    -0.533855676651001,
    0.16889917850494385,
    -0.464882493019104,
    -0.14627695083618164,
    -0.2942225933074951,
    -0.6640962362289429,
    -0.3789489269256592,
    -1.2593661546707153,
    0.38744139671325684
  ],
  "proxy_rewards": [
    1.0,
    1.0,
    1.0,
    1.0,
    1.0,
    1.0,
    1.0,
    1.0,
    1.0,
    1.0,
    1.0,
    1.0,
    1.0,
    1.0,
    1.0,
    1.0,
    1.0,
    1.0,
    1.0,
    1.0,
    1.0,
    1.0
  ],
  "proxy_improvements": [
    0.3042151629924774,
    0.11627623438835144,
    -0.0245805773884058,
    -0.027121350169181824,
    -0.033157121390104294,
    -0.4039160907268524,
    -0.06002194434404373,
    -0.20220069587230682,
    -0.2770395278930664,
    -0.35138651728630066,
    -0.19852429628372192,
    -0.3532428741455078,
    -0.38322487473487854,
    -0.30832940340042114,
    -0.4437900483608246,
    -0.6147889494895935,
    -0.3865784704685211,
    -0.3710588812828064,
    -0.5549755096435547,
    -0.3920147120952606,
    -0.372119665145874,
    -0.30447205901145935
  ],
  "floor_reward_flags": [
    0.0,
    0.0,
    0.0,
    0.0,
    0.0,
    0.0,
    0.0,
    0.0,
    0.0,
    0.0,
    0.0,
    0.0,
    0.0,
    0.0,
    0.0,
    0.0,
    0.0,
    0.0,
    0.0,
    0.0,
    0.0,
    0.0
  ],
  "step_reward_std": [
    0.34361839294433594,
    0.36683446168899536,
    0.36974605917930603,
    0.3547481894493103,
    0.3597514033317566,
    0.31079351902008057,
    0.3745717406272888,
    0.31300589442253113,
    0.3774588108062744,
    0.30750003457069397,
    0.1946370154619217,
    0.37440115213394165,
    0.33340615034103394,
    0.3631497621536255,
    0.32032984495162964,
    0.3131953179836273,
    0.33459460735321045,
    0.29929792881011963,
    0.3020418584346771,
    0.3055139183998108,
    0.3234446048736572,
    0.3669149577617645
  ],
  "step_improvement_std": [
    0.13699884712696075,
    0.09098485857248306,
    0.1539810746908188,
    0.11783497035503387,
    0.14836262166500092,
    0.13030579686164856,
    0.16165439784526825,
    0.16704529523849487,
    0.13750775158405304,
    0.19127286970615387,
    0.15532825887203217,
    0.18274235725402832,
    0.145307719707489,
    0.19728070497512817,
    0.18080824613571167,
    0.19029860198497772,
    0.1567346751689911,
    0.16467133164405823,
    0.09638378024101257,
    0.11228347569704056,
    0.1525060534477234,
    0.18547289073467255
  ],
  "same_mask_repeat_std": [
    0.0652899518609047,
    0.0730784460902214,
    0.044510290026664734,
    0.09562136232852936,
    0.012718025594949722,
    0.11942953616380692,
    0.04341639578342438,
    0.09920129925012589,
    0.0807485431432724,
    0.06009695678949356,
    0.04598262161016464,
    0.06688748300075531,
    0.041161440312862396,
    0.06543652713298798,
    0.07160212844610214,
    0.06194749101996422,
    0.09358439594507217,
    0.04132143408060074,
    0.14243298768997192,
    0.04827125370502472,
    0.024549799039959908,
    0.07659085094928741
  ],
  "proxy_actual_gain_corr": -0.3226072993751027,
  "surrogate_train_times_sec": [
    0.12154349684715271,
    0.1281662881374359,
    0.12082316726446152,
    0.13023808598518372,
    0.12583224475383759,
    0.13046066462993622,
    0.13048112392425537,
    0.12005946040153503,
    0.1254437118768692,
    0.12685365974903107,
    0.1315106302499771,
    0.12498733401298523,
    0.1344948709011078,
    0.1323494166135788,
    0.1252554953098297,
    0.12202504277229309,
    0.1240280419588089,
    0.12585940957069397,
    0.12447095662355423,
    0.1287207454442978,
    0.11331471055746078,
    0.12605024874210358
  ],
  "gfn_train_times_sec": [
    17.5701847076416,
    17.842321395874023,
    17.916425704956055,
    18.004623413085938,
    18.056631088256836,
    17.96332550048828,
    17.914642333984375,
    17.846519470214844,
    17.744165420532227,
    17.885440826416016,
    17.93170738220215,
    17.895919799804688,
    17.75187110900879,
    17.84845542907715,
    17.898605346679688,
    17.687068939208984,
    17.876073837280273,
    18.07419204711914,
    17.915069580078125,
    17.92007827758789,
    17.84219741821289,
    17.9985408782959
  ],
  "proposal_times_sec": [
    17.93145179748535,
    18.21773338317871,
    18.292808532714844,
    18.37519073486328,
    18.425430297851562,
    18.336132049560547,
    18.287090301513672,
    18.218162536621094,
    18.1094913482666,
    18.25895118713379,
    18.29591941833496,
    18.266639709472656,
    18.123046875,
    18.219478607177734,
    18.265687942504883,
    18.053184509277344,
    18.252044677734375,
    18.442554473876953,
    18.286426544189453,
    18.303369522094727,
    18.21527099609375,
    18.369478225708008
  ],
  "iteration_times_sec": [
    18.066787719726562,
    18.360462188720703,
    18.428470611572266,
    18.521711349487305,
    18.566574096679688,
    18.482913970947266,
    18.433259963989258,
    18.353195190429688,
    18.24995231628418,
    18.40056037902832,
    18.442737579345703,
    18.40555191040039,
    18.272489547729492,
    18.36709976196289,
    18.405677795410156,
    18.191354751586914,
    18.392515182495117,
    18.58336067199707,
    18.425537109375,
    18.447641372680664,
    18.344703674316406,
    18.510900497436523
  ],
  "total_wall_time_sec": 404.6544688330032
}
