{
  "seed": 1,
  "method": "gfn",
  "benchmark": "hartmann6",
  "spec_name": "reward_protocol_rank_v2",
  "regrets": [
    2.2348580360412598,
    2.2348580360412598,
    2.2348580360412598,
    2.2348580360412598,
    1.6238834857940674,
    1.6238834857940674,
    1.6238834857940674,
    1.6238834857940674,
    1.6238834857940674,
    1.6238834857940674,
    1.6238834857940674,
    1.4113914966583252,
    1.4113914966583252,
    1.0796979665756226,
    0.23869119584560394,
    0.23869119584560394,
    0.23869119584560394,
    0.23869119584560394,
    0.23869119584560394,
    0.23869119584560394,
    0.23869119584560394,
    0.23869119584560394
  ],
  "best_values": [
    1.0875098705291748,
    1.0875098705291748,
    1.0875098705291748,
    1.0875098705291748,
    1.6984845399856567,
    1.6984845399856567,
    1.6984845399856567,
    1.6984845399856567,
    1.6984845399856567,
    1.6984845399856567,
    1.6984845399856567,
    1.910976529121399,
    1.910976529121399,
    2.2426700592041016,
    3.083676815032959,
    3.083676815032959,
    3.083676815032959,
    3.083676815032959,
    3.083676815032959,
    3.083676815032959,
    3.083676815032959,
    3.083676815032959
  ],
  "queried_values": [
    0.14529754221439362,
    0.23552672564983368,
    0.04460575804114342,
    0.9775240421295166,
    1.6984845399856567,
    0.12350286543369293,
    0.908405601978302,
    0.9720306992530823,
    0.2888489365577698,
    1.205739974975586,
    1.167346715927124,
    1.910976529121399,
    1.4947236776351929,
    2.2426700592041016,
    3.083676815032959,
    2.6748952865600586,
    0.8088623285293579,
    1.7912416458129883,
    2.721883535385132,
    1.7353075742721558,
    2.595689058303833,
    2.4111011028289795
  ],
  "actual_gains": [
    -0.9422123432159424,
    -0.8519831299781799,
    -1.0429041385650635,
    -0.1099858283996582,
    0.6109746694564819,
    -1.574981689453125,
    -0.7900789380073547,
    -0.7264538407325745,
    -1.4096355438232422,
    -0.4927445650100708,
    -0.5311378240585327,
    0.2124919891357422,
    -0.41625285148620605,
    0.33169353008270264,
    0.8410067558288574,
    -0.4087815284729004,
    -2.2748146057128906,
    -1.2924351692199707,
    -0.36179327964782715,
    -1.3483692407608032,
    -0.487987756729126,
    -0.6725757122039795
  ],
  "proxy_rewards": [
    1.0,
    1.0,
    1.0,
    1.0,
    1.0,
    1.0,
    1.0,
    1.0,
    1.0,
    1.0,
    1.0,
    1.0,
    1.0,
    1.0,
    1.0,
    1.0,
    1.0,
    1.0,
    1.0,
    1.0,
    1.0,
    1.0
  ],
  "proxy_improvements": [
    0.1796591877937317,
    0.018851377069950104,
    0.02194936014711857,
    -0.23747502267360687,
    -0.0699460580945015,
    -0.24711649119853973,
    -0.4359315037727356,
    -0.5907782912254333,
    -0.48286259174346924,
    -0.5805431604385376,
    -0.6116905212402344,
    -0.4970621168613434,
    -0.6407440304756165,
    -0.5079951882362366,
    -0.6785367131233215,
    -1.1471455097198486,
    -0.9158669114112854,
    -1.0165959596633911,
    -0.5689271688461304,
    -0.9090944528579712,
    -1.2238563299179077,
    -0.9061651825904846
  ],
  "floor_reward_flags": [
    0.0,
    0.0,
    0.0,
    0.0,
    0.0,
    0.0,
    0.0,
    0.0,
    0.0,
    0.0,
    0.0,
    0.0,
    0.0,
    0.0,
    0.0,
    0.0,
    0.0,
    0.0,
    0.0,
    0.0,
    0.0,
    0.0
  ],
  "step_reward_std": [
    0.34076017141342163,
    0.3460944890975952,
    0.38416925072669983,
    0.3328276574611664,
    0.3117820918560028,
    0.37023454904556274,
    0.30640754103660583,
    0.3687593936920166,
    0.3813718259334564,
    0.34522730112075806,
    0.33342018723487854,
    0.38939985632896423,
    0.36982017755508423,
    0.37576380372047424,
    0.38244301080703735,
    0.38394200801849365,
    0.38281065225601196,
    0.3605179488658905,
    0.3827604353427887,
    0.34833019971847534,
    0.32740452885627747,
    0.3332905173301697
  ],
  "step_improvement_std": [
    0.05486465245485306,
    0.07491541653871536,
    0.04502684250473976,
    0.11678934842348099,
    0.04842757806181908,
    0.07091232389211655,
    0.09766091406345367,
    0.22230596840381622,
    0.1569804698228836,
    0.14114078879356384,
    0.1952226310968399,
    0.20984390377998352,
    0.25096017122268677,
    0.18111486732959747,
    0.14762914180755615,
    0.22026322782039642,
    0.3137785792350769,
    0.2763095498085022,
    0.406820684671402,
    0.27035796642303467,
    0.3011247217655182,
    0.21001775562763214
  ],
  "same_mask_repeat_std": [
    0.054397981613874435,
    0.06292810291051865,
    0.033067867159843445,
    0.011873799376189709,
    0.03866337239742279,
    0.09112054854631424,
    0.05869624763727188,
    0.18212679028511047,
    0.08952005952596664,
    0.03644214943051338,
    0.028558677062392235,
    0.11574260890483856,
    0.12607622146606445,
    0.17511318624019623,
    0.124284528195858,
    0.14108175039291382,
    0.222110316157341,
    0.27323126792907715,
    0.29499027132987976,
    0.1522563248872757,
    0.13791976869106293,
    0.10300799459218979
  ],
  "proxy_actual_gain_corr": 0.10707256872622599,
  "surrogate_train_times_sec": [
    0.12716379761695862,
    0.1356397122144699,
    0.1276816725730896,
    0.1321423351764679,
    0.1322852522134781,
    0.1329517513513565,
    0.13181012868881226,
    0.13367387652397156,
    0.12895403802394867,
    0.135972797870636,
    0.13594746589660645,
    0.11354612559080124,
    0.12243366241455078,
    0.12081483006477356,
    0.1308051198720932,
    0.12645292282104492,
    0.12809129059314728,
    0.137857586145401,
    0.13640183210372925,
    0.1345919519662857,
    0.1337028294801712,
    0.13283304870128632
  ],
  "gfn_train_times_sec": [
    18.52999496459961,
    18.318029403686523,
    18.3233699798584,
    18.441572189331055,
    18.648059844970703,
    18.61094093322754,
    19.098894119262695,
    18.543601989746094,
    18.562332153320312,
    18.642261505126953,
    18.54720687866211,
    18.633878707885742,
    18.589092254638672,
    18.587968826293945,
    18.777931213378906,
    18.53321647644043,
    18.3649845123291,
    18.370450973510742,
    18.538803100585938,
    18.212251663208008,
    18.29119110107422,
    18.550262451171875
  ],
  "proposal_times_sec": [
    18.916765213012695,
    18.7004337310791,
    18.71529197692871,
    18.82530403137207,
    19.047048568725586,
    19.01161003112793,
    19.49796485900879,
    18.956378936767578,
    18.952970504760742,
    19.037424087524414,
    18.94417381286621,
    19.031030654907227,
    18.99444007873535,
    18.9869441986084,
    19.17188262939453,
    18.916786193847656,
    18.751041412353516,
    18.753082275390625,
    18.9295597076416,
    18.60680389404297,
    18.682388305664062,
    18.951412200927734
  ],
  "iteration_times_sec": [
    19.059904098510742,
    18.853025436401367,
    18.858861923217773,
    18.974746704101562,
    19.196247100830078,
    19.161325454711914,
    19.646575927734375,
    19.10757064819336,
    19.09998893737793,
    19.190532684326172,
    19.09530258178711,
    19.16020393371582,
    19.134815216064453,
    19.12473487854004,
    19.318605422973633,
    19.06110382080078,
    18.895139694213867,
    18.906023025512695,
    19.083627700805664,
    18.757139205932617,
    18.830947875976562,
    19.10068702697754
  ],
  "total_wall_time_sec": 419.6180729169864
}
