{
  "seed": 4,
  "method": "random",
  "benchmark": "hartmann6",
  "spec_name": "reward_protocol_rank_v2",
  "regrets": [
    0.7045868635177612,
    0.7045868635177612,
    0.7045868635177612,
    0.7045868635177612,
    0.7045868635177612,
    0.7045868635177612,
    0.7045868635177612,
    0.7045868635177612,
    0.7045868635177612,
    0.7045868635177612,
    0.7045868635177612,
    0.6772187948226929,
    0.6772187948226929,
    0.6772187948226929,
    0.6772187948226929,
    0.6772187948226929,
    0.6772187948226929,
    0.6772187948226929,
    0.6772187948226929,
    0.6772187948226929,
    0.6772187948226929,
    0.6772187948226929
  ],
  "best_values": [
    2.617781162261963,
    2.617781162261963,
    2.617781162261963,
    2.617781162261963,
    2.617781162261963,
    2.617781162261963,
    2.617781162261963,
    2.617781162261963,
    2.617781162261963,
    2.617781162261963,
    2.617781162261963,
    2.6451492309570312,
    2.6451492309570312,
    2.6451492309570312,
    2.6451492309570312,
    2.6451492309570312,
    2.6451492309570312,
    2.6451492309570312,
    2.6451492309570312,
    2.6451492309570312,
    2.6451492309570312,
    2.6451492309570312
  ],
  "queried_values": [
    1.0963666439056396,
    0.4080813527107239,
    1.182147741317749,
    2.2682127952575684,
    2.0638575553894043,
    2.3877477645874023,
    2.100168228149414,
    2.4389002323150635,
    1.6175864934921265,
    2.6176531314849854,
    1.7181742191314697,
    2.6451492309570312,
    2.3508148193359375,
    1.1624016761779785,
    1.6002287864685059,
    2.4545044898986816,
    1.7480236291885376,
    2.495789051055908,
    1.7123677730560303,
    2.46628737449646,
    2.346262216567993,
    1.5009775161743164
  ],
  "actual_gains": [
    -1.5214145183563232,
    -2.209699869155884,
    -1.4356334209442139,
    -0.34956836700439453,
    -0.5539236068725586,
    -0.23003339767456055,
    -0.5176129341125488,
    -0.17888092994689941,
    -1.0001946687698364,
    -0.00012803077697753906,
    -0.8996069431304932,
    0.02736806869506836,
    -0.29433441162109375,
    -1.4827475547790527,
    -1.0449204444885254,
    -0.1906447410583496,
    -0.8971256017684937,
    -0.14936017990112305,
    -0.932781457901001,
    -0.1788618564605713,
    -0.2988870143890381,
    -1.1441717147827148
  ],
  "proxy_rewards": [
    1.0,
    1.0,
    1.0,
    1.0,
    1.0,
    1.0,
    1.0,
    1.0,
    1.0,
    1.0,
    1.0,
    1.0,
    1.0,
    1.0,
    1.0,
    1.0,
    1.0,
    1.0,
    1.0,
    1.0,
    1.0,
    1.0
  ],
  "proxy_improvements": [
    0.5259119272232056,
    0.11467914283275604,
    -0.43643510341644287,
    -0.43113937973976135,
    -0.38622424006462097,
    -0.42511093616485596,
    -0.2887074947357178,
    -0.08638031780719757,
    -0.33239269256591797,
    -0.32105228304862976,
    -0.23730039596557617,
    -0.3007953464984894,
    -0.3788953721523285,
    -0.38672569394111633,
    -0.315782755613327,
    -0.3550027906894684,
    -0.40832653641700745,
    -0.3971672058105469,
    -0.4033554792404175,
    -0.5074394941329956,
    -0.5520689487457275,
    -0.422351211309433
  ],
  "floor_reward_flags": [
    0.0,
    0.0,
    0.0,
    0.0,
    0.0,
    0.0,
    0.0,
    0.0,
    0.0,
    0.0,
    0.0,
    0.0,
    0.0,
    0.0,
    0.0,
    0.0,
    0.0,
    0.0,
    0.0,
    0.0,
    0.0,
    0.0
  ],
  "step_reward_std": [
    0.3575187027454376,
    0.2912609279155731,
    0.36001813411712646,
    0.2957761585712433,
    0.10047151148319244,
    0.28148266673088074,
    0.35653549432754517,
    0.2843281030654907,
    0.0,
    0.33723020553588867,
    0.10047151148319244,
    0.31458359956741333,
    0.33353203535079956,
    0.3466733992099762,
    0.3605916202068329,
    0.31484711170196533,
    0.3506702482700348,
    0.3575364351272583,
    0.3656671643257141,
    0.3463798463344574,
    0.3373696804046631,
    0.37234193086624146
  ],
  "step_improvement_std": [
    0.03286109119653702,
    0.044980574399232864,
    0.07607869058847427,
    0.06505285203456879,
    0.022114980965852737,
    0.08173088729381561,
    0.027866752818226814,
    0.04264140501618385,
    0.0,
    0.027578603476285934,
    0.03886406496167183,
    0.009887367486953735,
    0.06448789685964584,
    0.03445547819137573,
    0.03560261055827141,
    0.10819468647241592,
    0.09595980495214462,
    0.14236058294773102,
    0.055128760635852814,
    0.018720313906669617,
    0.08828148990869522,
    0.04061851650476456
  ],
  "same_mask_repeat_std": [
    0.12717582285404205,
    0.10884833335876465,
    0.11057984083890915,
    0.10690715163946152,
    0.05571164935827255,
    0.09671302139759064,
    0.059870850294828415,
    0.1113106831908226,
    0.062443025410175323,
    0.1133245974779129,
    0.12153752893209457,
    0.0565057210624218,
    0.04350769519805908,
    0.18805429339408875,
    0.10647121071815491,
    0.04854798689484596,
    0.07187968492507935,
    0.08268094062805176,
    0.08202169090509415,
    0.059804487973451614,
    0.07127618044614792,
    0.082898810505867
  ],
  "proxy_actual_gain_corr": -0.47212781325016867,
  "surrogate_train_times_sec": [
    0.12900599837303162,
    0.1231759563088417,
    0.13150091469287872,
    0.12486924976110458,
    0.12700125575065613,
    0.12728945910930634,
    0.1299266219139099,
    0.1257522851228714,
    0.1284019947052002,
    0.12456262856721878,
    0.1285242885351181,
    0.13264404237270355,
    0.13222628831863403,
    0.13012145459651947,
    0.12765595316886902,
    0.1288340836763382,
    0.12967237830162048,
    0.12678617238998413,
    0.12281833589076996,
    0.13026933372020721,
    0.12648437917232513,
    0.1348668783903122
  ],
  "gfn_train_times_sec": [
    0.0,
    0.0,
    0.0,
    0.0,
    0.0,
    0.0,
    0.0,
    0.0,
    0.0,
    0.0,
    0.0,
    0.0,
    0.0,
    0.0,
    0.0,
    0.0,
    0.0,
    0.0,
    0.0,
    0.0,
    0.0,
    0.0
  ],
  "proposal_times_sec": [
    0.2421063333749771,
    0.2423364222049713,
    0.24484333395957947,
    0.24509400129318237,
    0.2533283829689026,
    0.24032841622829437,
    0.2462991178035736,
    0.2435237467288971,
    0.24298624694347382,
    0.2518394887447357,
    0.2512831687927246,
    0.24629974365234375,
    0.25104546546936035,
    0.24103695154190063,
    0.23988212645053864,
    0.2497519552707672,
    0.24612312018871307,
    0.25193196535110474,
    0.2587241232395172,
    0.24845312535762787,
    0.2406129539012909,
    0.23941050469875336
  ],
  "iteration_times_sec": [
    0.3849532902240753,
    0.3808142840862274,
    0.39158591628074646,
    0.3845745325088501,
    0.3939814567565918,
    0.3820818066596985,
    0.3909008204936981,
    0.38637858629226685,
    0.38678309321403503,
    0.39442142844200134,
    0.3952957093715668,
    0.3962264060974121,
    0.3995082378387451,
    0.3867546319961548,
    0.38301584124565125,
    0.39284682273864746,
    0.3923485279083252,
    0.39492908120155334,
    0.39786967635154724,
    0.39372023940086365,
    0.38172397017478943,
    0.38878604769706726
  ],
  "total_wall_time_sec": 8.58049870794639
}
