{
  "seed": 1,
  "method": "random",
  "benchmark": "hartmann6",
  "spec_name": "reward_protocol_rank_v2",
  "regrets": [
    2.2348580360412598,
    2.2348580360412598,
    2.2348580360412598,
    2.2348580360412598,
    2.2348580360412598,
    2.2348580360412598,
    1.9899356365203857,
    1.9899356365203857,
    1.1124716997146606,
    0.7941159009933472,
    0.7941159009933472,
    0.7941159009933472,
    0.7941159009933472,
    0.7941159009933472,
    0.7941159009933472,
    0.7941159009933472,
    0.7941159009933472,
    0.7941159009933472,
    0.6004844903945923,
    0.6004844903945923,
    0.6004844903945923,
    0.6004844903945923
  ],
  "best_values": [
    1.0875098705291748,
    1.0875098705291748,
    1.0875098705291748,
    1.0875098705291748,
    1.0875098705291748,
    1.0875098705291748,
    1.3324323892593384,
    1.3324323892593384,
    2.2098963260650635,
    2.528252124786377,
    2.528252124786377,
    2.528252124786377,
    2.528252124786377,
    2.528252124786377,
    2.528252124786377,
    2.528252124786377,
    2.528252124786377,
    2.528252124786377,
    2.721883535385132,
    2.721883535385132,
    2.721883535385132,
    2.721883535385132
  ],
  "queried_values": [
    0.14529754221439362,
    0.40915030241012573,
    0.6044576168060303,
    0.6052642464637756,
    0.18893489241600037,
    0.15774758160114288,
    1.3324323892593384,
    0.3014536201953888,
    2.2098963260650635,
    2.528252124786377,
    2.2308080196380615,
    1.200569748878479,
    0.7218236327171326,
    1.484815001487732,
    1.6233235597610474,
    2.48268461227417,
    2.030005693435669,
    2.471611976623535,
    2.721883535385132,
    1.5690882205963135,
    1.1363062858581543,
    2.5150108337402344
  ],
  "actual_gains": [
    -0.9422123432159424,
    -0.6783595681190491,
    -0.48305225372314453,
    -0.48224562406539917,
    -0.898574948310852,
    -0.9297623038291931,
    0.24492251873016357,
    -1.030978798866272,
    0.8774639368057251,
    0.3183557987213135,
    -0.29744410514831543,
    -1.327682375907898,
    -1.8064284324645996,
    -1.043437123298645,
    -0.9049285650253296,
    -0.04556751251220703,
    -0.498246431350708,
    -0.0566401481628418,
    0.19363141059875488,
    -1.1527953147888184,
    -1.5855772495269775,
    -0.20687270164489746
  ],
  "proxy_rewards": [
    1.0,
    1.0,
    1.0,
    1.0,
    1.0,
    1.0,
    1.0,
    1.0,
    1.0,
    1.0,
    1.0,
    1.0,
    1.0,
    1.0,
    1.0,
    1.0,
    1.0,
    1.0,
    1.0,
    1.0,
    1.0,
    1.0
  ],
  "proxy_improvements": [
    0.1796591877937317,
    0.050733163952827454,
    0.03092777356505394,
    -0.18646737933158875,
    -0.3015328347682953,
    -0.2313256412744522,
    -0.3787425756454468,
    -0.3232841491699219,
    -0.41672465205192566,
    -0.21044915914535522,
    -0.08441471308469772,
    -0.12939149141311646,
    -0.44672340154647827,
    -0.6066259145736694,
    -0.846510112285614,
    -0.5438789129257202,
    -0.6973416209220886,
    -0.7317672967910767,
    -0.2453737109899521,
    -0.6310058832168579,
    -0.5862119793891907,
    -0.5787553191184998
  ],
  "floor_reward_flags": [
    0.0,
    0.0,
    0.0,
    0.0,
    0.0,
    0.0,
    0.0,
    0.0,
    0.0,
    0.0,
    0.0,
    0.0,
    0.0,
    0.0,
    0.0,
    0.0,
    0.0,
    0.0,
    0.0,
    0.0,
    0.0,
    0.0
  ],
  "step_reward_std": [
    0.3724640905857086,
    0.3367202579975128,
    0.31205570697784424,
    0.16977252066135406,
    0.3556787371635437,
    0.21390293538570404,
    0.25817152857780457,
    0.3611128032207489,
    0.2736724615097046,
    0.10047151148319244,
    0.0,
    0.3456530272960663,
    0.30638131499290466,
    0.3511528968811035,
    0.1697658747434616,
    0.241041362285614,
    0.23203890025615692,
    0.33594730496406555,
    0.1915002167224884,
    0.3456248342990875,
    0.19411595165729523,
    0.0
  ],
  "step_improvement_std": [
    0.025153031572699547,
    0.022452309727668762,
    0.015293245203793049,
    0.009909010492265224,
    0.0300949364900589,
    0.04024656489491463,
    0.016733096912503242,
    0.03543880209326744,
    0.02681560069322586,
    0.028105709701776505,
    0.0,
    0.025864604860544205,
    0.012110513634979725,
    0.036596398800611496,
    0.02888495661318302,
    0.04142593964934349,
    0.0985460877418518,
    0.03101452626287937,
    0.03318296745419502,
    0.028437267988920212,
    0.1196059063076973,
    0.0
  ],
  "same_mask_repeat_std": [
    0.036618348211050034,
    0.04942191019654274,
    0.05004067346453667,
    0.03763332590460777,
    0.012529744766652584,
    0.03555329889059067,
    0.021632526069879532,
    0.05340494588017464,
    0.07760842889547348,
    0.2602623701095581,
    0.15162310004234314,
    0.15835542976856232,
    0.1069304496049881,
    0.1262124478816986,
    0.035030536353588104,
    0.21481874585151672,
    0.13788355886936188,
    0.1557159274816513,
    0.09965374320745468,
    0.17990952730178833,
    0.10371630638837814,
    0.15774403512477875
  ],
  "proxy_actual_gain_corr": 0.03335668421954621,
  "surrogate_train_times_sec": [
    0.1266152560710907,
    0.1305796205997467,
    0.1304796189069748,
    0.1345616728067398,
    0.13128942251205444,
    0.12715966999530792,
    0.12435095757246017,
    0.12539304792881012,
    0.124291330575943,
    0.121714748442173,
    0.13118666410446167,
    0.12369154393672943,
    0.12092799693346024,
    0.12428366392850876,
    0.12746749818325043,
    0.11807508021593094,
    0.12511874735355377,
    0.12939700484275818,
    0.1236400455236435,
    0.1233627051115036,
    0.12350541353225708,
    0.12730079889297485
  ],
  "gfn_train_times_sec": [
    0.0,
    0.0,
    0.0,
    0.0,
    0.0,
    0.0,
    0.0,
    0.0,
    0.0,
    0.0,
    0.0,
    0.0,
    0.0,
    0.0,
    0.0,
    0.0,
    0.0,
    0.0,
    0.0,
    0.0,
    0.0,
    0.0
  ],
  "proposal_times_sec": [
    0.23947495222091675,
    0.24386562407016754,
    0.25604790449142456,
    0.24745704233646393,
    0.24558737874031067,
    0.24053166806697845,
    0.25167709589004517,
    0.2501470148563385,
    0.23657795786857605,
    0.2390490025281906,
    0.2701623737812042,
    0.23224687576293945,
    0.25094711780548096,
    0.23954908549785614,
    0.2396833747625351,
    0.2366410791873932,
    0.23676995933055878,
    0.23703591525554657,
    0.23242291808128357,
    0.24448278546333313,
    0.23524408042430878,
    0.2377309948205948
  ],
  "iteration_times_sec": [
    0.38210853934288025,
    0.38883617520332336,
    0.4014923870563507,
    0.3981233835220337,
    0.39174968004226685,
    0.3820715546607971,
    0.39046451449394226,
    0.39108550548553467,
    0.375342458486557,
    0.3754473030567169,
    0.41870296001434326,
    0.3712697923183441,
    0.38659095764160156,
    0.3787597119808197,
    0.3825915455818176,
    0.36808475852012634,
    0.3775901794433594,
    0.38128796219825745,
    0.37185582518577576,
    0.38428282737731934,
    0.37463951110839844,
    0.37947893142700195
  ],
  "total_wall_time_sec": 8.452767209033482
}
