{
  "seed": 2,
  "method": "random",
  "benchmark": "hartmann6",
  "spec_name": "reward_protocol_rank_v2",
  "regrets": [
    2.146317958831787,
    2.146317958831787,
    2.146317958831787,
    2.146317958831787,
    2.146317958831787,
    2.106086492538452,
    2.106086492538452,
    2.106086492538452,
    2.106086492538452,
    2.106086492538452,
    2.106086492538452,
    2.106086492538452,
    2.106086492538452,
    1.9654182195663452,
    1.9654182195663452,
    1.540588617324829,
    1.540588617324829,
    1.5132149457931519,
    1.5132149457931519,
    1.5132149457931519,
    1.5132149457931519,
    1.5132149457931519
  ],
  "best_values": [
    1.1760499477386475,
    1.1760499477386475,
    1.1760499477386475,
    1.1760499477386475,
    1.1760499477386475,
    1.216281533241272,
    1.216281533241272,
    1.216281533241272,
    1.216281533241272,
    1.216281533241272,
    1.216281533241272,
    1.216281533241272,
    1.216281533241272,
    1.356949806213379,
    1.356949806213379,
    1.781779408454895,
    1.781779408454895,
    1.8091530799865723,
    1.8091530799865723,
    1.8091530799865723,
    1.8091530799865723,
    1.8091530799865723
  ],
  "queried_values": [
    1.1760499477386475,
    0.3462335765361786,
    0.6029416918754578,
    0.6646378636360168,
    1.1363978385925293,
    1.216281533241272,
    1.0001775026321411,
    1.0541021823883057,
    0.4876721501350403,
    0.6885892152786255,
    1.1326968669891357,
    0.7860615849494934,
    0.8327394723892212,
    1.356949806213379,
    0.7327861189842224,
    1.781779408454895,
    0.2841326594352722,
    1.8091530799865723,
    1.3162448406219482,
    1.6837230920791626,
    0.9929361939430237,
    0.7777500748634338
  ],
  "actual_gains": [
    0.18569177389144897,
    -0.8298163414001465,
    -0.5731082558631897,
    -0.5114120841026306,
    -0.039652109146118164,
    0.04023158550262451,
    -0.21610403060913086,
    -0.1621793508529663,
    -0.7286093831062317,
    -0.5276923179626465,
    -0.08358466625213623,
    -0.43021994829177856,
    -0.3835420608520508,
    0.14066827297210693,
    -0.6241636872291565,
    0.4248296022415161,
    -1.4976468086242676,
    0.027373671531677246,
    -0.492908239364624,
    -0.12542998790740967,
    -0.8162168860435486,
    -1.0314030647277832
  ],
  "proxy_rewards": [
    1.0,
    1.0,
    1.0,
    1.0,
    1.0,
    1.0,
    1.0,
    1.0,
    1.0,
    1.0,
    1.0,
    1.0,
    1.0,
    1.0,
    1.0,
    1.0,
    1.0,
    1.0,
    1.0,
    1.0,
    1.0,
    1.0
  ],
  "proxy_improvements": [
    0.2805662155151367,
    0.22828491032123566,
    0.24393589794635773,
    -0.0012839004630222917,
    -0.05881965160369873,
    -0.08353116363286972,
    -0.11507012695074081,
    -0.07937516272068024,
    -0.15633442997932434,
    -0.15608297288417816,
    -0.1598311811685562,
    -0.1067868247628212,
    -0.20781104266643524,
    -0.22467683255672455,
    -0.30160626769065857,
    -0.31979602575302124,
    -0.25149965286254883,
    -0.3968099057674408,
    -0.40218934416770935,
    -0.3471161723136902,
    -0.1025908812880516,
    -0.23846544325351715
  ],
  "floor_reward_flags": [
    0.0,
    0.0,
    0.0,
    0.0,
    0.0,
    0.0,
    0.0,
    0.0,
    0.0,
    0.0,
    0.0,
    0.0,
    0.0,
    0.0,
    0.0,
    0.0,
    0.0,
    0.0,
    0.0,
    0.0,
    0.0,
    0.0
  ],
  "step_reward_std": [
    0.27097567915916443,
    0.0,
    0.14059649407863617,
    0.33763551712036133,
    0.10047151148319244,
    0.2766689360141754,
    0.37618303298950195,
    0.13985058665275574,
    0.33213868737220764,
    0.3689560294151306,
    0.35123011469841003,
    0.0,
    0.37276291847229004,
    0.2269326150417328,
    0.336792528629303,
    0.36450040340423584,
    0.34580790996551514,
    0.3319622278213501,
    0.3405684232711792,
    0.3763599097728729,
    0.0,
    0.29419589042663574
  ],
  "step_improvement_std": [
    0.025336062535643578,
    8.326672684688674e-17,
    0.023465923964977264,
    0.022776391357183456,
    0.015297621488571167,
    0.00827561505138874,
    0.031859390437603,
    0.006441831588745117,
    0.010814126580953598,
    0.03837845101952553,
    0.05328952521085739,
    0.0,
    0.037233155220746994,
    0.007956336252391338,
    0.024898558855056763,
    0.01540992222726345,
    0.04682106897234917,
    0.035405248403549194,
    0.034611307084560394,
    0.02958858758211136,
    0.0,
    0.03704105690121651
  ],
  "same_mask_repeat_std": [
    0.03892665356397629,
    0.04368378967046738,
    0.019270572811365128,
    0.008662900887429714,
    0.024841517210006714,
    0.04803760349750519,
    0.06273139268159866,
    0.018864374607801437,
    0.015470887534320354,
    0.03960014507174492,
    0.0866250991821289,
    0.037180881947278976,
    0.05809362232685089,
    0.054876912385225296,
    0.031400494277477264,
    0.029817920178174973,
    0.07066436856985092,
    0.04919341951608658,
    0.027417689561843872,
    0.0604405552148819,
    0.04595033451914787,
    0.05328293517231941
  ],
  "proxy_actual_gain_corr": -0.03095404049346013,
  "surrogate_train_times_sec": [
    0.1326160430908203,
    0.12503013014793396,
    0.13084816932678223,
    0.1270083338022232,
    0.12979604303836823,
    0.1286952942609787,
    0.12100858241319656,
    0.11888541281223297,
    0.12126850336790085,
    0.13080795109272003,
    0.12813274562358856,
    0.13252891600131989,
    0.12875020503997803,
    0.13083191215991974,
    0.1318822056055069,
    0.1287437528371811,
    0.12905679643154144,
    0.12503071129322052,
    0.12770220637321472,
    0.12721958756446838,
    0.12748420238494873,
    0.13190078735351562
  ],
  "gfn_train_times_sec": [
    0.0,
    0.0,
    0.0,
    0.0,
    0.0,
    0.0,
    0.0,
    0.0,
    0.0,
    0.0,
    0.0,
    0.0,
    0.0,
    0.0,
    0.0,
    0.0,
    0.0,
    0.0,
    0.0,
    0.0,
    0.0,
    0.0
  ],
  "proposal_times_sec": [
    0.24237695336341858,
    0.24672125279903412,
    0.2533988654613495,
    0.24346549808979034,
    0.242404043674469,
    0.23324859142303467,
    0.23604591190814972,
    0.24360428750514984,
    0.24995175004005432,
    0.24269995093345642,
    0.2383086234331131,
    0.24866878986358643,
    0.23750217258930206,
    0.24567636847496033,
    0.23370446264743805,
    0.2432347536087036,
    0.23034508526325226,
    0.23488874733448029,
    0.24270470440387726,
    0.24045400321483612,
    0.24220100045204163,
    0.24242345988750458
  ],
  "iteration_times_sec": [
    0.38943207263946533,
    0.3871208429336548,
    0.403066486120224,
    0.3857206702232361,
    0.3868938386440277,
    0.3786320090293884,
    0.37217262387275696,
    0.3789871633052826,
    0.38606545329093933,
    0.38820305466651917,
    0.38350921869277954,
    0.39559224247932434,
    0.38107261061668396,
    0.39210161566734314,
    0.3808726370334625,
    0.3882569670677185,
    0.37456387281417847,
    0.37535881996154785,
    0.38417959213256836,
    0.38210129737854004,
    0.38474416732788086,
    0.3899739980697632
  ],
  "total_wall_time_sec": 8.469589125015773
}
