{
  "seed": 3,
  "method": "random",
  "benchmark": "hartmann6",
  "spec_name": "reward_protocol_rank_v2",
  "regrets": [
    1.8671106100082397,
    1.8671106100082397,
    1.8671106100082397,
    1.8671106100082397,
    1.8671106100082397,
    1.8671106100082397,
    1.8671106100082397,
    1.8671106100082397,
    1.8671106100082397,
    1.8671106100082397,
    1.5935275554656982,
    1.5935275554656982,
    1.5935275554656982,
    1.5935275554656982,
    1.5935275554656982,
    1.5675448179244995,
    1.5675448179244995,
    1.5675448179244995,
    1.4515076875686646,
    1.4515076875686646,
    1.4515076875686646,
    1.4515076875686646
  ],
  "best_values": [
    1.4552574157714844,
    1.4552574157714844,
    1.4552574157714844,
    1.4552574157714844,
    1.4552574157714844,
    1.4552574157714844,
    1.4552574157714844,
    1.4552574157714844,
    1.4552574157714844,
    1.4552574157714844,
    1.7288404703140259,
    1.7288404703140259,
    1.7288404703140259,
    1.7288404703140259,
    1.7288404703140259,
    1.7548232078552246,
    1.7548232078552246,
    1.7548232078552246,
    1.8708603382110596,
    1.8708603382110596,
    1.8708603382110596,
    1.8708603382110596
  ],
  "queried_values": [
    0.768438994884491,
    1.181379795074463,
    0.17521600425243378,
    0.3217775821685791,
    0.16302770376205444,
    1.403510332107544,
    1.0664345026016235,
    0.39956560730934143,
    0.18663401901721954,
    0.6505281329154968,
    1.7288404703140259,
    0.5111517906188965,
    1.564322590827942,
    1.3906749486923218,
    0.9760679006576538,
    1.7548232078552246,
    1.3462104797363281,
    1.5466725826263428,
    1.8708603382110596,
    1.6413553953170776,
    1.1040321588516235,
    1.2318612337112427
  ],
  "actual_gains": [
    -0.6868184208869934,
    -0.2738776206970215,
    -1.2800414562225342,
    -1.1334798336029053,
    -1.2922296524047852,
    -0.05174708366394043,
    -0.38882291316986084,
    -1.0556918382644653,
    -1.2686233520507812,
    -0.8047292828559875,
    0.2735830545425415,
    -1.2176886796951294,
    -0.16451787948608398,
    -0.3381655216217041,
    -0.7527725696563721,
    0.02598273754119873,
    -0.4086127281188965,
    -0.20815062522888184,
    0.11603713035583496,
    -0.22950494289398193,
    -0.766828179359436,
    -0.6389991044998169
  ],
  "proxy_rewards": [
    1.0,
    1.0,
    1.0,
    1.0,
    1.0,
    1.0,
    1.0,
    1.0,
    1.0,
    1.0,
    1.0,
    1.0,
    1.0,
    1.0,
    1.0,
    1.0,
    1.0,
    1.0,
    1.0,
    1.0,
    1.0,
    1.0
  ],
  "proxy_improvements": [
    0.3042151629924774,
    0.06546418368816376,
    -0.03314540535211563,
    0.04374364763498306,
    -0.0919795110821724,
    -0.26507681608200073,
    -0.03715724125504494,
    0.017819682136178017,
    -0.16668619215488434,
    -0.2095789760351181,
    -0.29825955629348755,
    0.04019196331501007,
    -0.4574834108352661,
    -0.36946868896484375,
    -0.012147048488259315,
    -0.37788519263267517,
    -0.25745922327041626,
    -0.2714124917984009,
    -0.3082432448863983,
    -0.3036923110485077,
    -0.24069742858409882,
    -0.2318768948316574
  ],
  "floor_reward_flags": [
    0.0,
    0.0,
    0.0,
    0.0,
    0.0,
    0.0,
    0.0,
    0.0,
    0.0,
    0.0,
    0.0,
    0.0,
    0.0,
    0.0,
    0.0,
    0.0,
    0.0,
    0.0,
    0.0,
    0.0,
    0.0,
    0.0
  ],
  "step_reward_std": [
    0.10047151148319244,
    0.2849465608596802,
    0.3282788395881653,
    0.35602131485939026,
    0.3579747974872589,
    0.3171288073062897,
    0.13985058665275574,
    0.16977252066135406,
    0.3753596246242523,
    0.34937629103660583,
    0.29513347148895264,
    0.32772645354270935,
    0.3245750069618225,
    0.29438212513923645,
    0.0,
    0.35029128193855286,
    0.36017605662345886,
    0.24808244407176971,
    0.360298216342926,
    0.38000407814979553,
    0.351823627948761,
    0.3206537067890167
  ],
  "step_improvement_std": [
    0.0057492307387292385,
    0.03259548544883728,
    0.016311584040522575,
    0.04287520423531532,
    0.0253297071903944,
    0.024158813059329987,
    0.008799741975963116,
    0.04609169438481331,
    0.0729871466755867,
    0.033068880438804626,
    0.03631219267845154,
    0.01830022595822811,
    0.010855880565941334,
    0.04464835301041603,
    0.0,
    0.04106889292597771,
    0.033338919281959534,
    0.06211664527654648,
    0.049233581870794296,
    0.04559440165758133,
    0.03438622131943703,
    0.02052263356745243
  ],
  "same_mask_repeat_std": [
    0.038261886686086655,
    0.07267104089260101,
    0.04417763277888298,
    0.08008445054292679,
    0.030529236420989037,
    0.02992778830230236,
    0.02744240313768387,
    0.05105772614479065,
    0.06713053584098816,
    0.04423312842845917,
    0.04612920433282852,
    0.05232539400458336,
    0.09258772432804108,
    0.06163289025425911,
    0.10525547713041306,
    0.07609045505523682,
    0.10656124353408813,
    0.05388455465435982,
    0.05392419546842575,
    0.10178721696138382,
    0.0453808456659317,
    0.06417062133550644
  ],
  "proxy_actual_gain_corr": -0.5755642214586135,
  "surrogate_train_times_sec": [
    0.13192258775234222,
    0.12585757672786713,
    0.12530949711799622,
    0.12370516359806061,
    0.12932711839675903,
    0.12178220599889755,
    0.12205266952514648,
    0.12640362977981567,
    0.13633574545383453,
    0.12843720614910126,
    0.12931400537490845,
    0.12775591015815735,
    0.13312382996082306,
    0.11919133365154266,
    0.1319555789232254,
    0.12986287474632263,
    0.12863604724407196,
    0.13330912590026855,
    0.12759807705879211,
    0.12911862134933472,
    0.12314583361148834,
    0.12819832563400269
  ],
  "gfn_train_times_sec": [
    0.0,
    0.0,
    0.0,
    0.0,
    0.0,
    0.0,
    0.0,
    0.0,
    0.0,
    0.0,
    0.0,
    0.0,
    0.0,
    0.0,
    0.0,
    0.0,
    0.0,
    0.0,
    0.0,
    0.0,
    0.0,
    0.0
  ],
  "proposal_times_sec": [
    0.24976879358291626,
    0.25034433603286743,
    0.2528321146965027,
    0.2539614140987396,
    0.24376070499420166,
    0.2453477531671524,
    0.25324133038520813,
    0.2507305443286896,
    0.2502591609954834,
    0.23810270428657532,
    0.24205687642097473,
    0.2528188228607178,
    0.2351577877998352,
    0.23148541152477264,
    0.23638750612735748,
    0.24879767000675201,
    0.24734966456890106,
    0.23949190974235535,
    0.23264937102794647,
    0.242636576294899,
    0.24581874907016754,
    0.2514168620109558
  ],
  "iteration_times_sec": [
    0.39752840995788574,
    0.3916547894477844,
    0.39343151450157166,
    0.3928946554660797,
    0.386902779340744,
    0.38083332777023315,
    0.390388548374176,
    0.3921341300010681,
    0.40422117710113525,
    0.3827710747718811,
    0.38699790835380554,
    0.39526838064193726,
    0.3837648034095764,
    0.36662620306015015,
    0.3845175504684448,
    0.39423370361328125,
    0.3920142352581024,
    0.38681504130363464,
    0.37472787499427795,
    0.3865714967250824,
    0.38429006934165955,
    0.39378371834754944
  ],
  "total_wall_time_sec": 8.543385957949795
}
