{
  "seed": 0,
  "method": "random",
  "benchmark": "hartmann6",
  "spec_name": "reward_protocol_rank_v2",
  "regrets": [
    2.330576181411743,
    2.219883918762207,
    2.0399045944213867,
    2.0399045944213867,
    2.0399045944213867,
    2.0399045944213867,
    2.0399045944213867,
    2.0399045944213867,
    2.0399045944213867,
    2.0399045944213867,
    1.8920040130615234,
    1.8920040130615234,
    1.6003789901733398,
    1.6003789901733398,
    1.6003789901733398,
    1.6003789901733398,
    1.6003789901733398,
    1.6003789901733398,
    1.6003789901733398,
    1.486499309539795,
    1.486499309539795,
    1.486499309539795
  ],
  "best_values": [
    0.9917917847633362,
    1.1024839878082275,
    1.2824634313583374,
    1.2824634313583374,
    1.2824634313583374,
    1.2824634313583374,
    1.2824634313583374,
    1.2824634313583374,
    1.2824634313583374,
    1.2824634313583374,
    1.4303640127182007,
    1.4303640127182007,
    1.7219890356063843,
    1.7219890356063843,
    1.7219890356063843,
    1.7219890356063843,
    1.7219890356063843,
    1.7219890356063843,
    1.7219890356063843,
    1.8358687162399292,
    1.8358687162399292,
    1.8358687162399292
  ],
  "queried_values": [
    0.660136342048645,
    1.1024839878082275,
    1.2824634313583374,
    0.220097154378891,
    1.020125150680542,
    1.117110252380371,
    1.0775625705718994,
    0.7602211236953735,
    1.1725157499313354,
    1.0573925971984863,
    1.4303640127182007,
    0.8330366015434265,
    1.7219890356063843,
    0.911797821521759,
    1.1686372756958008,
    1.1275005340576172,
    1.0699632167816162,
    1.206034779548645,
    0.6387232542037964,
    1.8358687162399292,
    0.8436404466629028,
    0.892387330532074
  ],
  "actual_gains": [
    -0.33165544271469116,
    0.11069220304489136,
    0.17997944355010986,
    -1.062366247177124,
    -0.2623382806777954,
    -0.1653531789779663,
    -0.204900860786438,
    -0.5222423076629639,
    -0.10994768142700195,
    -0.22507083415985107,
    0.14790058135986328,
    -0.5973274111747742,
    0.2916250228881836,
    -0.8101912140846252,
    -0.5533517599105835,
    -0.5944885015487671,
    -0.6520258188247681,
    -0.5159542560577393,
    -1.083265781402588,
    0.11387968063354492,
    -0.9922282695770264,
    -0.9434813857078552
  ],
  "proxy_rewards": [
    1.0,
    1.0,
    1.0,
    1.0,
    1.0,
    1.0,
    1.0,
    1.0,
    1.0,
    1.0,
    1.0,
    1.0,
    1.0,
    1.0,
    1.0,
    1.0,
    1.0,
    1.0,
    1.0,
    1.0,
    1.0,
    1.0
  ],
  "proxy_improvements": [
    0.05871716886758804,
    -0.057829082012176514,
    0.048562560230493546,
    0.05128971487283707,
    -0.1050172820687294,
    -0.2616773247718811,
    -0.20651283860206604,
    -0.17228761315345764,
    -0.3100703954696655,
    -0.1542951762676239,
    -0.1431361585855484,
    -0.15209564566612244,
    -0.30004531145095825,
    -0.3249589800834656,
    -0.4376605451107025,
    -0.5110461115837097,
    -0.43430882692337036,
    -0.4935348331928253,
    -0.5288035869598389,
    -0.43921202421188354,
    -0.38156646490097046,
    -0.4830917716026306
  ],
  "floor_reward_flags": [
    0.0,
    0.0,
    0.0,
    0.0,
    0.0,
    0.0,
    0.0,
    0.0,
    0.0,
    0.0,
    0.0,
    0.0,
    0.0,
    0.0,
    0.0,
    0.0,
    0.0,
    0.0,
    0.0,
    0.0,
    0.0,
    0.0
  ],
  "step_reward_std": [
    0.38035595417022705,
    0.0,
    0.0,
    0.13985058665275574,
    0.10047151148319244,
    0.2486056536436081,
    0.32405948638916016,
    0.3072548508644104,
    0.38500434160232544,
    0.35722145438194275,
    0.241041362285614,
    0.0,
    0.31413957476615906,
    0.0,
    0.23986011743545532,
    0.3584102392196655,
    0.2958328127861023,
    0.2940363585948944,
    0.35000860691070557,
    0.10047151148319244,
    0.2954396903514862,
    0.32570070028305054
  ],
  "step_improvement_std": [
    0.034726180136203766,
    0.0,
    0.0,
    0.017841335386037827,
    0.008624357171356678,
    0.007829270325601101,
    0.012904373928904533,
    0.013774687424302101,
    0.033887870609760284,
    0.018237698823213577,
    0.011750921607017517,
    0.0,
    0.016223233193159103,
    0.0,
    0.03049863688647747,
    0.022304603829979897,
    0.01680929586291313,
    0.03961215913295746,
    0.020039420574903488,
    0.02102929912507534,
    0.023613490164279938,
    0.04648889601230621
  ],
  "same_mask_repeat_std": [
    0.024118782952427864,
    0.04265663027763367,
    0.023823758587241173,
    0.03098313696682453,
    0.029155554249882698,
    0.02220011316239834,
    0.025331804528832436,
    0.03639815375208855,
    0.03234577551484108,
    0.04345431551337242,
    0.027415767312049866,
    0.026952393352985382,
    0.04764024168252945,
    0.060196563601493835,
    0.051612067967653275,
    0.015919335186481476,
    0.026886751875281334,
    0.03133973106741905,
    0.07728929072618484,
    0.05802532285451889,
    0.043982215225696564,
    0.0592067614197731
  ],
  "proxy_actual_gain_corr": 0.3509446366391771,
  "surrogate_train_times_sec": [
    0.1226041242480278,
    0.12554612755775452,
    0.11853012442588806,
    0.1178426668047905,
    0.12549033761024475,
    0.12811817228794098,
    0.12472400069236755,
    0.1222662478685379,
    0.1346270889043808,
    0.13301821053028107,
    0.12243150174617767,
    0.127684086561203,
    0.1325400471687317,
    0.12660787999629974,
    0.1272834986448288,
    0.13194029033184052,
    0.1347043365240097,
    0.1251944601535797,
    0.12749074399471283,
    0.12989982962608337,
    0.1323697865009308,
    0.12856242060661316
  ],
  "gfn_train_times_sec": [
    0.0,
    0.0,
    0.0,
    0.0,
    0.0,
    0.0,
    0.0,
    0.0,
    0.0,
    0.0,
    0.0,
    0.0,
    0.0,
    0.0,
    0.0,
    0.0,
    0.0,
    0.0,
    0.0,
    0.0,
    0.0,
    0.0
  ],
  "proposal_times_sec": [
    0.22978775203227997,
    0.23115670680999756,
    0.23126108944416046,
    0.2318354994058609,
    0.23527634143829346,
    0.24908336997032166,
    0.23584184050559998,
    0.2399439513683319,
    0.24173641204833984,
    0.2314169555902481,
    0.22887004911899567,
    0.23453079164028168,
    0.2300836592912674,
    0.24605204164981842,
    0.23751425743103027,
    0.2344815880060196,
    0.24104613065719604,
    0.23200929164886475,
    0.22991009056568146,
    0.2400437444448471,
    0.23868796229362488,
    0.24261300265789032
  ],
  "iteration_times_sec": [
    0.3675178289413452,
    0.3736172914505005,
    0.36521115899086,
    0.36477041244506836,
    0.3752937614917755,
    0.3910679221153259,
    0.37702545523643494,
    0.37580421566963196,
    0.39045044779777527,
    0.38019704818725586,
    0.36498305201530457,
    0.3770108222961426,
    0.37809130549430847,
    0.38779133558273315,
    0.3798906207084656,
    0.3796676695346832,
    0.3903862237930298,
    0.37353187799453735,
    0.3723774552345276,
    0.38396498560905457,
    0.38546425104141235,
    0.385476678609848
  ],
  "total_wall_time_sec": 8.320513666956685
}
