{
  "summary": {
    "random": {
      "mean_regret": [
        13.306511878967285,
        4.611563205718994,
        4.611563205718994,
        4.611563205718994
      ],
      "std_regret": [
        7.995150089263916,
        0.21018743515014648,
        0.21018743515014648,
        0.21018743515014648
      ],
      "mean_best_value": [
        -13.704400062561035,
        -5.009450435638428,
        -5.009450435638428,
        -5.009450435638428
      ],
      "std_best_value": [
        7.995150566101074,
        0.21018743515014648,
        0.21018743515014648,
        0.21018743515014648
      ],
      "mean_query_value": [
        -121.41339874267578,
        -5.009450435638428,
        -8.320024490356445,
        -8.6613187789917
      ],
      "std_query_value": [
        115.70415496826172,
        0.21018743515014648,
        2.3009402751922607,
        3.801846504211426
      ],
      "final_regret_mean": 4.611563205718994,
      "final_regret_std": 0.21018743515014648,
      "floor_reward_fraction_mean": 1.0,
      "step_reward_std_mean": 7.622417237326817e-13,
      "same_mask_repeat_std_mean": 1.459271788597107,
      "total_time_mean_sec": 0.47487102093873546
    },
    "gfn": {
      "mean_regret": [
        13.306511878967285,
        10.473018646240234,
        10.473018646240234,
        8.23332691192627
      ],
      "std_regret": [
        7.995150089263916,
        6.071643352508545,
        6.071643352508545,
        3.831951141357422
      ],
      "mean_best_value": [
        -13.704400062561035,
        -10.870906829833984,
        -10.870906829833984,
        -8.631214141845703
      ],
      "std_best_value": [
        7.995150566101074,
        6.071643829345703,
        6.071643829345703,
        3.831951141357422
      ],
      "mean_query_value": [
        -121.41339874267578,
        -10.870906829833984,
        -13.625822067260742,
        -8.6613187789917
      ],
      "std_query_value": [
        115.70415496826172,
        6.071643829345703,
        7.60673713684082,
        3.801846504211426
      ],
      "final_regret_mean": 8.23332691192627,
      "final_regret_std": 3.831951141357422,
      "floor_reward_fraction_mean": 1.0,
      "step_reward_std_mean": 3.571031057664209e-12,
      "same_mask_repeat_std_mean": 1.4188882112503052,
      "total_time_mean_sec": 0.4528660415671766
    },
    "tradeoff": {
      "regret_gain_of_gfn": -3.6217637062072754,
      "slowdown_factor": 0.9536611450240553
    }
  },
  "random_trials": [
    {
      "seed": 0,
      "method": "random",
      "benchmark": "branin",
      "spec_name": "reward_protocol_softplus_scaled_v2",
      "regrets": [
        21.30166244506836,
        4.821750640869141,
        4.821750640869141,
        4.821750640869141
      ],
      "best_values": [
        -21.69955062866211,
        -5.219637870788574,
        -5.219637870788574,
        -5.219637870788574
      ],
      "queried_values": [
        -237.1175537109375,
        -5.219637870788574,
        -10.620965003967285,
        -12.463165283203125
      ],
      "proxy_rewards": [
        9.999999747378752e-05,
        9.999999747378752e-05,
        9.999999747378752e-05,
        9.999999747378752e-05
      ],
      "proxy_improvements": [
        -17.6954402923584,
        -35.52899169921875,
        -41.87921905517578,
        -44.61814880371094
      ],
      "floor_reward_flags": [
        1.0,
        1.0,
        1.0,
        1.0
      ],
      "step_reward_std": [
        5.50084702642869e-17,
        0.0,
        0.0,
        0.0
      ],
      "same_mask_repeat_std": [
        1.3727105855941772,
        1.2393215894699097,
        2.0637247562408447,
        1.7282397747039795
      ],
      "surrogate_train_times_sec": [
        0.7985204458236694,
        0.013405917212367058,
        0.013058625161647797,
        0.012122209183871746
      ],
      "gfn_train_times_sec": [
        0.0,
        0.0,
        0.0,
        0.0
      ],
      "proposal_times_sec": [
        0.0066047911532223225,
        0.004606457892805338,
        0.005053834058344364,
        0.004772792104631662
      ],
      "iteration_times_sec": [
        0.8077448606491089,
        0.020894750952720642,
        0.020701207220554352,
        0.019710540771484375
      ],
      "total_wall_time_sec": 0.869059958960861
    },
    {
      "seed": 1,
      "method": "random",
      "benchmark": "branin",
      "spec_name": "reward_protocol_softplus_scaled_v2",
      "regrets": [
        5.311361789703369,
        4.401375770568848,
        4.401375770568848,
        4.401375770568848
      ],
      "best_values": [
        -5.709249019622803,
        -4.799263000488281,
        -4.799263000488281,
        -4.799263000488281
      ],
      "queried_values": [
        -5.709249019622803,
        -4.799263000488281,
        -6.019084453582764,
        -4.859472274780273
      ],
      "proxy_rewards": [
        0.00010000010661315173,
        9.999999747378752e-05,
        9.999999747378752e-05,
        9.999999747378752e-05
      ],
      "proxy_improvements": [
        -11.473834037780762,
        -17.443769454956055,
        -21.712177276611328,
        -21.01852035522461
      ],
      "floor_reward_flags": [
        1.0,
        1.0,
        1.0,
        1.0
      ],
      "step_reward_std": [
        6.0978787123910916e-12,
        1.3552527156068805e-20,
        2.710505431213761e-20,
        1.3552527156068805e-20
      ],
      "same_mask_repeat_std": [
        1.5700902938842773,
        1.8074262142181396,
        0.8756279349327087,
        1.0170332193374634
      ],
      "surrogate_train_times_sec": [
        0.012445833534002304,
        0.012002499774098396,
        0.012368000112473965,
        0.012417291291058064
      ],
      "gfn_train_times_sec": [
        0.0,
        0.0,
        0.0,
        0.0
      ],
      "proposal_times_sec": [
        0.005253334064036608,
        0.005106292199343443,
        0.005072874948382378,
        0.005035124719142914
      ],
      "iteration_times_sec": [
        0.020251333713531494,
        0.020136665552854538,
        0.019959500059485435,
        0.02032608352601528
      ],
      "total_wall_time_sec": 0.08068208291660994
    }
  ],
  "gfn_trials": [
    {
      "seed": 0,
      "method": "gfn",
      "benchmark": "branin",
      "spec_name": "reward_protocol_softplus_scaled_v2",
      "regrets": [
        21.30166244506836,
        16.544662475585938,
        16.544662475585938,
        12.065278053283691
      ],
      "best_values": [
        -21.69955062866211,
        -16.942550659179688,
        -16.942550659179688,
        -12.463165283203125
      ],
      "queried_values": [
        -237.1175537109375,
        -16.942550659179688,
        -21.232559204101562,
        -12.463165283203125
      ],
      "proxy_rewards": [
        9.999999747378752e-05,
        9.999999747378752e-05,
        9.999999747378752e-05,
        9.999999747378752e-05
      ],
      "proxy_improvements": [
        -17.6954402923584,
        -24.861141204833984,
        -41.27689743041992,
        -28.048694610595703
      ],
      "floor_reward_flags": [
        1.0,
        1.0,
        1.0,
        1.0
      ],
      "step_reward_std": [
        1.4517289742057573e-16,
        0.0,
        0.0,
        0.0
      ],
      "same_mask_repeat_std": [
        1.3727105855941772,
        1.200382113456726,
        1.3949955701828003,
        2.0681962966918945
      ],
      "surrogate_train_times_sec": [
        0.012449292466044426,
        0.013174416497349739,
        0.012403666041791439,
        0.012259416282176971
      ],
      "gfn_train_times_sec": [
        0.10286383330821991,
        0.08640287816524506,
        0.08403291553258896,
        0.08179758489131927
      ],
      "proposal_times_sec": [
        0.11579124629497528,
        0.09988587349653244,
        0.0962660014629364,
        0.09390217065811157
      ],