{
  "summary": {
    "random": {
      "mean_regret": [
        20.251590728759766,
        20.251590728759766,
        20.251590728759766,
        20.251590728759766
      ],
      "std_regret": [
        0.21873092651367188,
        0.21873092651367188,
        0.21873092651367188,
        0.21873092651367188
      ],
      "mean_best_value": [
        -20.251590728759766,
        -20.251590728759766,
        -20.251590728759766,
        -20.251590728759766
      ],
      "std_best_value": [
        0.21873092651367188,
        0.21873092651367188,
        0.21873092651367188,
        0.21873092651367188
      ],
      "mean_query_value": [
        -21.652883529663086,
        -21.039541244506836,
        -21.12131690979004,
        -21.245210647583008
      ],
      "std_query_value": [
        0.07502174377441406,
        0.4410266876220703,
        0.3781299591064453,
        0.09226417541503906
      ],
      "final_regret_mean": 20.251590728759766,
      "final_regret_std": 0.21873092651367188,
      "floor_reward_fraction_mean": 0.0,
      "step_reward_std_mean": 0.195594921708107,
      "step_improvement_std_mean": 0.0037522674538195133,
      "same_mask_repeat_std_mean": 0.02960137091577053,
      "proxy_actual_gain_corr_mean": -0.7470396161079407,
      "total_time_mean_sec": 0.07726297900080681
    },
    "gfn": {
      "mean_regret": [
        20.251590728759766,
        20.251590728759766,
        20.251590728759766,
        20.251590728759766
      ],
      "std_regret": [
        0.21873092651367188,
        0.21873092651367188,
        0.21873092651367188,
        0.21873092651367188
      ],
      "mean_best_value": [
        -20.251590728759766,
        -20.251590728759766,
        -20.251590728759766,
        -20.251590728759766
      ],
      "std_best_value": [
        0.21873092651367188,
        0.21873092651367188,
        0.21873092651367188,
        0.21873092651367188
      ],
      "mean_query_value": [
        -21.652883529663086,
        -21.32715606689453,
        -21.12131690979004,
        -20.982807159423828
      ],
      "std_query_value": [
        0.07502174377441406,
        0.153411865234375,
        0.3781299591064453,
        0.12713623046875
      ],
      "final_regret_mean": 20.251590728759766,
      "final_regret_std": 0.21873092651367188,
      "floor_reward_fraction_mean": 0.0,
      "step_reward_std_mean": 0.23566588759422302,
      "step_improvement_std_mean": 0.014378157444298267,
      "same_mask_repeat_std_mean": 0.03664986044168472,
      "proxy_actual_gain_corr_mean": -0.8465876579284668,
      "total_time_mean_sec": 0.7573166045476682
    },
    "tradeoff": {
      "regret_gain_of_gfn": 0.0,
      "slowdown_factor": 9.801804361436284
    }
  },
  "random_trials": [
    {
      "seed": 0,
      "method": "random",
      "benchmark": "ackley10",
      "spec_name": "main_v2",
      "regrets": [
        20.032859802246094,
        20.032859802246094,
        20.032859802246094,
        20.032859802246094
      ],
      "best_values": [
        -20.032859802246094,
        -20.032859802246094,
        -20.032859802246094,
        -20.032859802246094
      ],
      "queried_values": [
        -21.577861785888672,
        -20.598514556884766,
        -21.499446868896484,
        -21.337474822998047
      ],
      "actual_gains": [
        -1.5450019836425781,
        -0.5656547546386719,
        -1.4665870666503906,
        -1.3046150207519531
      ],
      "proxy_rewards": [
        1.0,
        1.0,
        1.0,
        1.0
      ],
      "proxy_improvements": [
        -0.35488665103912354,
        -0.6736363768577576,
        -0.5987957715988159,
        -0.6857901811599731
      ],
      "floor_reward_flags": [
        0.0,
        0.0,
        0.0,
        0.0
      ],
      "step_reward_std": [
        0.0,
        0.0,
        0.3105649948120117,
        0.35762202739715576
      ],
      "step_improvement_std": [
        0.0,
        0.0,
        0.006566183175891638,
        0.003836006624624133
      ],
      "same_mask_repeat_std": [
        0.032345447689294815,
        0.025501061230897903,
        0.02793901599943638,
        0.03835326433181763
      ],
      "proxy_actual_gain_corr": -0.5847278611972568,
      "surrogate_train_times_sec": [
        0.012374082580208778,
        0.012038707733154297,
        0.01133966725319624,
        0.011362708173692226
      ],
      "gfn_train_times_sec": [
        0.0,
        0.0,
        0.0,
        0.0
      ],
      "proposal_times_sec": [
        0.004901959095150232,
        0.004875583108514547,
        0.005015125032514334,
        0.005108333192765713
      ],
      "iteration_times_sec": [
        0.01990545727312565,
        0.019473500549793243,
        0.01897108368575573,
        0.019255708903074265
      ],
      "total_wall_time_sec": 0.07770283299032599
    },
    {
      "seed": 1,
      "method": "random",
      "benchmark": "ackley10",
      "spec_name": "main_v2",
      "regrets": [
        20.470321655273438,
        20.470321655273438,
        20.470321655273438,
        20.470321655273438
      ],
      "best_values": [
        -20.470321655273438,
        -20.470321655273438,
        -20.470321655273438,
        -20.470321655273438
      ],
      "queried_values": [
        -21.7279052734375,
        -21.480567932128906,
        -20.743186950683594,
        -21.15294647216797
      ],
      "actual_gains": [
        -1.2575836181640625,
        -1.0102462768554688,
        -0.27286529541015625,
        -0.6826248168945312
      ],
      "proxy_rewards": [
        1.0,
        1.0,
        1.0,
        1.0
      ],
      "proxy_improvements": [
        -0.2728174924850464,
        -0.34885525703430176,
        -0.5188741087913513,
        -0.526802122592926
      ],
      "floor_reward_flags": [
        0.0,
        0.0,
        0.0,
        0.0
      ],
      "step_reward_std": [
        0.2242743819952011,
        0.0,
        0.3051607310771942,
        0.36713722348213196
      ],
      "step_improvement_std": [
        0.005159796681255102,
        0.0,
        0.009506171569228172,
        0.00494998088106513
      ],
      "same_mask_repeat_std": [
        0.03564543277025223,
        0.02228999324142933,
        0.04183576628565788,
        0.012900988571345806
      ],
      "proxy_actual_gain_corr": -0.909351364573323,
      "surrogate_train_times_sec": [
        0.011570625007152557,
        0.011295500211417675,
        0.010916084051132202,
        0.01113400049507618
      ],
      "gfn_train_times_sec": [
        0.0,
        0.0,
        0.0,
        0.0
      ],
      "proposal_times_sec": [
        0.005624124780297279,
        0.005313333123922348,
        0.005200750194489956,
        0.00485570915043354
      ],
      "iteration_times_sec": [
        0.02005208283662796,
        0.019319208338856697,
        0.018812499940395355,
        0.018571333959698677
      ],
      "total_wall_time_sec": 0.07682312501128763
    }
  ],
  "gfn_trials": [
    {
      "seed": 0,
      "method": "gfn",
      "benchmark": "ackley10",
      "spec_name": "main_v2",
      "regrets": [
        20.032859802246094,
        20.032859802246094,
        20.032859802246094,
        20.032859802246094
      ],
      "best_values": [
        -20.032859802246094,
        -20.032859802246094,
        -20.032859802246094,
        -20.032859802246094
      ],
      "queried_values": [
        -21.577861785888672,
        -21.173744201660156,
        -21.499446868896484,
        -20.855670928955078
      ],
      "actual_gains": [
        -1.5450019836425781,
        -1.1408843994140625,
        -1.4665870666503906,
        -0.8228111267089844
      ],
      "proxy_rewards": [
        1.0,
        1.0,
        1.0,
        1.0
      ],
      "proxy_improvements": [
        -0.35488665103912354,
        -0.6307168006896973,
        -0.6487756371498108,
        -0.7014632225036621
      ],