benchmark,method,final_regret_mean,final_regret_std,final_best_mean,final_best_std,total_time_mean_sec,total_time_std_sec,iter_time_mean_sec,surrogate_time_mean_sec,gfn_train_time_mean_sec,proposal_time_mean_sec
branin,random,1.9298515915870667,1.6452171206474304,-2.3277390003204346,1.6452171802520752,0.3166980000096373,0.2608536249608733,0.07916352059692144,0.07523712702095509,0.0,0.00385760935023427
branin,gfn,2.9095380902290344,1.0385341048240662,-3.3074254989624023,1.038534164428711,0.4016956459963694,0.006157604046165943,0.1004088744521141,0.010787760373204947,0.07821625098586082,0.01132484944537282
