{
  "seed": 4,
  "method": "gfn",
  "benchmark": "branin",
  "spec_name": "reward_protocol_zscore_v2",
  "regrets": [
    3.2858641147613525,
    3.2858641147613525,
    3.2858641147613525,
    3.2858641147613525,
    3.2858641147613525,
    3.2858641147613525,
    3.2858641147613525,
    3.2858641147613525,
    3.2858641147613525,
    3.2858641147613525,
    3.2858641147613525,
    3.2858641147613525,
    3.2858641147613525,
    3.2858641147613525,
    3.2858641147613525,
    3.2858641147613525,
    3.2858641147613525,
    3.2858641147613525
  ],
  "best_values": [
    -3.6837515830993652,
    -3.6837515830993652,
    -3.6837515830993652,
    -3.6837515830993652,
    -3.6837515830993652,
    -3.6837515830993652,
    -3.6837515830993652,
    -3.6837515830993652,
    -3.6837515830993652,
    -3.6837515830993652,
    -3.6837515830993652,
    -3.6837515830993652,
    -3.6837515830993652,
    -3.6837515830993652,
    -3.6837515830993652,
    -3.6837515830993652,
    -3.6837515830993652,
    -3.6837515830993652
  ],
  "queried_values": [
    -5.734039306640625,
    -11.572847366333008,
    -20.315105438232422,
    -5.713440895080566,
    -4.282136917114258,
    -7.1973114013671875,
    -8.372903823852539,
    -9.351821899414062,
    -7.050745964050293,
    -4.984287738800049,
    -9.32540512084961,
    -5.89841365814209,
    -4.951131820678711,
    -13.099693298339844,
    -5.054669380187988,
    -5.654735088348389,
    -8.035507202148438,
    -4.894131660461426
  ],
  "actual_gains": [
    -2.0502877235412598,
    -7.889095783233643,
    -16.6313533782959,
    -2.029689311981201,
    -0.5983853340148926,
    -3.5135598182678223,
    -4.689152240753174,
    -5.668070316314697,
    -3.3669943809509277,
    -1.3005361557006836,
    -5.641653537750244,
    -2.2146620750427246,
    -1.2673802375793457,
    -9.41594123840332,
    -1.370917797088623,
    -1.9709835052490234,
    -4.351755619049072,
    -1.2103800773620605
  ],
  "proxy_rewards": [
    0.8873437643051147,
    1.0609259605407715,
    1.1352784633636475,
    0.9917706251144409,
    0.9145705699920654,
    0.975861668586731,
    0.8423359990119934,
    1.1396663188934326,
    1.0868675708770752,
    1.0236620903015137,
    1.0086727142333984,
    0.8937475085258484,
    0.862099826335907,
    0.8379925489425659,
    0.9775359034538269,
    0.8910642266273499,
    0.815222978591919,
    1.0946232080459595
  ],
  "proxy_improvements": [
    12.940753936767578,
    9.047749519348145,
    18.058486938476562,
    0.5131455659866333,
    -3.341630458831787,
    -3.4158990383148193,
    3.6947131156921387,
    2.640653133392334,
    1.5631052255630493,
    1.1099601984024048,
    -0.598767101764679,
    -0.8309391140937805,
    -3.177415132522583,
    -0.3688543438911438,
    -1.1295855045318604,
    -1.0339305400848389,
    -0.5862816572189331,
    -0.18320603668689728
  ],
  "floor_reward_flags": [
    0.0,
    0.0,
    0.0,
    0.0,
    0.0,
    0.0,
    0.0,
    0.0,
    0.0,
    0.0,
    0.0,
    0.0,
    0.0,
    0.0,
    0.0,
    0.0,
    0.0,
    0.0
  ],
  "step_reward_std": [
    0.18939894437789917,
    0.31082719564437866,
    0.3572949171066284,
    0.31324994564056396,
    0.21052469313144684,
    0.2355823963880539,
    0.19237159192562103,
    0.40409258008003235,
    0.345836341381073,
    0.3186986446380615,
    0.2908172309398651,
    0.209847554564476,
    0.1859664022922516,
    0.14553013443946838,
    0.25620514154434204,
    0.2147865891456604,
    0.15302971005439758,
    0.35967227816581726
  ],
  "step_improvement_std": [
    6.780901908874512,
    6.6328125,
    3.9297542572021484,
    5.319378852844238,
    12.986189842224121,
    2.3458316326141357,
    7.149167537689209,
    4.436544418334961,
    4.802783966064453,
    5.299377918243408,
    1.293892741203308,
    10.302919387817383,
    5.130445957183838,
    9.284029006958008,
    7.410709381103516,
    5.2022929191589355,
    3.2943267822265625,
    3.0730843544006348
  ],
  "same_mask_repeat_std": [
    2.0702502727508545,
    1.1419827938079834,
    1.498270869255066,
    1.9245514869689941,
    1.1764556169509888,
    1.1286840438842773,
    1.3153269290924072,
    1.4318625926971436,
    0.5366986989974976,
    1.6783283948898315,
    1.4789942502975464,
    1.008795976638794,
    1.3891297578811646,
    0.49562937021255493,
    1.0339215993881226,
    0.9269596934318542,
    0.9053556323051453,
    0.8865723013877869
  ],
  "proxy_actual_gain_corr": -0.6665477887030051,
  "surrogate_train_times_sec": [
    0.1188637912273407,
    0.1121644601225853,
    0.11515571177005768,
    0.11872608214616776,
    0.11196233332157135,
    0.11479933559894562,
    0.11362483352422714,
    0.12019545584917068,
    0.12230733036994934,
    0.11459182947874069,
    0.11605079472064972,
    0.11510749906301498,
    0.11135795712471008,
    0.11589933186769485,
    0.11320720613002777,
    0.11372033506631851,
    0.11729425191879272,
    0.12180754542350769
  ],
  "gfn_train_times_sec": [
    10.272424697875977,
    10.024831771850586,
    9.958147048950195,
    10.025864601135254,
    10.012251853942871,
    10.091154098510742,
    10.060090065002441,
    10.125871658325195,
    10.11330509185791,
    10.152320861816406,
    10.243704795837402,
    10.243590354919434,
    10.124730110168457,
    10.01733684539795,
    10.005736351013184,
    9.96041202545166,
    9.998973846435547,
    10.252174377441406
  ],
  "proposal_times_sec": [
    10.53940486907959,
    10.285512924194336,
    10.228611946105957,
    10.288022994995117,
    10.27346134185791,
    10.355268478393555,
    10.32623291015625,
    10.398114204406738,
    10.383208274841309,
    10.430636405944824,
    10.511634826660156,
    10.50804328918457,
    10.39645004272461,
    10.283530235290527,
    10.268936157226562,
    10.220492362976074,
    10.266345977783203,
    10.537317276000977
  ],
  "iteration_times_sec": [
    10.669005393981934,
    10.408350944519043,
    10.354751586914062,
    10.417308807373047,
    10.396710395812988,
    10.481468200683594,
    10.450826644897461,
    10.530646324157715,
    10.516107559204102,
    10.556310653686523,
    10.638581275939941,
    10.634820938110352,
    10.518534660339355,
    10.410846710205078,
    10.393126487731934,
    10.344927787780762,
    10.39516830444336,
    10.670432090759277
  ],
  "total_wall_time_sec": 188.78877054189797
}
