{
  "seed": 1,
  "method": "gfn",
  "benchmark": "branin",
  "spec_name": "reward_protocol_zscore_v2",
  "regrets": [
    1.9835938215255737,
    1.9835938215255737,
    1.9835938215255737,
    1.9835938215255737,
    1.9835938215255737,
    1.9835938215255737,
    1.9835938215255737,
    1.9835938215255737,
    1.9835938215255737,
    1.9835938215255737,
    1.9835938215255737,
    1.9835938215255737,
    1.9835938215255737,
    1.9835938215255737,
    1.9835938215255737,
    1.9835938215255737,
    1.9835938215255737,
    1.9835938215255737
  ],
  "best_values": [
    -2.381481170654297,
    -2.381481170654297,
    -2.381481170654297,
    -2.381481170654297,
    -2.381481170654297,
    -2.381481170654297,
    -2.381481170654297,
    -2.381481170654297,
    -2.381481170654297,
    -2.381481170654297,
    -2.381481170654297,
    -2.381481170654297,
    -2.381481170654297,
    -2.381481170654297,
    -2.381481170654297,
    -2.381481170654297,
    -2.381481170654297,
    -2.381481170654297
  ],
  "queried_values": [
    -3.400947093963623,
    -20.601472854614258,
    -9.1447172164917,
    -3.1127471923828125,
    -13.308252334594727,
    -3.3272533416748047,
    -6.150182723999023,
    -3.3597402572631836,
    -18.46360969543457,
    -11.912846565246582,
    -10.915671348571777,
    -3.934197425842285,
    -3.542668342590332,
    -5.599778175354004,
    -11.381745338439941,
    -10.062283515930176,
    -6.189944267272949,
    -3.2645368576049805
  ],
  "actual_gains": [
    -1.0194659233093262,
    -18.21999168395996,
    -6.763236045837402,
    -0.7312660217285156,
    -10.92677116394043,
    -0.9457721710205078,
    -3.7687015533447266,
    -0.9782590866088867,
    -16.082128524780273,
    -9.531365394592285,
    -8.53419017791748,
    -1.5527162551879883,
    -1.1611871719360352,
    -3.218297004699707,
    -9.000264167785645,
    -7.680802345275879,
    -3.8084630966186523,
    -0.8830556869506836
  ],
  "proxy_rewards": [
    1.0712920427322388,
    0.9654009938240051,
    1.5479739904403687,
    1.2682753801345825,
    1.1750483512878418,
    1.2287724018096924,
    1.2667990922927856,
    1.1830414533615112,
    0.9726529121398926,
    1.3885600566864014,
    1.2278393507003784,
    0.9584655165672302,
    1.1202256679534912,
    1.3655177354812622,
    1.277419090270996,
    1.1372244358062744,
    0.9669073820114136,
    1.1603515148162842
  ],
  "proxy_improvements": [
    38.01517868041992,
    19.035715103149414,
    24.692337036132812,
    7.956483840942383,
    15.186628341674805,
    -1.3876879215240479,
    3.013822078704834,
    11.044845581054688,
    4.5386199951171875,
    1.9117573499679565,
    2.5582244396209717,
    5.500458240509033,
    1.1285731792449951,
    4.107540130615234,
    13.503707885742188,
    5.826638221740723,
    4.447427749633789,
    3.437004804611206
  ],
  "floor_reward_flags": [
    0.0,
    0.0,
    0.0,
    0.0,
    0.0,
    0.0,
    0.0,
    0.0,
    0.0,
    0.0,
    0.0,
    0.0,
    0.0,
    0.0,
    0.0,
    0.0,
    0.0,
    0.0
  ],
  "step_reward_std": [
    0.28285858035087585,
    0.180828258395195,
    0.43345022201538086,
    0.3736664652824402,
    0.4301658570766449,
    0.3301807641983032,
    0.4571256637573242,
    0.33220377564430237,
    0.2184377908706665,
    0.41757047176361084,
    0.35562682151794434,
    0.22146978974342346,
    0.2535640597343445,
    0.32359424233436584,
    0.37338390946388245,
    0.42538565397262573,
    0.27937158942222595,
    0.318599134683609
  ],
  "step_improvement_std": [
    21.844552993774414,
    14.89833927154541,
    6.052220821380615,
    2.0608153343200684,
    7.453962802886963,
    5.228188991546631,
    3.0307304859161377,
    2.63873553276062,
    16.94546127319336,
    4.4587178230285645,
    3.6973938941955566,
    3.2564942836761475,
    4.432987689971924,
    3.5814502239227295,
    4.330099582672119,
    4.074265003204346,
    6.5136284828186035,
    5.533835411071777
  ],
  "same_mask_repeat_std": [
    1.597684621810913,
    1.8754189014434814,
    2.937228202819824,
    1.8709923028945923,
    2.089454412460327,
    0.6526668667793274,
    1.8820805549621582,
    1.703027606010437,
    0.6259585618972778,
    0.8377844095230103,
    1.4882675409317017,
    0.720112144947052,
    0.6486239433288574,
    0.8734174966812134,
    1.645548701286316,
    1.2155567407608032,
    1.2397494316101074,
    0.7705269455909729
  ],
  "proxy_actual_gain_corr": -0.12055483169100452,
  "surrogate_train_times_sec": [
    0.11796120554208755,
    0.1192755401134491,
    0.1130487471818924,
    0.114308662712574,
    0.11253491789102554,
    0.11453129351139069,
    0.11721916496753693,
    0.11722295731306076,
    0.11482050269842148,
    0.11425579339265823,
    0.11553766578435898,
    0.11625699698925018,
    0.11361683160066605,
    0.11645817011594772,
    0.11528333276510239,
    0.11447083204984665,
    0.10841929167509079,
    0.11371596157550812
  ],
  "gfn_train_times_sec": [
    9.919734001159668,
    9.853143692016602,
    9.908391952514648,
    10.17340087890625,
    10.218271255493164,
    10.108245849609375,
    10.159180641174316,
    9.970145225524902,
    9.97009563446045,
    10.223353385925293,
    10.214383125305176,
    9.89012336730957,
    9.9174222946167,
    9.91883373260498,
    9.893389701843262,
    9.85783576965332,
    10.106247901916504,
    10.339570999145508
  ],
  "proposal_times_sec": [
    10.181175231933594,
    10.117465019226074,
    10.174254417419434,
    10.438783645629883,
    10.488499641418457,
    10.387001991271973,
    10.429910659790039,
    10.233707427978516,
    10.234552383422852,
    10.49295425415039,
    10.48106861114502,
    10.161301612854004,
    10.19009780883789,
    10.183757781982422,
    10.160494804382324,
    10.130548477172852,
    10.374687194824219,
    10.619512557983398
  ],
  "iteration_times_sec": [
    10.310678482055664,
    10.247772216796875,
    10.29868221282959,
    10.564085006713867,
    10.611112594604492,
    10.513976097106934,
    10.558192253112793,
    10.362028121948242,
    10.360316276550293,
    10.618534088134766,
    10.608366012573242,
    10.288447380065918,
    10.314960479736328,
    10.310944557189941,
    10.2864408493042,
    10.255784034729004,
    10.494418144226074,
    10.745074272155762
  ],
  "total_wall_time_sec": 187.7508082499262
}
