{
  "seed": 0,
  "method": "gfn",
  "benchmark": "branin",
  "spec_name": "reward_protocol_zscore_v2",
  "regrets": [
    7.320659637451172,
    7.320659637451172,
    7.320659637451172,
    7.320659637451172,
    7.320659637451172,
    7.320659637451172,
    0.32232940196990967,
    0.32232940196990967,
    0.32232940196990967,
    0.32232940196990967,
    0.32232940196990967,
    0.32232940196990967,
    0.32232940196990967,
    0.32232940196990967,
    0.32232940196990967,
    0.32232940196990967,
    0.32232940196990967,
    0.32232940196990967
  ],
  "best_values": [
    -7.7185468673706055,
    -7.7185468673706055,
    -7.7185468673706055,
    -7.7185468673706055,
    -7.7185468673706055,
    -7.7185468673706055,
    -0.7202167510986328,
    -0.7202167510986328,
    -0.7202167510986328,
    -0.7202167510986328,
    -0.7202167510986328,
    -0.7202167510986328,
    -0.7202167510986328,
    -0.7202167510986328,
    -0.7202167510986328,
    -0.7202167510986328,
    -0.7202167510986328,
    -0.7202167510986328
  ],
  "queried_values": [
    -10.896522521972656,
    -116.2981185913086,
    -8.796359062194824,
    -15.065195083618164,
    -16.151226043701172,
    -20.665117263793945,
    -0.7202167510986328,
    -3.8468871116638184,
    -2.255528450012207,
    -3.596731185913086,
    -1.8050031661987305,
    -0.7369747161865234,
    -9.492302894592285,
    -3.7854928970336914,
    -1.8954362869262695,
    -1.8097944259643555,
    -2.4728708267211914,
    -3.7056326866149902
  ],
  "actual_gains": [
    -3.177975654602051,
    -108.57957458496094,
    -1.0778121948242188,
    -7.346648216247559,
    -8.432679176330566,
    -12.94657039642334,
    6.998330116271973,
    -3.1266703605651855,
    -1.5353116989135742,
    -2.876514434814453,
    -1.0847864151000977,
    -0.016757965087890625,
    -8.772086143493652,
    -3.0652761459350586,
    -1.1752195358276367,
    -1.0895776748657227,
    -1.7526540756225586,
    -2.9854159355163574
  ],
  "proxy_rewards": [
    1.318792700767517,
    1.1418378353118896,
    1.1100144386291504,
    1.1453386545181274,
    1.8446247577667236,
    1.112310767173767,
    1.1160080432891846,
    1.1038575172424316,
    0.9112399816513062,
    1.1224337816238403,
    0.9345480799674988,
    1.2886440753936768,
    0.852368175983429,
    0.8567261099815369,
    1.22262442111969,
    1.1547249555587769,
    1.0121281147003174,
    1.3198633193969727
  ],
  "proxy_improvements": [
    7.532024383544922,
    5.112433433532715,
    19.902687072753906,
    9.986615180969238,
    2.913524627685547,
    3.979217290878296,
    -1.1665384769439697,
    -3.464108943939209,
    -4.737407684326172,
    -1.4957269430160522,
    -0.9068784713745117,
    -6.0846147537231445,
    -2.0607759952545166,
    0.3840106129646301,
    -2.789226770401001,
    2.0826621055603027,
    -1.1029492616653442,
    0.7695298194885254
  ],
  "floor_reward_flags": [
    0.0,
    0.0,
    0.0,
    0.0,
    0.0,
    0.0,
    0.0,
    0.0,
    0.0,
    0.0,
    0.0,
    0.0,
    0.0,
    0.0,
    0.0,
    0.0,
    0.0,
    0.0
  ],
  "step_reward_std": [
    0.39063265919685364,
    0.3519090712070465,
    0.3422856032848358,
    0.3257696330547333,
    0.503787636756897,
    0.32982826232910156,
    0.3058277368545532,
    0.3512515723705292,
    0.1832340657711029,
    0.344482421875,
    0.2251175493001938,
    0.3802661895751953,
    0.16482752561569214,
    0.17135682702064514,
    0.3148311674594879,
    0.3461896479129791,
    0.29768502712249756,
    0.3763512969017029
  ],
  "step_improvement_std": [
    0.279604971408844,
    1.6049197912216187,
    5.7435994148254395,
    3.37365984916687,
    1.9000767469406128,
    2.5008325576782227,
    3.333986520767212,
    3.701690673828125,
    12.162670135498047,
    3.1836419105529785,
    13.823830604553223,
    2.719517707824707,
    4.151856899261475,
    10.006892204284668,
    2.2392191886901855,
    2.6640682220458984,
    5.659804344177246,
    3.239978790283203
  ],
  "same_mask_repeat_std": [
    1.0697247982025146,
    0.805211067199707,
    0.9633567929267883,
    0.9267614483833313,
    0.8598429560661316,
    1.0547192096710205,
    1.4951386451721191,
    0.6923705339431763,
    0.9715321063995361,
    0.8338279128074646,
    0.5850135684013367,
    0.4103350341320038,
    0.550987184047699,
    0.9437410235404968,
    0.7543016076087952,
    0.5366280674934387,
    0.3302190899848938,
    0.4204777181148529
  ],
  "proxy_actual_gain_corr": -0.1724215654654227,
  "surrogate_train_times_sec": [
    0.10544466972351074,
    0.11421625316143036,
    0.11183992028236389,
    0.11003337800502777,
    0.11320958286523819,
    0.11528900265693665,
    0.1113232895731926,
    0.1151297464966774,
    0.11162541806697845,
    0.1131676658987999,
    0.11676116287708282,
    0.12267258763313293,
    0.11407724767923355,
    0.1183101236820221,
    0.11437249928712845,
    0.11123599857091904,
    0.11478546261787415,
    0.11794045567512512
  ],
  "gfn_train_times_sec": [
    9.321248054504395,
    9.677915573120117,
    9.690574645996094,
    9.489405632019043,
    9.419267654418945,
    9.424638748168945,
    9.431639671325684,
    9.472208976745605,
    10.256218910217285,
    10.143357276916504,
    10.126791954040527,
    10.135852813720703,
    10.11393928527832,
    10.188250541687012,
    10.32542896270752,
    10.288277626037598,
    9.982965469360352,
    9.95440673828125
  ],
  "proposal_times_sec": [
    9.577485084533691,
    9.931425094604492,
    9.944878578186035,
    9.748617172241211,
    9.674261093139648,
    9.679951667785645,
    9.685201644897461,
    9.731152534484863,
    10.521081924438477,
    10.410619735717773,
    10.396472930908203,
    10.405473709106445,
    10.384056091308594,
    10.473589897155762,
    10.592254638671875,
    10.560770034790039,
    10.250200271606445,
    10.223978996276855
  ],
  "iteration_times_sec": [
    9.693761825561523,
    10.055754661560059,
    10.068875312805176,
    9.86918830871582,
    9.798229217529297,
    9.805137634277344,
    9.806763648986816,
    9.856690406799316,
    10.643647193908691,
    10.53422737121582,
    10.524858474731445,
    10.538846969604492,
    10.509578704833984,
    10.604703903198242,
    10.717686653137207,
    10.683307647705078,
    10.375869750976562,
    10.352751731872559
  ],
  "total_wall_time_sec": 184.44071616698056
}
