{
  "seed": 2,
  "method": "gfn",
  "benchmark": "branin",
  "spec_name": "reward_protocol_zscore_v2",
  "regrets": [
    5.224915027618408,
    5.217525005340576,
    5.217525005340576,
    5.217525005340576,
    5.217525005340576,
    5.217525005340576,
    5.217525005340576,
    5.217525005340576,
    5.217525005340576,
    5.217525005340576,
    5.217525005340576,
    5.217525005340576,
    5.217525005340576,
    5.217525005340576,
    5.217525005340576,
    5.192541122436523,
    5.192541122436523,
    5.192541122436523
  ],
  "best_values": [
    -5.622802257537842,
    -5.61541223526001,
    -5.61541223526001,
    -5.61541223526001,
    -5.61541223526001,
    -5.61541223526001,
    -5.61541223526001,
    -5.61541223526001,
    -5.61541223526001,
    -5.61541223526001,
    -5.61541223526001,
    -5.61541223526001,
    -5.61541223526001,
    -5.61541223526001,
    -5.61541223526001,
    -5.590428352355957,
    -5.590428352355957,
    -5.590428352355957
  ],
  "queried_values": [
    -6.709662437438965,
    -5.61541223526001,
    -8.50587272644043,
    -7.730349540710449,
    -10.837651252746582,
    -9.92028522491455,
    -6.527298927307129,
    -7.058078289031982,
    -8.489579200744629,
    -9.588235855102539,
    -8.912996292114258,
    -9.581949234008789,
    -9.921407699584961,
    -9.517742156982422,
    -8.817521095275879,
    -5.590428352355957,
    -9.376913070678711,
    -8.89859390258789
  ],
  "actual_gains": [
    -1.086860179901123,
    0.007390022277832031,
    -2.89046049118042,
    -2.1149373054504395,
    -5.222239017486572,
    -4.304872989654541,
    -0.9118866920471191,
    -1.4426660537719727,
    -2.874166965484619,
    -3.9728236198425293,
    -3.297584056854248,
    -3.9665369987487793,
    -4.305995464324951,
    -3.902329921722412,
    -3.202108860015869,
    0.024983882904052734,
    -3.786484718322754,
    -3.3081655502319336
  ],
  "proxy_rewards": [
    0.8472771048545837,
    0.8015716671943665,
    0.9356415867805481,
    0.8484614491462708,
    0.9716686606407166,
    0.8576791286468506,
    0.9193462133407593,
    0.8047246336936951,
    0.917842447757721,
    0.9863150715827942,
    0.9618040323257446,
    0.8685652017593384,
    0.8699110150337219,
    0.9183771014213562,
    0.8603905439376831,
    0.9560960531234741,
    0.8284063339233398,
    0.8864418268203735
  ],
  "proxy_improvements": [
    18.74738121032715,
    13.857324600219727,
    5.026836395263672,
    3.593287467956543,
    7.041501045227051,
    0.3539993166923523,
    3.113396644592285,
    -0.8748356699943542,
    -0.23862604796886444,
    1.7304000854492188,
    -0.25901421904563904,
    -0.7310941219329834,
    1.2777247428894043,
    -0.4766993522644043,
    -0.7134680151939392,
    -1.6137597560882568,
    -1.2749238014221191,
    -0.44426265358924866
  ],
  "floor_reward_flags": [
    0.0,
    0.0,
    0.0,
    0.0,
    0.0,
    0.0,
    0.0,
    0.0,
    0.0,
    0.0,
    0.0,
    0.0,
    0.0,
    0.0,
    0.0,
    0.0,
    0.0,
    0.0
  ],
  "step_reward_std": [
    0.1900576949119568,
    0.1439954936504364,
    0.29557985067367554,
    0.19495968520641327,
    0.30821165442466736,
    0.22099316120147705,
    0.27894899249076843,
    0.1687287539243698,
    0.276183545589447,
    0.27616414427757263,
    0.31781071424484253,
    0.2241138368844986,
    0.2277671843767166,
    0.2746640741825104,
    0.22171515226364136,
    0.2747823894023895,
    0.1766381561756134,
    0.24074433743953705
  ],
  "step_improvement_std": [
    7.2820587158203125,
    5.691387176513672,
    5.599551200866699,
    4.9908766746521,
    7.597778797149658,
    6.394371032714844,
    5.861380577087402,
    6.193242073059082,
    6.330172061920166,
    4.30873441696167,
    6.426237106323242,
    4.69951868057251,
    6.714694499969482,
    4.406932353973389,
    5.949804306030273,
    11.295251846313477,
    3.935326337814331,
    5.066824913024902
  ],
  "same_mask_repeat_std": [
    1.856614589691162,
    1.2570703029632568,
    0.7769572734832764,
    1.7845503091812134,
    0.3311561048030853,
    1.0863600969314575,
    0.9599531888961792,
    0.41244077682495117,
    0.567086398601532,
    0.5429713129997253,
    0.8676288723945618,
    0.5030578374862671,
    0.579474687576294,
    0.9412775635719299,
    1.9999892711639404,
    0.5797997117042542,
    0.26379406452178955,
    0.6350436210632324
  ],
  "proxy_actual_gain_corr": 0.37912066134971545,
  "surrogate_train_times_sec": [
    0.1157250851392746,
    0.11853562295436859,
    0.11509037762880325,
    0.11304508149623871,
    0.11254845559597015,
    0.11391399800777435,
    0.11380362510681152,
    0.11126212775707245,
    0.11339183151721954,
    0.11213533580303192,
    0.11326879262924194,
    0.11611329019069672,
    0.11142141371965408,
    0.11038270592689514,
    0.12188641726970673,
    0.11784562468528748,
    0.11990079283714294,
    0.11844120919704437
  ],
  "gfn_train_times_sec": [
    10.011305809020996,
    10.168248176574707,
    10.069792747497559,
    9.93191909790039,
    10.17818832397461,
    10.136746406555176,
    10.066990852355957,
    10.079544067382812,
    10.058239936828613,
    10.181564331054688,
    10.169756889343262,
    10.402962684631348,
    10.087857246398926,
    10.397337913513184,
    10.204380989074707,
    10.387375831604004,
    10.368098258972168,
    10.322919845581055
  ],
  "proposal_times_sec": [
    10.275277137756348,
    10.441949844360352,
    10.332307815551758,
    10.196206092834473,
    10.440614700317383,
    10.407118797302246,
    10.323850631713867,
    10.349540710449219,
    10.333924293518066,
    10.449875831604004,
    10.44063663482666,
    10.67702865600586,
    10.356258392333984,
    10.668620109558105,
    10.471917152404785,
    10.657225608825684,
    10.644721031188965,
    10.59704303741455
  ],
  "iteration_times_sec": [
    10.402359008789062,
    10.571526527404785,
    10.458066940307617,
    10.320220947265625,
    10.563863754272461,
    10.532798767089844,
    10.447903633117676,
    10.471282005310059,
    10.45834732055664,
    10.572783470153809,
    10.565728187561035,
    10.804630279541016,
    10.478738784790039,
    10.790717124938965,
    10.605290412902832,
    10.786998748779297,
    10.776768684387207,
    10.727022171020508
  ],
  "total_wall_time_sec": 190.33598629198968
}
