{
  "seed": 3,
  "method": "gfn",
  "benchmark": "branin",
  "spec_name": "reward_protocol_zscore_v2",
  "regrets": [
    4.9067606925964355,
    4.9067606925964355,
    4.9067606925964355,
    4.9067606925964355,
    4.9067606925964355,
    4.9067606925964355,
    4.9067606925964355,
    4.9067606925964355,
    4.9067606925964355,
    4.9067606925964355,
    4.9067606925964355,
    4.9067606925964355,
    4.9067606925964355,
    4.9067606925964355,
    4.9067606925964355,
    4.9067606925964355,
    4.9067606925964355,
    4.9067606925964355
  ],
  "best_values": [
    -5.304647922515869,
    -5.304647922515869,
    -5.304647922515869,
    -5.304647922515869,
    -5.304647922515869,
    -5.304647922515869,
    -5.304647922515869,
    -5.304647922515869,
    -5.304647922515869,
    -5.304647922515869,
    -5.304647922515869,
    -5.304647922515869,
    -5.304647922515869,
    -5.304647922515869,
    -5.304647922515869,
    -5.304647922515869,
    -5.304647922515869,
    -5.304647922515869
  ],
  "queried_values": [
    -10.189760208129883,
    -9.275758743286133,
    -6.237730503082275,
    -8.805522918701172,
    -8.906296730041504,
    -9.220476150512695,
    -5.353418827056885,
    -8.80099105834961,
    -8.665771484375,
    -7.241494655609131,
    -5.902482509613037,
    -8.52078914642334,
    -8.503406524658203,
    -5.8719706535339355,
    -7.532135009765625,
    -6.020814895629883,
    -8.726275444030762,
    -9.061500549316406
  ],
  "actual_gains": [
    -4.885112285614014,
    -3.9711108207702637,
    -0.9330825805664062,
    -3.5008749961853027,
    -3.6016488075256348,
    -3.915828227996826,
    -0.048770904541015625,
    -3.4963431358337402,
    -3.361123561859131,
    -1.9368467330932617,
    -0.597834587097168,
    -3.2161412239074707,
    -3.198758602142334,
    -0.5673227310180664,
    -2.227487087249756,
    -0.7161669731140137,
    -3.4216275215148926,
    -3.756852626800537
  ],
  "proxy_rewards": [
    0.87009596824646,
    0.9340209364891052,
    1.0075303316116333,
    0.9298054575920105,
    0.8945103883743286,
    0.8758467435836792,
    0.832646906375885,
    0.946873128414154,
    0.8589142560958862,
    0.8497962355613708,
    0.8251660466194153,
    0.9005953669548035,
    0.8084171414375305,
    0.8085736036300659,
    1.0667498111724854,
    0.8802934885025024,
    0.7782729268074036,
    0.8560752868652344
  ],
  "proxy_improvements": [
    -0.8070723414421082,
    -4.085565090179443,
    1.1082042455673218,
    1.6342417001724243,
    1.4579479694366455,
    2.2586145401000977,
    -1.9210361242294312,
    1.0038020610809326,
    -1.329541563987732,
    3.246140480041504,
    6.9813385009765625,
    -1.160700798034668,
    0.19260339438915253,
    1.2592092752456665,
    -0.022255659103393555,
    0.6963644027709961,
    -2.6058425903320312,
    1.3185395002365112
  ],
  "floor_reward_flags": [
    0.0,
    0.0,
    0.0,
    0.0,
    0.0,
    0.0,
    0.0,
    0.0,
    0.0,
    0.0,
    0.0,
    0.0,
    0.0,
    0.0,
    0.0,
    0.0,
    0.0,
    0.0
  ],
  "step_reward_std": [
    0.20656341314315796,
    0.2845200300216675,
    0.3022698163986206,
    0.26349687576293945,
    0.2449869066476822,
    0.2426302284002304,
    0.17398133873939514,
    0.2289324700832367,
    0.176833838224411,
    0.20204082131385803,
    0.15814988315105438,
    0.1689654141664505,
    0.13001035153865814,
    0.14829818904399872,
    0.3765753209590912,
    0.22405627369880676,
    0.0924437940120697,
    0.21163834631443024
  ],
  "step_improvement_std": [
    9.942853927612305,
    14.507245063781738,
    2.807539939880371,
    11.71016788482666,
    14.415314674377441,
    6.929314136505127,
    2.5413689613342285,
    1.9971508979797363,
    1.4942572116851807,
    9.216947555541992,
    9.751422882080078,
    3.986862897872925,
    4.763339996337891,
    3.684187173843384,
    2.3455119132995605,
    1.2650893926620483,
    3.269515037536621,
    2.285194158554077
  ],
  "same_mask_repeat_std": [
    1.8681330680847168,
    1.088965654373169,
    1.3507952690124512,
    1.096320629119873,
    1.4923245906829834,
    1.0148462057113647,
    1.2623913288116455,
    1.2022345066070557,
    1.0780671834945679,
    1.1400842666625977,
    1.2923601865768433,
    1.7699366807937622,
    0.5729963183403015,
    0.4570940434932709,
    0.18177969753742218,
    0.5222969055175781,
    1.3329499959945679,
    0.6639626622200012
  ],
  "proxy_actual_gain_corr": 0.3309731906206472,
  "surrogate_train_times_sec": [
    0.120537668466568,
    0.11060237139463425,
    0.12086654454469681,
    0.12119362503290176,
    0.12036141753196716,
    0.1176072508096695,
    0.1283993273973465,
    0.11722070723772049,
    0.11967266350984573,
    0.1170225441455841,
    0.11848262697458267,
    0.12058275192975998,
    0.12208245694637299,
    0.11363179236650467,
    0.12110879272222519,
    0.11781316995620728,
    0.11307312548160553,
    0.11627604067325592
  ],
  "gfn_train_times_sec": [
    9.934247970581055,
    10.066521644592285,
    10.096062660217285,
    10.065032005310059,
    10.243746757507324,
    10.266185760498047,
    10.240856170654297,
    10.304131507873535,
    10.415587425231934,
    10.222386360168457,
    10.361820220947266,
    10.17282772064209,
    10.26685905456543,
    10.304986000061035,
    10.16559886932373,
    10.369474411010742,
    10.274730682373047,
    10.359259605407715
  ],
  "proposal_times_sec": [
    10.204899787902832,
    10.330063819885254,
    10.365577697753906,
    10.339449882507324,
    10.519831657409668,
    10.56217098236084,
    10.514668464660645,
    10.589152336120605,
    10.692605972290039,
    10.491167068481445,
    10.63376235961914,
    10.445184707641602,
    10.544921875,
    10.574793815612793,
    10.438016891479492,
    10.642862319946289,
    10.554502487182617,
    10.6397066116333
  ],
  "iteration_times_sec": [
    10.336642265319824,
    10.451173782348633,
    10.497204780578613,
    10.472660064697266,
    10.651785850524902,
    10.692572593688965,
    10.654949188232422,
    10.719038009643555,
    10.823749542236328,
    10.619565963745117,
    10.764466285705566,
    10.576807975769043,
    10.678452491760254,
    10.699628829956055,
    10.570247650146484,
    10.773754119873047,
    10.679330825805664,
    10.766655921936035
  ],
  "total_wall_time_sec": 191.42954925005324
}
