{
  "seed": 4,
  "method": "random",
  "benchmark": "branin",
  "spec_name": "reward_protocol_zscore_v2",
  "regrets": [
    3.2858641147613525,
    3.2858641147613525,
    3.2858641147613525,
    3.2858641147613525,
    3.2858641147613525,
    3.2858641147613525,
    3.2858641147613525,
    3.2858641147613525,
    3.2858641147613525,
    3.2858641147613525,
    3.2858641147613525,
    3.2858641147613525,
    3.2858641147613525,
    3.2858641147613525,
    3.2858641147613525,
    3.2858641147613525,
    3.2858641147613525,
    3.2858641147613525
  ],
  "best_values": [
    -3.6837515830993652,
    -3.6837515830993652,
    -3.6837515830993652,
    -3.6837515830993652,
    -3.6837515830993652,
    -3.6837515830993652,
    -3.6837515830993652,
    -3.6837515830993652,
    -3.6837515830993652,
    -3.6837515830993652,
    -3.6837515830993652,
    -3.6837515830993652,
    -3.6837515830993652,
    -3.6837515830993652,
    -3.6837515830993652,
    -3.6837515830993652,
    -3.6837515830993652,
    -3.6837515830993652
  ],
  "queried_values": [
    -5.734039306640625,
    -17.20921516418457,
    -5.777707099914551,
    -20.59784698486328,
    -15.96878433227539,
    -7.1973114013671875,
    -13.24360466003418,
    -6.039591312408447,
    -4.989388942718506,
    -4.984287738800049,
    -5.96544075012207,
    -8.057069778442383,
    -4.951131820678711,
    -4.785799980163574,
    -5.054669380187988,
    -5.654735088348389,
    -6.407851219177246,
    -10.217437744140625
  ],
  "actual_gains": [
    -2.0502877235412598,
    -13.525463104248047,
    -2.0939555168151855,
    -16.914094924926758,
    -12.285032272338867,
    -3.5135598182678223,
    -9.559852600097656,
    -2.355839729309082,
    -1.3056373596191406,
    -1.3005361557006836,
    -2.281689167022705,
    -4.373318195343018,
    -1.2673802375793457,
    -1.102048397064209,
    -1.370917797088623,
    -1.9709835052490234,
    -2.724099636077881,
    -6.53368616104126
  ],
  "proxy_rewards": [
    0.9899550676345825,
    0.8206230998039246,
    0.9924806952476501,
    0.8388576507568359,
    0.8643878698348999,
    0.9757882952690125,
    0.9055765867233276,
    0.7826701998710632,
    0.945720911026001,
    0.8734957575798035,
    0.9130222797393799,
    0.8070620894432068,
    0.8950996398925781,
    0.8219729065895081,
    0.8732777833938599,
    0.9126613140106201,
    0.8979893922805786,
    0.8829056024551392
  ],
  "proxy_improvements": [
    12.940753936767578,
    20.14713478088379,
    9.587545394897461,
    -0.6393653154373169,
    4.547186851501465,
    -7.117997169494629,
    -2.285783529281616,
    3.005500316619873,
    1.9455244541168213,
    -7.6457905769348145,
    -0.8463186025619507,
    0.13751402497291565,
    -4.714137077331543,
    0.3099440038204193,
    -1.8696296215057373,
    -0.13703465461730957,
    -4.997807025909424,
    -0.6406503319740295
  ],
  "floor_reward_flags": [
    0.0,
    0.0,
    0.0,
    0.0,
    0.0,
    0.0,
    0.0,
    0.0,
    0.0,
    0.0,
    0.0,
    0.0,
    0.0,
    0.0,
    0.0,
    0.0,
    0.0,
    0.0
  ],
  "step_reward_std": [
    0.3313080668449402,
    0.17464357614517212,
    0.29916179180145264,
    0.20476160943508148,
    0.20271806418895721,
    0.2978067100048065,
    0.2343531847000122,
    0.10738413035869598,
    0.26190444827079773,
    0.22729653120040894,
    0.27109426259994507,
    0.16218316555023193,
    0.2466743439435959,
    0.19101710617542267,
    0.225745290517807,
    0.25170066952705383,
    0.24196112155914307,
    0.24027076363563538
  ],
  "step_improvement_std": [
    0.8560593128204346,
    2.7387521266937256,
    1.194798469543457,
    0.6732097268104553,
    2.671966075897217,
    0.8212674260139465,
    1.2681350708007812,
    1.0865287780761719,
    0.975781261920929,
    1.022839069366455,
    0.22008781135082245,
    1.8755415678024292,
    1.2088189125061035,
    0.46115151047706604,
    0.7881600260734558,
    0.9303764700889587,
    1.2848284244537354,
    1.2851170301437378
  ],
  "same_mask_repeat_std": [
    1.9525916576385498,
    1.603589653968811,
    1.2596954107284546,
    1.4563814401626587,
    0.9853381514549255,
    0.7928506731987,
    1.8436636924743652,
    1.0161188840866089,
    0.7518690824508667,
    0.9313660264015198,
    0.8249896764755249,
    0.6877167224884033,
    1.2660048007965088,
    1.046985149383545,
    0.5705345869064331,
    0.8486565947532654,
    0.5117546319961548,
    0.4610069990158081
  ],
  "proxy_actual_gain_corr": -0.31591928997936103,
  "surrogate_train_times_sec": [
    0.11061099916696548,
    0.10628020763397217,
    0.13654400408267975,
    0.18199971318244934,
    0.10594291985034943,
    0.11821991950273514,
    0.11114516854286194,
    0.10576220601797104,
    0.1168072521686554,
    0.10603262484073639,
    0.11475324630737305,
    0.11447375267744064,
    0.11131928861141205,
    0.11292329430580139,
    0.11093971133232117,
    0.1192801222205162,
    0.10252325236797333,
    0.10702245682477951
  ],
  "gfn_train_times_sec": [
    0.0,
    0.0,
    0.0,
    0.0,
    0.0,
    0.0,
    0.0,
    0.0,
    0.0,
    0.0,
    0.0,
    0.0,
    0.0,
    0.0,
    0.0,
    0.0,
    0.0,
    0.0
  ],
  "proposal_times_sec": [
    0.16548171639442444,
    0.16795895993709564,
    0.2535700798034668,
    0.18735729157924652,
    0.17694950103759766,
    0.16393212974071503,
    0.16976067423820496,
    0.16125816106796265,
    0.16568124294281006,
    0.16058349609375,
    0.1689005047082901,
    0.16354717314243317,
    0.16835542023181915,
    0.16629278659820557,
    0.16790342330932617,
    0.16858091950416565,
    0.15841533243656158,
    0.16899429261684418
  ],
  "iteration_times_sec": [
    0.28631338477134705,
    0.2845408320426941,
    0.4024234116077423,
    0.37964287400245667,
    0.2938674986362457,
    0.29275229573249817,
    0.2908439040184021,
    0.277705579996109,
    0.2931338846683502,
    0.2771948277950287,
    0.2945350706577301,
    0.28806498646736145,
    0.29013559222221375,
    0.2896353006362915,
    0.2890673279762268,
    0.2980720102787018,
    0.2707686126232147,
    0.2865241765975952
  ],
  "total_wall_time_sec": 5.386128916055895
}
