{
  "seed": 2,
  "method": "random",
  "benchmark": "branin",
  "spec_name": "reward_protocol_zscore_v2",
  "regrets": [
    5.224915027618408,
    5.217525005340576,
    5.217525005340576,
    5.217525005340576,
    5.217525005340576,
    5.217525005340576,
    5.217525005340576,
    5.217525005340576,
    5.217525005340576,
    5.217525005340576,
    5.217525005340576,
    5.217525005340576,
    5.217525005340576,
    5.217525005340576,
    5.217525005340576,
    5.192541122436523,
    5.192541122436523,
    5.192541122436523
  ],
  "best_values": [
    -5.622802257537842,
    -5.61541223526001,
    -5.61541223526001,
    -5.61541223526001,
    -5.61541223526001,
    -5.61541223526001,
    -5.61541223526001,
    -5.61541223526001,
    -5.61541223526001,
    -5.61541223526001,
    -5.61541223526001,
    -5.61541223526001,
    -5.61541223526001,
    -5.61541223526001,
    -5.61541223526001,
    -5.590428352355957,
    -5.590428352355957,
    -5.590428352355957
  ],
  "queried_values": [
    -6.709662437438965,
    -5.61541223526001,
    -7.069571018218994,
    -7.730349540710449,
    -10.837651252746582,
    -9.92028522491455,
    -6.527298927307129,
    -7.058078289031982,
    -8.489579200744629,
    -9.588235855102539,
    -8.912996292114258,
    -9.581949234008789,
    -9.921407699584961,
    -8.278762817382812,
    -6.424537658691406,
    -5.590428352355957,
    -5.618099212646484,
    -8.89859390258789
  ],
  "actual_gains": [
    -1.086860179901123,
    0.007390022277832031,
    -1.4541587829589844,
    -2.1149373054504395,
    -5.222239017486572,
    -4.304872989654541,
    -0.9118866920471191,
    -1.4426660537719727,
    -2.874166965484619,
    -3.9728236198425293,
    -3.297584056854248,
    -3.9665369987487793,
    -4.305995464324951,
    -2.6633505821228027,
    -0.8091254234313965,
    0.024983882904052734,
    -0.027670860290527344,
    -3.3081655502319336
  ],
  "proxy_rewards": [
    0.7481693625450134,
    0.772042989730835,
    0.8669332265853882,
    0.7941322326660156,
    0.5181695818901062,
    0.7458613514900208,
    0.7599852681159973,
    0.6192018985748291,
    0.7688364386558533,
    0.747717022895813,
    0.7986578345298767,
    0.7458612322807312,
    0.6962318420410156,
    0.7458613514900208,
    0.8465170860290527,
    1.0436912775039673,
    0.846082866191864,
    1.3606562614440918
  ],
  "proxy_improvements": [
    18.74738121032715,
    6.379848480224609,
    4.469039440155029,
    3.661835193634033,
    5.23479700088501,
    3.011747121810913,
    2.6902096271514893,
    2.558171510696411,
    -1.6372092962265015,
    1.7108627557754517,
    -0.8591192960739136,
    0.4167381823062897,
    -0.3770419657230377,
    -0.4946965277194977,
    -0.8077858686447144,
    -0.19360871613025665,
    -1.2544760704040527,
    -0.657983660697937
  ],
  "floor_reward_flags": [
    0.0,
    0.0,
    0.0,
    0.0,
    0.0,
    0.0,
    0.0,
    0.0,
    0.0,
    0.0,
    0.0,
    0.0,
    0.0,
    0.0,
    0.0,
    0.0,
    0.0,
    0.0
  ],
  "step_reward_std": [
    0.07596144825220108,
    0.10988657921552658,
    0.23993484675884247,
    1.1102230246251565e-16,
    1.1102230246251565e-16,
    0.07571054250001907,
    0.09614042937755585,
    1.1102230246251565e-16,
    0.10964526236057281,
    0.0758136734366417,
    0.1557089239358902,
    0.07571053504943848,
    1.1102230246251565e-16,
    0.07571054250001907,
    0.213846355676651,
    0.3850318193435669,
    0.20928148925304413,
    0.5142301321029663
  ],
  "step_improvement_std": [
    3.2894914150238037,
    2.1674611568450928,
    0.06032858043909073,
    0.0,
    8.881784197001252e-16,
    2.450157403945923,
    0.25424760580062866,
    4.440892098500626e-16,
    0.3729517459869385,
    2.43211030960083,
    0.7285440564155579,
    0.7647396326065063,
    0.0,
    2.1652629375457764,
    0.14123351871967316,
    0.04819963872432709,
    0.34533846378326416,
    0.0021475208923220634
  ],
  "same_mask_repeat_std": [
    1.8447935581207275,
    0.7525804042816162,
    1.0383210182189941,
    1.4851245880126953,
    0.8193241953849792,
    0.8955458998680115,
    0.7555108070373535,
    0.5764310956001282,
    0.8586416840553284,
    0.37112295627593994,
    0.41718512773513794,
    0.89594966173172,
    0.4337616562843323,
    0.9556546807289124,
    0.45071932673454285,
    0.4246184527873993,
    0.11109250783920288,
    0.2825106680393219
  ],
  "proxy_actual_gain_corr": 0.16722184451565916,
  "surrogate_train_times_sec": [
    0.11596120893955231,
    0.11933375149965286,
    0.11455649882555008,
    0.11094212532043457,
    0.11706124991178513,
    0.1122107058763504,
    0.11729925125837326,
    0.11436783522367477,
    0.11526137590408325,
    0.11875387281179428,
    0.1157638356089592,
    0.11856087297201157,
    0.11377720534801483,
    0.11852120608091354,
    0.11694370955228806,
    0.111991748213768,
    0.11718341708183289,
    0.11973320692777634
  ],
  "gfn_train_times_sec": [
    0.0,
    0.0,
    0.0,
    0.0,
    0.0,
    0.0,
    0.0,
    0.0,
    0.0,
    0.0,
    0.0,
    0.0,
    0.0,
    0.0,
    0.0,
    0.0,
    0.0,
    0.0
  ],
  "proposal_times_sec": [
    0.17187349498271942,
    0.17603203654289246,
    0.1779714971780777,
    0.16990141570568085,
    0.17213603854179382,
    0.17411604523658752,
    0.16872432827949524,
    0.1712600439786911,
    0.16901199519634247,
    0.17222267389297485,
    0.17249229550361633,
    0.17371487617492676,
    0.17340025305747986,
    0.17452146112918854,
    0.16807828843593597,
    0.17367129027843475,
    0.17076249420642853,
    0.17125095427036285
  ],
  "iteration_times_sec": [
    0.2984817922115326,
    0.3062516748905182,
    0.3035215735435486,
    0.2916314899921417,
    0.2997432053089142,
    0.29681527614593506,
    0.2969852387905121,
    0.2961257994174957,
    0.294879287481308,
    0.301342248916626,
    0.29947733879089355,
    0.30282944440841675,
    0.2974797487258911,
    0.3036137819290161,
    0.2951014041900635,
    0.2960257828235626,
    0.29911959171295166,
    0.3012327551841736
  ],
  "total_wall_time_sec": 5.3814336659852415
}
