{
  "seed": 0,
  "method": "random",
  "benchmark": "branin",
  "spec_name": "reward_protocol_zscore_v2",
  "regrets": [
    7.320659637451172,
    7.320659637451172,
    7.320659637451172,
    6.0472493171691895,
    1.8716248273849487,
    1.8716248273849487,
    1.8716248273849487,
    1.8716248273849487,
    1.8716248273849487,
    1.8716248273849487,
    0.5403136014938354,
    0.5403136014938354,
    0.5403136014938354,
    0.5403136014938354,
    0.5403136014938354,
    0.5403136014938354,
    0.5403136014938354,
    0.5403136014938354
  ],
  "best_values": [
    -7.7185468673706055,
    -7.7185468673706055,
    -7.7185468673706055,
    -6.445136547088623,
    -2.269512176513672,
    -2.269512176513672,
    -2.269512176513672,
    -2.269512176513672,
    -2.269512176513672,
    -2.269512176513672,
    -0.9382009506225586,
    -0.9382009506225586,
    -0.9382009506225586,
    -0.9382009506225586,
    -0.9382009506225586,
    -0.9382009506225586,
    -0.9382009506225586,
    -0.9382009506225586
  ],
  "queried_values": [
    -10.896522521972656,
    -14.649395942687988,
    -290.0107116699219,
    -6.445136547088623,
    -2.269512176513672,
    -20.370933532714844,
    -10.25371265411377,
    -20.73922348022461,
    -9.799449920654297,
    -8.634454727172852,
    -0.9382009506225586,
    -19.84520149230957,
    -18.118846893310547,
    -3.7854928970336914,
    -4.71329927444458,
    -8.271291732788086,
    -3.1700057983398438,
    -6.419327259063721
  ],
  "actual_gains": [
    -3.177975654602051,
    -6.930849075317383,
    -282.29217529296875,
    1.2734103202819824,
    4.175624370574951,
    -18.101421356201172,
    -7.984200477600098,
    -18.469711303710938,
    -7.529937744140625,
    -6.36494255065918,
    1.3313112258911133,
    -18.907001495361328,
    -17.180644989013672,
    -2.847291946411133,
    -3.7750983238220215,
    -7.333090782165527,
    -2.231804847717285,
    -5.481126308441162
  ],
  "proxy_rewards": [
    1.069612741470337,
    0.8265561461448669,
    0.9721285104751587,
    1.0294069051742554,
    0.9260838031768799,
    1.303023338317871,
    1.006237268447876,
    0.888714075088501,
    0.8619550466537476,
    0.8992841839790344,
    1.1264476776123047,
    0.9878877401351929,
    1.0952638387680054,
    0.9681804776191711,
    1.0334640741348267,
    1.1689305305480957,
    0.8889844417572021,
    0.9396271109580994
  ],
  "proxy_improvements": [
    7.532024383544922,
    4.3580498695373535,
    12.750144004821777,
    8.197966575622559,
    1.7872586250305176,
    6.130651950836182,
    2.4097752571105957,
    -2.722566843032837,
    -5.821447849273682,
    1.9576473236083984,
    1.5296666622161865,
    -1.3720083236694336,
    -0.6050748825073242,
    -1.438751459121704,
    0.9638504981994629,
    -0.28453198075294495,
    -2.9299778938293457,
    -2.1609983444213867
  ],
  "floor_reward_flags": [
    0.0,
    0.0,
    0.0,
    0.0,
    0.0,
    0.0,
    0.0,
    0.0,
    0.0,
    0.0,
    0.0,
    0.0,
    0.0,
    0.0,
    0.0,
    0.0,
    0.0,
    0.0
  ],
  "step_reward_std": [
    0.2755555510520935,
    0.19053500890731812,
    0.33732956647872925,
    0.348667174577713,
    0.13965831696987152,
    0.4006250500679016,
    0.32273975014686584,
    0.24229684472084045,
    0.19283773005008698,
    0.22425518929958344,
    0.35690072178840637,
    0.2730410695075989,
    0.30405232310295105,
    0.29365330934524536,
    0.3640366494655609,
    0.36235204339027405,
    0.22733287513256073,
    0.2517549991607666
  ],
  "step_improvement_std": [
    0.13966846466064453,
    0.24746428430080414,
    0.03444920480251312,
    2.0698821544647217,
    4.809966087341309,
    0.8548405766487122,
    2.5215234756469727,
    1.5312775373458862,
    9.811321258544922,
    1.1667296886444092,
    1.6904993057250977,
    0.8703914284706116,
    1.494544267654419,
    0.9049227237701416,
    1.524738073348999,
    2.4119479656219482,
    0.7026683688163757,
    3.1220293045043945
  ],
  "same_mask_repeat_std": [
    0.9729151129722595,
    0.5238438844680786,
    0.8588520288467407,
    1.1950472593307495,
    1.1629635095596313,
    1.5247079133987427,
    1.4012975692749023,
    0.9327710270881653,
    1.7308109998703003,
    1.291430115699768,
    1.063049077987671,
    0.904671311378479,
    1.3640928268432617,
    1.724012017250061,
    0.8261109590530396,
    0.8429298996925354,
    0.7525272965431213,
    0.7581666707992554
  ],
  "proxy_actual_gain_corr": -0.5719355890001108,
  "surrogate_train_times_sec": [
    0.11819333583116531,
    0.1131659597158432,
    0.1150173768401146,
    0.11674166470766068,
    0.11775325238704681,
    0.11905474960803986,
    0.11562570929527283,
    0.11908333003520966,
    0.1153179183602333,
    0.11469804495573044,
    0.11778753995895386,
    0.11505691707134247,
    0.11661729216575623,
    0.11530108004808426,
    0.11523120850324631,
    0.1261717975139618,
    0.12101549655199051,
    0.12322520464658737
  ],
  "gfn_train_times_sec": [
    0.0,
    0.0,
    0.0,
    0.0,
    0.0,
    0.0,
    0.0,
    0.0,
    0.0,
    0.0,
    0.0,
    0.0,
    0.0,
    0.0,
    0.0,
    0.0,
    0.0,
    0.0
  ],
  "proposal_times_sec": [
    0.17364904284477234,
    0.1728430837392807,
    0.17139004170894623,
    0.17100253701210022,
    0.17127345502376556,
    0.17112575471401215,
    0.1706577092409134,
    0.16936558485031128,
    0.17081542313098907,
    0.17095312476158142,
    0.17296825349330902,
    0.17684641480445862,
    0.1729084998369217,
    0.169793963432312,
    0.17492325603961945,
    0.17078787088394165,
    0.17674311995506287,
    0.16894029080867767
  ],
  "iteration_times_sec": [
    0.30235859751701355,
    0.29678067564964294,
    0.2971011698246002,
    0.29823896288871765,
    0.29978320002555847,
    0.30088678002357483,
    0.2965749502182007,
    0.2990390360355377,
    0.29755938053131104,
    0.29647883772850037,
    0.3018205463886261,
    0.3024309277534485,
    0.3000258803367615,
    0.29619109630584717,
    0.3012632131576538,
    0.3073015809059143,
    0.30912598967552185,
    0.30238062143325806
  ],
  "total_wall_time_sec": 5.406079625012353
}
