{
  "seed": 3,
  "method": "random",
  "benchmark": "branin",
  "spec_name": "reward_protocol_zscore_v2",
  "regrets": [
    4.9067606925964355,
    4.9067606925964355,
    4.9067606925964355,
    4.9067606925964355,
    4.436506748199463,
    4.436506748199463,
    4.436506748199463,
    4.436506748199463,
    4.436506748199463,
    4.436506748199463,
    4.436506748199463,
    4.436506748199463,
    4.436506748199463,
    4.436506748199463,
    4.436506748199463,
    4.436506748199463,
    4.436506748199463,
    4.436506748199463
  ],
  "best_values": [
    -5.304647922515869,
    -5.304647922515869,
    -5.304647922515869,
    -5.304647922515869,
    -4.8343939781188965,
    -4.8343939781188965,
    -4.8343939781188965,
    -4.8343939781188965,
    -4.8343939781188965,
    -4.8343939781188965,
    -4.8343939781188965,
    -4.8343939781188965,
    -4.8343939781188965,
    -4.8343939781188965,
    -4.8343939781188965,
    -4.8343939781188965,
    -4.8343939781188965,
    -4.8343939781188965
  ],
  "queried_values": [
    -10.189760208129883,
    -9.275758743286133,
    -6.237730503082275,
    -6.501555919647217,
    -4.8343939781188965,
    -9.220476150512695,
    -6.209304332733154,
    -9.162718772888184,
    -8.665771484375,
    -7.241494655609131,
    -6.014538764953613,
    -6.945668697357178,
    -7.9592061042785645,
    -7.0137104988098145,
    -7.532135009765625,
    -7.087416172027588,
    -10.406229019165039,
    -9.061500549316406
  ],
  "actual_gains": [
    -4.885112285614014,
    -3.9711108207702637,
    -0.9330825805664062,
    -1.1969079971313477,
    0.47025394439697266,
    -4.386082172393799,
    -1.3749103546142578,
    -4.328324794769287,
    -3.8313775062561035,
    -2.4071006774902344,
    -1.1801447868347168,
    -2.1112747192382812,
    -3.124812126159668,
    -2.179316520690918,
    -2.6977410316467285,
    -2.2530221939086914,
    -5.571835041046143,
    -4.22710657119751
  ],
  "proxy_rewards": [
    0.8466588854789734,
    0.6192018985748291,
    0.9184623956680298,
    0.9277458786964417,
    0.7579919695854187,
    0.7870805859565735,
    0.7893811464309692,
    0.6371585130691528,
    0.9620039463043213,
    0.6192018985748291,
    0.9052770137786865,
    0.9313815832138062,
    0.8892048597335815,
    0.745859682559967,
    0.7688369154930115,
    0.952247679233551,
    1.1192084550857544,
    0.7688367962837219
  ],
  "proxy_improvements": [
    -0.8070723414421082,
    2.504653215408325,
    -1.0180954933166504,
    5.1934814453125,
    1.0000766515731812,
    5.839860916137695,
    1.5531795024871826,
    2.20664119720459,
    2.7679407596588135,
    2.1082851886749268,
    2.956015110015869,
    0.20359086990356445,
    -2.7698967456817627,
    -1.2580503225326538,
    2.583759069442749,
    0.06758890300989151,
    -0.28906258940696716,
    -0.64934903383255
  ],
  "floor_reward_flags": [
    0.0,
    0.0,
    0.0,
    0.0,
    0.0,
    0.0,
    0.0,
    0.0,
    0.0,
    0.0,
    0.0,
    0.0,
    0.0,
    0.0,
    0.0,
    0.0,
    0.0,
    0.0
  ],
  "step_reward_std": [
    0.21210552752017975,
    1.1102230246251565e-16,
    0.27715182304382324,
    0.28273317217826843,
    0.08286033570766449,
    0.1362655758857727,
    0.15296608209609985,
    1.1102230246251565e-16,
    0.3295633792877197,
    1.1102230246251565e-16,
    0.23356716334819794,
    0.3042270243167877,
    0.2640189230442047,
    0.07571037858724594,
    0.10964533686637878,
    0.23694638907909393,
    0.4251074492931366,
    0.109645314514637
  ],
  "step_improvement_std": [
    0.8269376754760742,
    4.440892098500626e-16,
    0.08782485127449036,
    0.5949625968933105,
    4.353969573974609,
    0.11306318640708923,
    0.19243259727954865,
    4.440892098500626e-16,
    0.02506733126938343,
    4.440892098500626e-16,
    0.4559454321861267,
    0.0851786807179451,
    0.03148125112056732,
    0.07707051187753677,
    0.7481725811958313,
    0.12393225729465485,
    0.07379084825515747,
    0.23392921686172485
  ],
  "same_mask_repeat_std": [
    1.8681330680847168,
    1.5927534103393555,
    1.1217000484466553,
    1.6694155931472778,
    1.9492985010147095,
    1.2102299928665161,
    1.781542181968689,
    1.0832388401031494,
    1.0265259742736816,
    0.7720420956611633,
    0.912941575050354,
    1.9679535627365112,
    0.8393197655677795,
    1.0855926275253296,
    0.5187719464302063,
    0.540224015712738,
    1.2024431228637695,
    0.7230823636054993
  ],
  "proxy_actual_gain_corr": 0.04530326229837838,
  "surrogate_train_times_sec": [
    0.11398270726203918,
    0.11027462780475616,
    0.11254771053791046,
    0.11304900050163269,
    0.11282491683959961,
    0.11302391439676285,
    0.11595595628023148,
    0.1179737076163292,
    0.11616041511297226,
    0.14509275555610657,
    0.11027403920888901,
    0.1137213334441185,
    0.11041737347841263,
    0.11178141832351685,
    0.11489762365818024,
    0.11420966684818268,
    0.11723750084638596,
    0.11124292016029358
  ],
  "gfn_train_times_sec": [
    0.0,
    0.0,
    0.0,
    0.0,
    0.0,
    0.0,
    0.0,
    0.0,
    0.0,
    0.0,
    0.0,
    0.0,
    0.0,
    0.0,
    0.0,
    0.0,
    0.0,
    0.0
  ],
  "proposal_times_sec": [
    0.16989600658416748,
    0.1696508824825287,
    0.167795330286026,
    0.1721477061510086,
    0.16841775178909302,
    0.16785603761672974,
    0.17660479247570038,
    0.1991824209690094,
    0.16536445915699005,
    0.1663702130317688,
    0.1693180352449417,
    0.16781458258628845,
    0.1716381311416626,
    0.1680028736591339,
    0.1673847883939743,
    0.16687095165252686,
    0.16797350347042084,
    0.16574066877365112
  ],
  "iteration_times_sec": [
    0.29416319727897644,
    0.2902126610279083,
    0.2901347875595093,
    0.29552769660949707,
    0.29110562801361084,
    0.2908117473125458,
    0.3028104901313782,
    0.3282674551010132,
    0.2916293740272522,
    0.3213387131690979,
    0.28964880108833313,
    0.2918408215045929,
    0.292086660861969,
    0.29019033908843994,
    0.2922227084636688,
    0.2917766273021698,
    0.2955092191696167,
    0.28750550746917725
  ],
  "total_wall_time_sec": 5.327492083073594
}
