{
  "seed": 1,
  "method": "random",
  "benchmark": "branin",
  "spec_name": "reward_protocol_zscore_v2",
  "regrets": [
    1.9835938215255737,
    1.9835938215255737,
    1.9835938215255737,
    1.9835938215255737,
    1.9835938215255737,
    1.9835938215255737,
    1.9835938215255737,
    1.9835938215255737,
    1.9835938215255737,
    1.9835938215255737,
    1.9835938215255737,
    1.9835938215255737,
    1.9835938215255737,
    1.9835938215255737,
    1.9835938215255737,
    1.9835938215255737,
    1.9835938215255737,
    1.9835938215255737
  ],
  "best_values": [
    -2.381481170654297,
    -2.381481170654297,
    -2.381481170654297,
    -2.381481170654297,
    -2.381481170654297,
    -2.381481170654297,
    -2.381481170654297,
    -2.381481170654297,
    -2.381481170654297,
    -2.381481170654297,
    -2.381481170654297,
    -2.381481170654297,
    -2.381481170654297,
    -2.381481170654297,
    -2.381481170654297,
    -2.381481170654297,
    -2.381481170654297,
    -2.381481170654297
  ],
  "queried_values": [
    -3.400947093963623,
    -20.601472854614258,
    -4.560078144073486,
    -25.600446701049805,
    -4.739233493804932,
    -6.1772966384887695,
    -13.319131851196289,
    -4.816737651824951,
    -17.227886199951172,
    -15.74199390411377,
    -3.914449691772461,
    -3.934197425842285,
    -5.716584205627441,
    -7.549785614013672,
    -5.294373035430908,
    -10.062283515930176,
    -3.816497325897217,
    -3.2645368576049805
  ],
  "actual_gains": [
    -1.0194659233093262,
    -18.21999168395996,
    -2.1785969734191895,
    -23.218965530395508,
    -2.3577523231506348,
    -3.7958154678344727,
    -10.937650680541992,
    -2.4352564811706543,
    -14.846405029296875,
    -13.360512733459473,
    -1.532968521118164,
    -1.5527162551879883,
    -3.3351030349731445,
    -5.168304443359375,
    -2.9128918647766113,
    -7.680802345275879,
    -1.43501615524292,
    -0.8830556869506836
  ],
  "proxy_rewards": [
    0.9759461283683777,
    0.798557460308075,
    1.0240328311920166,
    1.0216647386550903,
    1.011383056640625,
    0.9370891451835632,
    1.0185315608978271,
    1.073428750038147,
    1.0786290168762207,
    1.474839687347412,
    1.1055245399475098,
    1.0915918350219727,
    1.078750729560852,
    1.0357005596160889,
    0.9534894824028015,
    1.130484938621521,
    1.232354998588562,
    0.9923467040061951
  ],
  "proxy_improvements": [
    38.01517868041992,
    32.55851745605469,
    13.573517799377441,
    10.91563892364502,
    6.801421165466309,
    2.4417223930358887,
    4.675788879394531,
    4.713659763336182,
    7.384573459625244,
    -2.8005311489105225,
    1.1842634677886963,
    -1.1236536502838135,
    4.856801509857178,
    -1.4490479230880737,
    1.256064534187317,
    4.640488147735596,
    4.722013473510742,
    -0.6182457208633423
  ],
  "floor_reward_flags": [
    0.0,
    0.0,
    0.0,
    0.0,
    0.0,
    0.0,
    0.0,
    0.0,
    0.0,
    0.0,
    0.0,
    0.0,
    0.0,
    0.0,
    0.0,
    0.0,
    0.0,
    0.0
  ],
  "step_reward_std": [
    0.32771793007850647,
    0.13904590904712677,
    0.35945773124694824,
    0.3499310314655304,
    0.2974839508533478,
    0.18726183474063873,
    0.2750958800315857,
    0.3729226291179657,
    0.3815944194793701,
    0.3715885579586029,
    0.3809322118759155,
    0.3686787486076355,
    0.3738418221473694,
    0.34138840436935425,
    0.3204299211502075,
    0.42029738426208496,
    0.4133687913417816,
    0.3490908145904541
  ],
  "step_improvement_std": [
    8.209918022155762,
    4.8301310539245605,
    2.7652082443237305,
    3.4465911388397217,
    3.6355278491973877,
    1.4524966478347778,
    1.8182117938995361,
    1.2506890296936035,
    2.80741548538208,
    0.9260271787643433,
    1.5144903659820557,
    3.0753862857818604,
    2.776845932006836,
    0.379314661026001,
    2.725101947784424,
    3.646275281906128,
    1.0379037857055664,
    1.3830257654190063
  ],
  "same_mask_repeat_std": [
    1.588672161102295,
    2.1400065422058105,
    0.9691171646118164,
    1.511303424835205,
    1.1119940280914307,
    1.312334418296814,
    0.461104154586792,
    1.267243504524231,
    1.8807743787765503,
    1.0913164615631104,
    1.7449820041656494,
    0.6948805451393127,
    1.291106104850769,
    0.6939167976379395,
    0.8152859210968018,
    1.931532382965088,
    1.585199236869812,
    0.7438924312591553
  ],
  "proxy_actual_gain_corr": -0.21592138676044997,
  "surrogate_train_times_sec": [
    0.11673554033041,
    0.11662766337394714,
    0.11706095933914185,
    0.12132696062326431,
    0.11985854059457779,
    0.12278225272893906,
    0.11748453974723816,
    0.11594095826148987,
    0.12432058155536652,
    0.1232185810804367,
    0.11351671069860458,
    0.11661587655544281,
    0.11392862349748611,
    0.11639091372489929,
    0.12106858193874359,
    0.12068283557891846,
    0.10812745988368988,
    0.13725975155830383
  ],
  "gfn_train_times_sec": [
    0.0,
    0.0,
    0.0,
    0.0,
    0.0,
    0.0,
    0.0,
    0.0,
    0.0,
    0.0,
    0.0,
    0.0,
    0.0,
    0.0,
    0.0,
    0.0,
    0.0,
    0.0
  ],
  "proposal_times_sec": [
    0.17260754108428955,
    0.1772538274526596,
    0.17407870292663574,
    0.1729525774717331,
    0.17448288202285767,
    0.17299337685108185,
    0.17154541611671448,
    0.1693495810031891,
    0.1764797568321228,
    0.173028826713562,
    0.16829471290111542,
    0.1702512949705124,
    0.16542407870292664,
    0.17086441814899445,
    0.17543037235736847,
    0.1698497086763382,
    0.16984254121780396,
    0.1736396700143814
  ],
  "iteration_times_sec": [
    0.2995723783969879,
    0.3049267828464508,
    0.3019219934940338,
    0.3047078847885132,
    0.3051142990589142,
    0.3062778413295746,
    0.3001665472984314,
    0.29606232047080994,
    0.31127411127090454,
    0.30739450454711914,
    0.29247376322746277,
    0.29698842763900757,
    0.2900247573852539,
    0.2976805865764618,
    0.30728888511657715,
    0.3006197214126587,
    0.2886921763420105,
    0.32166099548339844
  ],
  "total_wall_time_sec": 5.43362604198046
}
