{
  "summary": {
    "random": {
      "mean_regret": [
        3.3166191577911377,
        3.3166191577911377,
        3.3166191577911377,
        3.0979182720184326
      ],
      "std_regret": [
        1.539430022239685,
        1.539430022239685,
        1.539430022239685,
        1.536464810371399
      ],
      "mean_best_value": [
        -3.7145066261291504,
        -3.7145066261291504,
        -3.7145066261291504,
        -3.495805263519287
      ],
      "std_best_value": [
        1.539429783821106,
        1.539429783821106,
        1.539429783821106,
        1.536464810371399
      ],
      "mean_query_value": [
        -51.25102615356445,
        -10.263128280639648,
        -11.260883331298828,
        -9.659090042114258
      ],
      "std_query_value": [
        88.29004669189453,
        5.744214057922363,
        5.235602378845215,
        5.529808044433594
      ],
      "final_regret_mean": 3.0979182720184326,
      "final_regret_std": 1.536464810371399,
      "floor_reward_fraction_mean": 0.0,
      "step_reward_std_mean": 0.0,
      "step_improvement_std_mean": 0.0,
      "same_mask_repeat_std_mean": 1.2396825551986694,
      "proxy_actual_gain_corr_mean": -0.2515079379081726,
      "total_time_mean_sec": 0.3322577418293804
    },
    "gfn": null,
    "tradeoff": null
  },
  "methods": [
    "random"
  ],
  "random_trials": [
    {
      "seed": 0,
      "method": "random",
      "benchmark": "branin",
      "spec_name": "plain_random_v2",
      "regrets": [
        5.98155403137207,
        5.98155403137207,
        5.98155403137207,
        5.98155403137207
      ],
      "best_values": [
        -6.379441261291504,
        -6.379441261291504,
        -6.379441261291504,
        -6.379441261291504
      ],
      "queried_values": [
        -6.740021228790283,
        -8.807310104370117,
        -17.272953033447266,
        -15.845464706420898
      ],
      "actual_gains": [
        -0.3605799674987793,
        -2.4278688430786133,
        -10.893511772155762,
        -9.466023445129395
      ],
      "proxy_rewards": [
        1.0,
        1.0,
        1.0,
        1.0
      ],
      "proxy_improvements": [
        -18.15923500061035,
        -20.722267150878906,
        -4.8917317390441895,
        -15.389190673828125
      ],
      "floor_reward_flags": [
        0.0,
        0.0,
        0.0,
        0.0
      ],
      "step_reward_std": [
        0.0,
        0.0,
        0.0,
        0.0
      ],
      "step_improvement_std": [
        0.0,
        0.0,
        0.0,
        0.0
      ],
      "same_mask_repeat_std": [
        0.6660776138305664,
        1.1751834154129028,
        1.2397855520248413,
        0.4602743089199066
      ],
      "proxy_actual_gain_corr": -0.8022361603413481,
      "surrogate_train_times_sec": [
        1.1836415529251099,
        0.017310500144958496,
        0.016416165977716446,
        0.01725304126739502
      ],
      "gfn_train_times_sec": [
        0.0,
        0.0,
        0.0,
        0.0
      ],
      "proposal_times_sec": [
        0.0012843339936807752,
        0.0006900830194354057,
        0.0006176671013236046,
        0.0007076669717207551
      ],
      "iteration_times_sec": [
        1.1888209581375122,
        0.021950624883174896,
        0.02156737446784973,
        0.02201695926487446
      ],
      "total_wall_time_sec": 1.2548450831091031
    },
    {
      "seed": 1,
      "method": "random",
      "benchmark": "branin",
      "spec_name": "plain_random_v2",
      "regrets": [
        3.7748725414276123,
        3.7748725414276123,
        3.7748725414276123,
        2.6813676357269287
      ],
      "best_values": [
        -4.172760009765625,
        -4.172760009765625,
        -4.172760009765625,
        -3.0792551040649414
      ],
      "queried_values": [
        -227.7505340576172,
        -21.019729614257812,
        -7.073819160461426,
        -3.0792551040649414
      ],
      "actual_gains": [
        -223.57777404785156,
        -16.846969604492188,
        -2.901059150695801,
        1.0935049057006836
      ],
      "proxy_rewards": [
        1.0,
        1.0,
        1.0,
        1.0
      ],
      "proxy_improvements": [
        -48.958473205566406,
        -58.38609313964844,
        -51.5941162109375,
        -39.21514129638672
      ],
      "floor_reward_flags": [
        0.0,
        0.0,
        0.0,
        0.0
      ],
      "step_reward_std": [
        0.0,
        0.0,
        0.0,
        0.0
      ],
      "step_improvement_std": [
        0.0,
        0.0,
        0.0,
        0.0
      ],
      "same_mask_repeat_std": [
        1.8193310499191284,
        3.097463369369507,
        1.027773380279541,
        1.7489193677902222
      ],
      "proxy_actual_gain_corr": 0.014106455635130877,
      "surrogate_train_times_sec": [
        0.020879041403532028,
        0.01754537597298622,
        0.017124250531196594,
        0.016228249296545982
      ],
      "gfn_train_times_sec": [
        0.0,
        0.0,
        0.0,
        0.0
      ],
      "proposal_times_sec": [
        0.0008662079926580191,
        0.0006813330110162497,
        0.0006867500487715006,
        0.0006850829813629389
      ],
      "iteration_times_sec": [
        0.02579391747713089,
        0.02226145938038826,
        0.02155054174363613,
        0.02096741646528244
      ],
      "total_wall_time_sec": 0.09082816704176366
    },
    {
      "seed": 2,
      "method": "random",
      "benchmark": "branin",
      "spec_name": "plain_random_v2",
      "regrets": [
        2.961226224899292,
        2.961226224899292,
        2.961226224899292,
        2.961226224899292
      ],
      "best_values": [
        -3.3591136932373047,
        -3.3591136932373047,
        -3.3591136932373047,
        -3.3591136932373047
      ],
      "queried_values": [
        -3.3591136932373047,
        -4.186504364013672,
        -3.501980781555176,
        -4.0597429275512695
      ],
      "actual_gains": [
        14.982467651367188,
        -0.8273906707763672,
        -0.1428670883178711,
        -0.7006292343139648
      ],
      "proxy_rewards": [
        1.0,
        1.0,
        1.0,
        1.0
      ],
      "proxy_improvements": [
        -17.394433975219727,
        -27.317480087280273,
        -24.39980697631836,
        -26.20589256286621
      ],
      "floor_reward_flags": [
        0.0,
        0.0,
        0.0,
        0.0
      ],
      "step_reward_std": [
        0.0,
        0.0,
        0.0,
        0.0
      ],
      "step_improvement_std": [
        0.0,
        0.0,
        0.0,
        0.0
      ],
      "same_mask_repeat_std": [
        1.127084732055664,
        1.1803232431411743,
        1.0169345140457153,
        0.598441481590271
      ],
      "proxy_actual_gain_corr": 0.9722824076685398,
      "surrogate_train_times_sec": [
        0.01964579150080681,
        0.01643245853483677,
        0.01641324907541275,
        0.07585933059453964
      ],
      "gfn_train_times_sec": [
        0.0,
        0.0,
        0.0,
        0.0
      ],
      "proposal_times_sec": [
        0.0008121250430122018,
        0.0006452499656006694,
        0.0006679580546915531,
        0.0008433330804109573
      ],
      "iteration_times_sec": [
        0.02424033358693123,
        0.02084954082965851,
        0.021146083250641823,
        0.08062750101089478
      ],
      "total_wall_time_sec": 0.1471161670051515
    },
    {
      "seed": 3,
      "method": "random",
      "benchmark": "branin",
      "spec_name": "plain_random_v2",
      "regrets": [
        2.471562147140503,
        2.471562147140503,
        2.471562147140503,
        2.471562147140503
      ],
      "best_values": [
        -2.8694496154785156,
        -2.8694496154785156,
        -2.8694496154785156,
        -2.8694496154785156
      ],
      "queried_values": [
        -11.712447166442871,
        -10.237424850463867,
        -15.897417068481445,
        -9.337443351745605
      ],