{
  "seed": 2,
  "method": "random",
  "benchmark": "hartmann6",
  "spec_name": "plain_random_v2",
  "regrets": [
    1.7887355089187622,
    1.7887355089187622,
    1.2035666704177856,
    1.2035666704177856,
    0.9937762022018433,
    0.9937762022018433,
    0.9937762022018433,
    0.9937762022018433,
    0.9937762022018433,
    0.728835940361023,
    0.728835940361023,
    0.728835940361023,
    0.728835940361023,
    0.728835940361023,
    0.728835940361023,
    0.728835940361023,
    0.728835940361023,
    0.728835940361023,
    0.728835940361023,
    0.728835940361023,
    0.5607222318649292,
    0.5607222318649292
  ],
  "best_values": [
    1.533632516860962,
    1.533632516860962,
    2.1188013553619385,
    2.1188013553619385,
    2.328591823577881,
    2.328591823577881,
    2.328591823577881,
    2.328591823577881,
    2.328591823577881,
    2.593532085418701,
    2.593532085418701,
    2.593532085418701,
    2.593532085418701,
    2.593532085418701,
    2.593532085418701,
    2.593532085418701,
    2.593532085418701,
    2.593532085418701,
    2.593532085418701,
    2.593532085418701,
    2.761645793914795,
    2.761645793914795
  ],
  "queried_values": [
    1.0567653179168701,
    1.2224128246307373,
    2.1188013553619385,
    0.3804922103881836,
    2.328591823577881,
    0.6117514371871948,
    1.0593466758728027,
    1.2639689445495605,
    2.0917105674743652,
    2.593532085418701,
    2.06850266456604,
    1.9769177436828613,
    2.510892152786255,
    1.065916657447815,
    1.0157880783081055,
    1.779707908630371,
    1.1353678703308105,
    1.4192423820495605,
    1.7720226049423218,
    0.9483948945999146,
    2.761645793914795,
    2.274346351623535
  ],
  "actual_gains": [
    -0.4768671989440918,
    -0.3112196922302246,
    0.5851688385009766,
    -1.7383091449737549,
    0.20979046821594238,
    -1.716840386390686,
    -1.2692451477050781,
    -1.0646228790283203,
    -0.23688125610351562,
    0.2649402618408203,
    -0.5250294208526611,
    -0.6166143417358398,
    -0.08263993263244629,
    -1.5276154279708862,
    -1.5777440071105957,
    -0.8138241767883301,
    -1.4581642150878906,
    -1.1742897033691406,
    -0.8215094804763794,
    -1.6451371908187866,
    0.16811370849609375,
    -0.48729944229125977
  ],
  "proxy_rewards": [
    1.0,
    1.0,
    1.0,
    1.0,
    1.0,
    1.0,
    1.0,
    1.0,
    1.0,
    1.0,
    1.0,
    1.0,
    1.0,
    1.0,
    1.0,
    1.0,
    1.0,
    1.0,
    1.0,
    1.0,
    1.0,
    1.0
  ],
  "proxy_improvements": [
    0.26135364174842834,
    -0.07851625233888626,
    -0.1788402944803238,
    -0.1517183482646942,
    -0.5205302834510803,
    -0.30494099855422974,
    -0.26326611638069153,
    -0.6527887582778931,
    -0.6931792497634888,
    -0.5235158205032349,
    -0.47221410274505615,
    -0.522306501865387,
    -0.5836257934570312,
    -0.34047120809555054,
    -0.5220019221305847,
    -0.526369035243988,
    -0.617107093334198,
    -0.7877857685089111,
    -0.6785448789596558,
    -0.7532748579978943,
    -0.669359028339386,
    -0.5163160562515259
  ],
  "floor_reward_flags": [
    0.0,
    0.0,
    0.0,
    0.0,
    0.0,
    0.0,
    0.0,
    0.0,
    0.0,
    0.0,
    0.0,
    0.0,
    0.0,
    0.0,
    0.0,
    0.0,
    0.0,
    0.0,
    0.0,
    0.0,
    0.0,
    0.0
  ],
  "step_reward_std": [
    0.0,
    0.0,
    0.0,
    0.0,
    0.0,
    0.0,
    0.0,
    0.0,
    0.0,
    0.0,
    0.0,
    0.0,
    0.0,
    0.0,
    0.0,
    0.0,
    0.0,
    0.0,
    0.0,
    0.0,
    0.0,
    0.0
  ],
  "step_improvement_std": [
    0.0,
    0.0,
    0.0,
    0.0,
    0.0,
    0.0,
    0.0,
    0.0,
    0.0,
    0.0,
    0.0,
    0.0,
    0.0,
    0.0,
    0.0,
    0.0,
    0.0,
    0.0,
    0.0,
    0.0,
    0.0,
    0.0
  ],
  "same_mask_repeat_std": [
    0.03832170367240906,
    0.053552016615867615,
    0.05318932235240936,
    0.07749965786933899,
    0.057013142853975296,
    0.057157956063747406,
    0.07831570506095886,
    0.047043539583683014,
    0.0918930247426033,
    0.06575844436883926,
    0.09402423352003098,
    0.06952916085720062,
    0.13662970066070557,
    0.13287799060344696,
    0.06085735559463501,
    0.11982875317335129,
    0.028327763080596924,
    0.10588579624891281,
    0.1746681034564972,
    0.05900105834007263,
    0.08529050648212433,
    0.10734950751066208
  ],
  "proxy_actual_gain_corr": 0.05022787924420958,
  "surrogate_train_times_sec": [
    0.08614078909158707,
    0.08684645593166351,
    0.08113066852092743,
    0.08502212166786194,
    0.08301783353090286,
    0.08280116319656372,
    0.08644012361764908,
    0.08748170733451843,
    0.08481095731258392,
    0.08674395829439163,
    0.08712666481733322,
    0.08703237771987915,
    0.08631925284862518,
    0.08394337445497513,
    0.09210945665836334,
    0.08571449667215347,
    0.08519379049539566,
    0.08535829186439514,
    0.08439920842647552,
    0.08609537780284882,
    0.0875900387763977,
    0.08384250104427338
  ],
  "gfn_train_times_sec": [
    0.0,
    0.0,
    0.0,
    0.0,
    0.0,
    0.0,
    0.0,
    0.0,
    0.0,
    0.0,
    0.0,
    0.0,
    0.0,
    0.0,
    0.0,
    0.0,
    0.0,
    0.0,
    0.0,
    0.0,
    0.0,
    0.0
  ],
  "proposal_times_sec": [
    0.0018039580900222063,
    0.0020152500364929438,
    0.0015293749747797847,
    0.0018272920278832316,
    0.001836540992371738,
    0.001783125102519989,
    0.0016983338864520192,
    0.0017429160652682185,
    0.0015549579402431846,
    0.001760583953000605,
    0.001828207983635366,
    0.0017187499906867743,
    0.0017528339521959424,
    0.0018414580263197422,
    0.001866583013907075,
    0.0018192080315202475,
    0.0018844170263037086,
    0.0017833749298006296,
    0.001825292012654245,
    0.0016966669354587793,
    0.0023401249200105667,
    0.0017635839758440852
  ],
  "iteration_times_sec": [
    0.09908358007669449,
    0.10007879137992859,
    0.09332787245512009,
    0.0972023755311966,
    0.09496524930000305,
    0.09616566449403763,
    0.09856533259153366,
    0.09986799955368042,
    0.09702625125646591,
    0.09939637780189514,
    0.0988350436091423,
    0.10090595483779907,
    0.09878141433000565,
    0.09656912833452225,
    0.10494241863489151,
    0.09827504307031631,
    0.09751275181770325,
    0.09787658601999283,
    0.09652470797300339,
    0.09812645614147186,
    0.10141091793775558,
    0.09609591960906982
  ],
  "total_wall_time_sec": 2.1623370420420542
}
