{
  "seed": 1,
  "method": "random",
  "benchmark": "hartmann6",
  "spec_name": "plain_random_v2",
  "regrets": [
    1.5334999561309814,
    1.5334999561309814,
    1.5334999561309814,
    1.5334999561309814,
    0.9289809465408325,
    0.9289809465408325,
    0.9289809465408325,
    0.8595899343490601,
    0.8595899343490601,
    0.8595899343490601,
    0.8595899343490601,
    0.8595899343490601,
    0.8595899343490601,
    0.8595899343490601,
    0.8595899343490601,
    0.8595899343490601,
    0.8595899343490601,
    0.6158343553543091,
    0.6158343553543091,
    0.6158343553543091,
    0.6158343553543091,
    0.48371636867523193
  ],
  "best_values": [
    1.7888680696487427,
    1.7888680696487427,
    1.7888680696487427,
    1.7888680696487427,
    2.3933870792388916,
    2.3933870792388916,
    2.3933870792388916,
    2.462778091430664,
    2.462778091430664,
    2.462778091430664,
    2.462778091430664,
    2.462778091430664,
    2.462778091430664,
    2.462778091430664,
    2.462778091430664,
    2.462778091430664,
    2.462778091430664,
    2.706533670425415,
    2.706533670425415,
    2.706533670425415,
    2.706533670425415,
    2.838651657104492
  ],
  "queried_values": [
    0.6416142582893372,
    0.19442316889762878,
    0.7649813294410706,
    0.9055553674697876,
    2.3933870792388916,
    0.013694943860173225,
    1.1895285844802856,
    2.462778091430664,
    1.7251791954040527,
    2.3450839519500732,
    1.619403600692749,
    1.7313690185546875,
    2.0416698455810547,
    1.354156494140625,
    2.0317137241363525,
    2.1562209129333496,
    1.4791003465652466,
    2.706533670425415,
    2.144359827041626,
    1.9431664943695068,
    0.9492162466049194,
    2.838651657104492
  ],
  "actual_gains": [
    -1.1472537517547607,
    -1.5944448709487915,
    -1.0238866806030273,
    -0.8833127021789551,
    0.6045190095901489,
    -2.3796920776367188,
    -1.203858494758606,
    0.06939101219177246,
    -0.7375988960266113,
    -0.11769413948059082,
    -0.843374490737915,
    -0.7314090728759766,
    -0.4211082458496094,
    -1.108621597290039,
    -0.4310643672943115,
    -0.30655717849731445,
    -0.9836777448654175,
    0.24375557899475098,
    -0.5621738433837891,
    -0.7633671760559082,
    -1.7573174238204956,
    0.13211798667907715
  ],
  "proxy_rewards": [
    1.0,
    1.0,
    1.0,
    1.0,
    1.0,
    1.0,
    1.0,
    1.0,
    1.0,
    1.0,
    1.0,
    1.0,
    1.0,
    1.0,
    1.0,
    1.0,
    1.0,
    1.0,
    1.0,
    1.0,
    1.0,
    1.0
  ],
  "proxy_improvements": [
    0.5141652822494507,
    -0.16489650309085846,
    -0.346221387386322,
    -0.30812206864356995,
    -0.597820520401001,
    -0.6701998114585876,
    -0.6702250242233276,
    -0.7173486948013306,
    -0.41090869903564453,
    -0.541296660900116,
    -0.3474382758140564,
    -0.1672479510307312,
    -0.47021156549453735,
    -0.40824568271636963,
    -0.6626611351966858,
    -0.5580142736434937,
    -0.3461126387119293,
    -0.33680158853530884,
    -0.469058632850647,
    -0.6713575124740601,
    -0.44633927941322327,
    -0.8460304737091064
  ],
  "floor_reward_flags": [
    0.0,
    0.0,
    0.0,
    0.0,
    0.0,
    0.0,
    0.0,
    0.0,
    0.0,
    0.0,
    0.0,
    0.0,
    0.0,
    0.0,
    0.0,
    0.0,
    0.0,
    0.0,
    0.0,
    0.0,
    0.0,
    0.0
  ],
  "step_reward_std": [
    0.0,
    0.0,
    0.0,
    0.0,
    0.0,
    0.0,
    0.0,
    0.0,
    0.0,
    0.0,
    0.0,
    0.0,
    0.0,
    0.0,
    0.0,
    0.0,
    0.0,
    0.0,
    0.0,
    0.0,
    0.0,
    0.0
  ],
  "step_improvement_std": [
    0.0,
    0.0,
    0.0,
    0.0,
    0.0,
    0.0,
    0.0,
    0.0,
    0.0,
    0.0,
    0.0,
    0.0,
    0.0,
    0.0,
    0.0,
    0.0,
    0.0,
    0.0,
    0.0,
    0.0,
    0.0,
    0.0
  ],
  "same_mask_repeat_std": [
    0.05836202949285507,
    0.048393238335847855,
    0.05813871696591377,
    0.06036771088838577,
    0.036976855248212814,
    0.07239910960197449,
    0.0849146619439125,
    0.07379448413848877,
    0.09149429202079773,
    0.08599662780761719,
    0.034645676612854004,
    0.09558999538421631,
    0.09785918891429901,
    0.07855591922998428,
    0.03780021145939827,
    0.14236998558044434,
    0.07204826176166534,
    0.06800750643014908,
    0.07366618514060974,
    0.11698994785547256,
    0.15202084183692932,
    0.07710006088018417
  ],
  "proxy_actual_gain_corr": -0.2722458963075037,
  "surrogate_train_times_sec": [
    0.09191383421421051,
    0.09575504064559937,
    0.08788679540157318,
    0.08954045921564102,
    0.09368503838777542,
    0.09322825074195862,
    0.09108574688434601,
    0.09342475235462189,
    0.08613970875740051,
    0.08776450157165527,
    0.08429954200983047,
    0.08331079035997391,
    0.08745904266834259,
    0.0966024175286293,
    0.09213683754205704,
    0.08931604027748108,
    0.09498462826013565,
    0.09169912338256836,
    0.09038224816322327,
    0.08282271027565002,
    0.08909454196691513,
    0.08494112640619278
  ],
  "gfn_train_times_sec": [
    0.0,
    0.0,
    0.0,
    0.0,
    0.0,
    0.0,
    0.0,
    0.0,
    0.0,
    0.0,
    0.0,
    0.0,
    0.0,
    0.0,
    0.0,
    0.0,
    0.0,
    0.0,
    0.0,
    0.0,
    0.0,
    0.0
  ],
  "proposal_times_sec": [
    0.002097874879837036,
    0.002344499807804823,
    0.0018747909925878048,
    0.002196792047470808,
    0.0019874591380357742,
    0.0018693750025704503,
    0.0017863329267129302,
    0.0019358749268576503,
    0.0017538749380037189,
    0.0017858329229056835,
    0.0018092499813064933,
    0.0020692499820142984,
    0.0017028329893946648,
    0.0017862499225884676,
    0.0016548329731449485,
    0.0018615409499034286,
    0.0021073748357594013,
    0.0019374160328879952,
    0.0018935420084744692,
    0.0018397909589111805,
    0.0019375840201973915,
    0.001680457964539528
  ],
  "iteration_times_sec": [
    0.10625503957271576,
    0.10953262448310852,
    0.10204566270112991,
    0.10352425277233124,
    0.10753237456083298,
    0.10689687728881836,
    0.10421425104141235,
    0.10628692060709,
    0.09861066937446594,
    0.1007344126701355,
    0.09677696228027344,
    0.09647266566753387,
    0.09946420788764954,
    0.1095176637172699,
    0.10479646176099777,
    0.10191108286380768,
    0.10855437815189362,
    0.10454129427671432,
    0.10382237285375595,
    0.09573650360107422,
    0.10181000083684921,
    0.0973658338189125
  ],
  "total_wall_time_sec": 2.2672489170217887
}
