{
  "seed": 4,
  "method": "random",
  "benchmark": "hartmann6",
  "spec_name": "plain_random_v2",
  "regrets": [
    2.2357661724090576,
    2.2357661724090576,
    2.163172483444214,
    2.163172483444214,
    2.163172483444214,
    2.163172483444214,
    1.9087120294570923,
    1.9087120294570923,
    1.9087120294570923,
    1.9087120294570923,
    1.9087120294570923,
    1.9087120294570923,
    1.9087120294570923,
    1.9087120294570923,
    1.9087120294570923,
    1.9087120294570923,
    1.9087120294570923,
    1.9087120294570923,
    1.9087120294570923,
    1.9087120294570923,
    1.9087120294570923,
    1.8944147825241089
  ],
  "best_values": [
    1.086601734161377,
    1.086601734161377,
    1.1591955423355103,
    1.1591955423355103,
    1.1591955423355103,
    1.1591955423355103,
    1.4136559963226318,
    1.4136559963226318,
    1.4136559963226318,
    1.4136559963226318,
    1.4136559963226318,
    1.4136559963226318,
    1.4136559963226318,
    1.4136559963226318,
    1.4136559963226318,
    1.4136559963226318,
    1.4136559963226318,
    1.4136559963226318,
    1.4136559963226318,
    1.4136559963226318,
    1.4136559963226318,
    1.4279532432556152
  ],
  "queried_values": [
    1.086601734161377,
    0.7290198802947998,
    1.1591955423355103,
    1.0149973630905151,
    0.32493674755096436,
    1.020013689994812,
    1.4136559963226318,
    1.0015134811401367,
    1.1622097492218018,
    0.6028364300727844,
    0.9760295748710632,
    0.1746644675731659,
    0.9854444861412048,
    1.1878663301467896,
    1.1737362146377563,
    1.3178836107254028,
    0.6690092086791992,
    0.510929524898529,
    1.0501203536987305,
    0.6842621564865112,
    1.1256158351898193,
    1.4279532432556152
  ],
  "actual_gains": [
    0.28470379114151,
    -0.35758185386657715,
    0.0725938081741333,
    -0.14419817924499512,
    -0.8342587947845459,
    -0.13918185234069824,
    0.2544604539871216,
    -0.4121425151824951,
    -0.2514462471008301,
    -0.8108195662498474,
    -0.4376264214515686,
    -1.2389914989471436,
    -0.428211510181427,
    -0.22578966617584229,
    -0.2399197816848755,
    -0.095772385597229,
    -0.7446467876434326,
    -0.9027264714241028,
    -0.36353564262390137,
    -0.7293938398361206,
    -0.2880401611328125,
    0.014297246932983398
  ],
  "proxy_rewards": [
    1.0,
    1.0,
    1.0,
    1.0,
    1.0,
    1.0,
    1.0,
    1.0,
    1.0,
    1.0,
    1.0,
    1.0,
    1.0,
    1.0,
    1.0,
    1.0,
    1.0,
    1.0,
    1.0,
    1.0,
    1.0,
    1.0
  ],
  "proxy_improvements": [
    0.013214324600994587,
    0.09559013694524765,
    -0.00765013974159956,
    0.015513241291046143,
    0.11040453612804413,
    -0.054289527237415314,
    -0.038005419075489044,
    -0.028933653607964516,
    -0.18518133461475372,
    -0.025337230414152145,
    -0.27017056941986084,
    -0.3182595372200012,
    -0.3142104148864746,
    -0.29801782965660095,
    -0.27133023738861084,
    -0.3392329514026642,
    -0.19989949464797974,
    -0.3146785497665405,
    -0.2836989760398865,
    -0.23960697650909424,
    -0.2506459355354309,
    -0.13232994079589844
  ],
  "floor_reward_flags": [
    0.0,
    0.0,
    0.0,
    0.0,
    0.0,
    0.0,
    0.0,
    0.0,
    0.0,
    0.0,
    0.0,
    0.0,
    0.0,
    0.0,
    0.0,
    0.0,
    0.0,
    0.0,
    0.0,
    0.0,
    0.0,
    0.0
  ],
  "step_reward_std": [
    0.0,
    0.0,
    0.0,
    0.0,
    0.0,
    0.0,
    0.0,
    0.0,
    0.0,
    0.0,
    0.0,
    0.0,
    0.0,
    0.0,
    0.0,
    0.0,
    0.0,
    0.0,
    0.0,
    0.0,
    0.0,
    0.0
  ],
  "step_improvement_std": [
    0.0,
    0.0,
    0.0,
    0.0,
    0.0,
    0.0,
    0.0,
    0.0,
    0.0,
    0.0,
    0.0,
    0.0,
    0.0,
    0.0,
    0.0,
    0.0,
    0.0,
    0.0,
    0.0,
    0.0,
    0.0,
    0.0
  ],
  "same_mask_repeat_std": [
    0.021712372079491615,
    0.021664397791028023,
    0.01828799955546856,
    0.027465784922242165,
    0.052213847637176514,
    0.02461157739162445,
    0.02211649902164936,
    0.03186621144413948,
    0.04506615921854973,
    0.04245476797223091,
    0.03920131176710129,
    0.04089299216866493,
    0.12940198183059692,
    0.043050654232501984,
    0.05802927911281586,
    0.03160087391734123,
    0.046853676438331604,
    0.038156528025865555,
    0.09307300299406052,
    0.04080168902873993,
    0.048950791358947754,
    0.04437873139977455
  ],
  "proxy_actual_gain_corr": 0.2728654939824957,
  "surrogate_train_times_sec": [
    0.08598387241363525,
    0.08277250081300735,
    0.08548387140035629,
    0.08618099987506866,
    0.08617204427719116,
    0.0856446698307991,
    0.08331258594989777,
    0.08310666680335999,
    0.0837441235780716,
    0.0825970396399498,
    0.0885627493262291,
    0.08783429116010666,
    0.08481349796056747,
    0.08513366430997849,
    0.08616895973682404,
    0.08608199656009674,
    0.08662733435630798,
    0.08427583426237106,
    0.08940400183200836,
    0.0917423740029335,
    0.09375766664743423,
    0.08619529008865356
  ],
  "gfn_train_times_sec": [
    0.0,
    0.0,
    0.0,
    0.0,
    0.0,
    0.0,
    0.0,
    0.0,
    0.0,
    0.0,
    0.0,
    0.0,
    0.0,
    0.0,
    0.0,
    0.0,
    0.0,
    0.0,
    0.0,
    0.0,
    0.0,
    0.0
  ],
  "proposal_times_sec": [
    0.001874209032393992,
    0.0018479590071365237,
    0.0019420000026002526,
    0.0018845000304281712,
    0.0018792500486597419,
    0.0018573750276118517,
    0.0019076670287176967,
    0.0016918329056352377,
    0.0017624160973355174,
    0.0020511671900749207,
    0.0017697080038487911,
    0.0017088750610128045,
    0.0018911249935626984,
    0.0018725829431787133,
    0.0017926249420270324,
    0.001875624991953373,
    0.0019525840179994702,
    0.001961291069164872,
    0.0019680410623550415,
    0.0020389999262988567,
    0.0018464169697836041,
    0.00193725002463907
  ],
  "iteration_times_sec": [
    0.09932037442922592,
    0.09568891674280167,
    0.09855004400014877,
    0.09911483526229858,
    0.09865295886993408,
    0.09767870604991913,
    0.095897376537323,
    0.0956631675362587,
    0.09638649970293045,
    0.09573591500520706,
    0.10055053979158401,
    0.10017233341932297,
    0.09739179164171219,
    0.09778495877981186,
    0.09888117015361786,
    0.09844387322664261,
    0.09931924939155579,
    0.09745687246322632,
    0.10344403982162476,
    0.10529237240552902,
    0.10656816512346268,
    0.09902103990316391
  ],
  "total_wall_time_sec": 2.1777984580257908
}
