{
  "seed": 0,
  "method": "random",
  "benchmark": "hartmann6",
  "spec_name": "plain_random_v2",
  "regrets": [
    2.410183906555176,
    2.410183906555176,
    2.410183906555176,
    2.410183906555176,
    1.4949753284454346,
    0.9495795965194702,
    0.9495795965194702,
    0.9495795965194702,
    0.9495795965194702,
    0.9495795965194702,
    0.9495795965194702,
    0.9495795965194702,
    0.9495795965194702,
    0.9495795965194702,
    0.9194899797439575,
    0.9194899797439575,
    0.9194899797439575,
    0.9194899797439575,
    0.9194899797439575,
    0.9194899797439575,
    0.9194899797439575,
    0.9194899797439575
  ],
  "best_values": [
    0.9121841192245483,
    0.9121841192245483,
    0.9121841192245483,
    0.9121841192245483,
    1.8273926973342896,
    2.372788429260254,
    2.372788429260254,
    2.372788429260254,
    2.372788429260254,
    2.372788429260254,
    2.372788429260254,
    2.372788429260254,
    2.372788429260254,
    2.372788429260254,
    2.4028780460357666,
    2.4028780460357666,
    2.4028780460357666,
    2.4028780460357666,
    2.4028780460357666,
    2.4028780460357666,
    2.4028780460357666,
    2.4028780460357666
  ],
  "queried_values": [
    0.03509395197033882,
    0.3563394248485565,
    0.41234153509140015,
    0.7910878658294678,
    1.8273926973342896,
    2.372788429260254,
    1.40541410446167,
    1.4624159336090088,
    1.8927035331726074,
    1.6479185819625854,
    1.37648606300354,
    0.7405769228935242,
    0.9568203091621399,
    0.6777580380439758,
    2.4028780460357666,
    2.0328164100646973,
    1.253093957901001,
    2.384026527404785,
    2.27706241607666,
    2.207592248916626,
    1.63543701171875,
    1.32204008102417
  ],
  "actual_gains": [
    -0.8770901560783386,
    -0.5558446645736694,
    -0.4998425841331482,
    -0.12109625339508057,
    0.9152085781097412,
    0.5453957319259644,
    -0.967374324798584,
    -0.9103724956512451,
    -0.4800848960876465,
    -0.7248698472976685,
    -0.9963023662567139,
    -1.632211446762085,
    -1.4159681797027588,
    -1.6950304508209229,
    0.030089616775512695,
    -0.37006163597106934,
    -1.1497840881347656,
    -0.018851518630981445,
    -0.12581562995910645,
    -0.19528579711914062,
    -0.7674410343170166,
    -1.0808379650115967
  ],
  "proxy_rewards": [
    1.0,
    1.0,
    1.0,
    1.0,
    1.0,
    1.0,
    1.0,
    1.0,
    1.0,
    1.0,
    1.0,
    1.0,
    1.0,
    1.0,
    1.0,
    1.0,
    1.0,
    1.0,
    1.0,
    1.0,
    1.0,
    1.0
  ],
  "proxy_improvements": [
    0.2395949512720108,
    -0.10889171808958054,
    -0.032172951847314835,
    -0.22493982315063477,
    -0.13526013493537903,
    -0.46803945302963257,
    0.2248995304107666,
    -0.26278844475746155,
    -0.6159396171569824,
    -0.5298280715942383,
    -0.4619407057762146,
    -0.6971011757850647,
    -0.8175211548805237,
    -0.7104539275169373,
    -0.7205194234848022,
    -0.44795817136764526,
    -0.7011604309082031,
    -0.692122757434845,
    -0.1812422275543213,
    -0.6805707216262817,
    -0.17229826748371124,
    -0.23354420065879822
  ],
  "floor_reward_flags": [
    0.0,
    0.0,
    0.0,
    0.0,
    0.0,
    0.0,
    0.0,
    0.0,
    0.0,
    0.0,
    0.0,
    0.0,
    0.0,
    0.0,
    0.0,
    0.0,
    0.0,
    0.0,
    0.0,
    0.0,
    0.0,
    0.0
  ],
  "step_reward_std": [
    0.0,
    0.0,
    0.0,
    0.0,
    0.0,
    0.0,
    0.0,
    0.0,
    0.0,
    0.0,
    0.0,
    0.0,
    0.0,
    0.0,
    0.0,
    0.0,
    0.0,
    0.0,
    0.0,
    0.0,
    0.0,
    0.0
  ],
  "step_improvement_std": [
    0.0,
    0.0,
    0.0,
    0.0,
    0.0,
    0.0,
    0.0,
    0.0,
    0.0,
    0.0,
    0.0,
    0.0,
    0.0,
    0.0,
    0.0,
    0.0,
    0.0,
    0.0,
    0.0,
    0.0,
    0.0,
    0.0
  ],
  "same_mask_repeat_std": [
    0.012302542105317116,
    0.017558811232447624,
    0.01639857515692711,
    0.035377372056245804,
    0.01723947376012802,
    0.04290638118982315,
    0.11727920919656754,
    0.03446333855390549,
    0.025515522807836533,
    0.05177761986851692,
    0.0505601242184639,
    0.10164154320955276,
    0.05873635411262512,
    0.017741354182362556,
    0.0912235900759697,
    0.06467008590698242,
    0.029287148267030716,
    0.031588613986968994,
    0.13722045719623566,
    0.06549549102783203,
    0.07310094684362411,
    0.13736075162887573
  ],
  "proxy_actual_gain_corr": 0.1541121998100402,
  "surrogate_train_times_sec": [
    0.1020999550819397,
    0.09530021250247955,
    0.082225501537323,
    0.08312574774026871,
    0.08420983701944351,
    0.0840698778629303,
    0.08242012560367584,
    0.08478233218193054,
    0.08512458205223083,
    0.08488866686820984,
    0.08502591401338577,
    0.0858021229505539,
    0.08516387641429901,
    0.08385362476110458,
    0.08481521159410477,
    0.08239749819040298,
    0.08500654250383377,
    0.08543804287910461,
    0.08225441724061966,
    0.08603250235319138,
    0.09728291630744934,
    0.09619279205799103
  ],
  "gfn_train_times_sec": [
    0.0,
    0.0,
    0.0,
    0.0,
    0.0,
    0.0,
    0.0,
    0.0,
    0.0,
    0.0,
    0.0,
    0.0,
    0.0,
    0.0,
    0.0,
    0.0,
    0.0,
    0.0,
    0.0,
    0.0,
    0.0,
    0.0
  ],
  "proposal_times_sec": [
    0.002167667029425502,
    0.001851084060035646,
    0.002045165980234742,
    0.0017191249644383788,
    0.0019018749007955194,
    0.001973541919142008,
    0.002151333959773183,
    0.0017424169927835464,
    0.001805374980904162,
    0.0018210000125691295,
    0.0018820830155164003,
    0.00192604202311486,
    0.00199087499640882,
    0.0019362919265404344,
    0.0017729580868035555,
    0.00174475007224828,
    0.0018026670441031456,
    0.0018711669836193323,
    0.0017413749592378736,
    0.0019634999334812164,
    0.002260749926790595,
    0.001794583979062736
  ],
  "iteration_times_sec": [
    0.11755908280611038,
    0.10839012265205383,
    0.09474558383226395,
    0.09543266892433167,
    0.09684249758720398,
    0.09655924886465073,
    0.09539496153593063,
    0.10055746138095856,
    0.09796937555074692,
    0.09839387238025665,
    0.09766633063554764,
    0.09863170981407166,
    0.09750954061746597,
    0.09612220525741577,
    0.09706217050552368,
    0.0945318341255188,
    0.09722962230443954,
    0.09750058501958847,
    0.0942554622888565,
    0.09802495688199997,
    0.11263541877269745,
    0.10962674766778946
  ],
  "total_wall_time_sec": 2.1934537909692153
}
