{
  "seed": 3,
  "method": "random",
  "benchmark": "hartmann6",
  "spec_name": "plain_random_v2",
  "regrets": [
    2.8105642795562744,
    2.7523558139801025,
    2.7523558139801025,
    2.7523558139801025,
    2.6923060417175293,
    2.387864112854004,
    2.387864112854004,
    1.85298752784729,
    1.85298752784729,
    1.85298752784729,
    1.85298752784729,
    1.85298752784729,
    1.0055447816848755,
    1.0055447816848755,
    1.0055447816848755,
    1.0055447816848755,
    1.0055447816848755,
    1.0055447816848755,
    1.0055447816848755,
    1.0055447816848755,
    1.0055447816848755,
    1.0055447816848755
  ],
  "best_values": [
    0.5118037462234497,
    0.5700122714042664,
    0.5700122714042664,
    0.5700122714042664,
    0.6300618648529053,
    0.9345037937164307,
    0.9345037937164307,
    1.469380497932434,
    1.469380497932434,
    1.469380497932434,
    1.469380497932434,
    1.469380497932434,
    2.3168232440948486,
    2.3168232440948486,
    2.3168232440948486,
    2.3168232440948486,
    2.3168232440948486,
    2.3168232440948486,
    2.3168232440948486,
    2.3168232440948486,
    2.3168232440948486,
    2.3168232440948486
  ],
  "queried_values": [
    0.2955199182033539,
    0.5700122714042664,
    0.1075512245297432,
    0.36822158098220825,
    0.6300618648529053,
    0.9345037937164307,
    0.21155250072479248,
    1.469380497932434,
    0.08931059390306473,
    0.8228598833084106,
    0.46182119846343994,
    0.3861888647079468,
    2.3168232440948486,
    1.3143658638000488,
    1.682206630706787,
    1.2727452516555786,
    1.7705886363983154,
    0.5460533499717712,
    1.0687367916107178,
    2.041189193725586,
    0.8292846083641052,
    1.5773909091949463
  ],
  "actual_gains": [
    -0.21628382802009583,
    0.05820852518081665,
    -0.46246105432510376,
    -0.2017906904220581,
    0.060049593448638916,
    0.3044419288635254,
    -0.7229512929916382,
    0.5348767042160034,
    -1.3800698518753052,
    -0.6465206146240234,
    -1.0075592994689941,
    -1.0831916332244873,
    0.8474427461624146,
    -1.0024573802947998,
    -0.6346166133880615,
    -1.04407799243927,
    -0.5462346076965332,
    -1.7707698345184326,
    -1.2480864524841309,
    -0.2756340503692627,
    -1.4875385761260986,
    -0.7394323348999023
  ],
  "proxy_rewards": [
    1.0,
    1.0,
    1.0,
    1.0,
    1.0,
    1.0,
    1.0,
    1.0,
    1.0,
    1.0,
    1.0,
    1.0,
    1.0,
    1.0,
    1.0,
    1.0,
    1.0,
    1.0,
    1.0,
    1.0,
    1.0,
    1.0
  ],
  "proxy_improvements": [
    0.11220049113035202,
    -0.11406341940164566,
    -0.03249015659093857,
    0.03969462960958481,
    -0.04800667241215706,
    -0.016388339921832085,
    -0.06992829591035843,
    -0.24111033976078033,
    -0.10920171439647675,
    -0.3647806942462921,
    -0.5252041816711426,
    -0.6617348194122314,
    -0.5843376517295837,
    -0.8358111381530762,
    -0.8636143207550049,
    -0.5633448362350464,
    -0.46662193536758423,
    -0.6685632467269897,
    -0.8964326977729797,
    -0.9186506271362305,
    -0.512872576713562,
    -0.6455914974212646
  ],
  "floor_reward_flags": [
    0.0,
    0.0,
    0.0,
    0.0,
    0.0,
    0.0,
    0.0,
    0.0,
    0.0,
    0.0,
    0.0,
    0.0,
    0.0,
    0.0,
    0.0,
    0.0,
    0.0,
    0.0,
    0.0,
    0.0,
    0.0,
    0.0
  ],
  "step_reward_std": [
    0.0,
    0.0,
    0.0,
    0.0,
    0.0,
    0.0,
    0.0,
    0.0,
    0.0,
    0.0,
    0.0,
    0.0,
    0.0,
    0.0,
    0.0,
    0.0,
    0.0,
    0.0,
    0.0,
    0.0,
    0.0,
    0.0
  ],
  "step_improvement_std": [
    0.0,
    0.0,
    0.0,
    0.0,
    0.0,
    0.0,
    0.0,
    0.0,
    0.0,
    0.0,
    0.0,
    0.0,
    0.0,
    0.0,
    0.0,
    0.0,
    0.0,
    0.0,
    0.0,
    0.0,
    0.0,
    0.0
  ],
  "same_mask_repeat_std": [
    0.039458468556404114,
    0.014470906928181648,
    0.03680402785539627,
    0.04214973747730255,
    0.008575009182095528,
    0.0290047787129879,
    0.01597036048769951,
    0.015066254884004593,
    0.04985649883747101,
    0.05355121195316315,
    0.056852832436561584,
    0.029216215014457703,
    0.023284433409571648,
    0.10089049488306046,
    0.16048169136047363,
    0.12873145937919617,
    0.11533522605895996,
    0.04607516527175903,
    0.12270821630954742,
    0.03841391205787659,
    0.047177545726299286,
    0.07995814085006714
  ],
  "proxy_actual_gain_corr": 0.3959670164633088,
  "surrogate_train_times_sec": [
    0.08465270698070526,
    0.08663154393434525,
    0.0921214148402214,
    0.09618350118398666,
    0.08955937623977661,
    0.08597183227539062,
    0.08617916703224182,
    0.08309958130121231,
    0.08518700301647186,
    0.0865134596824646,
    0.0846112072467804,
    0.08588595688343048,
    0.0872083306312561,
    0.08725662529468536,
    0.08531391620635986,
    0.08444678783416748,
    0.08663149923086166,
    0.0918332114815712,
    0.0846758782863617,
    0.0879451259970665,
    0.08688212186098099,
    0.0860290452837944
  ],
  "gfn_train_times_sec": [
    0.0,
    0.0,
    0.0,
    0.0,
    0.0,
    0.0,
    0.0,
    0.0,
    0.0,
    0.0,
    0.0,
    0.0,
    0.0,
    0.0,
    0.0,
    0.0,
    0.0,
    0.0,
    0.0,
    0.0,
    0.0,
    0.0
  ],
  "proposal_times_sec": [
    0.001876792055554688,
    0.001954166917130351,
    0.0020901670213788748,
    0.0018990839598700404,
    0.001868791994638741,
    0.0019018750172108412,
    0.0018917919369414449,
    0.0018188749672845006,
    0.0018003330333158374,
    0.002001333050429821,
    0.0019239590037614107,
    0.001768167014233768,
    0.0018494169926270843,
    0.001908999984152615,
    0.0018103340407833457,
    0.001791291986592114,
    0.0018974170088768005,
    0.0019380840240046382,
    0.0019043750362470746,
    0.0017703329212963581,
    0.0018335829954594374,
    0.0016466670203953981
  ],
  "iteration_times_sec": [
    0.09725220501422882,
    0.09978962689638138,
    0.10600437223911285,
    0.10885979235172272,
    0.10161470621824265,
    0.09828312695026398,
    0.09883712232112885,
    0.0951722115278244,
    0.09702654182910919,
    0.09850416332483292,
    0.09690716862678528,
    0.09878258407115936,
    0.09965891391038895,
    0.10033491998910904,
    0.0980575829744339,
    0.09660804271697998,
    0.09997837245464325,
    0.10541270673274994,
    0.09728828817605972,
    0.1006385013461113,
    0.09929745644330978,
    0.09822575002908707
  ],
  "total_wall_time_sec": 2.1933500409359112
}
