{
  "summary": {
    "random": {
      "mean_regret": [
        7.636749744415283,
        3.9069876670837402,
        3.9069876670837402,
        3.549499750137329
      ],
      "std_regret": [
        5.474431991577148,
        1.744670033454895,
        1.744670033454895,
        2.1021578311920166
      ],
      "mean_best_value": [
        -8.034637451171875,
        -4.304874897003174,
        -4.304874897003174,
        -3.9473869800567627
      ],
      "std_best_value": [
        5.474431991577148,
        1.7446699142456055,
        1.7446699142456055,
        2.1021578311920166
      ],
      "mean_query_value": [
        -8.303773880004883,
        -5.186095237731934,
        -11.793556213378906,
        -5.921804904937744
      ],
      "std_query_value": [
        5.743568420410156,
        0.8634493350982666,
        6.979405879974365,
        4.076575756072998
      ],
      "final_regret_mean": 3.549499750137329,
      "final_regret_std": 2.1021578311920166,
      "floor_reward_fraction_mean": 0.0,
      "step_reward_std_mean": 0.07534020394086838,
      "step_improvement_std_mean": 0.10636427998542786,
      "same_mask_repeat_std_mean": 0.9749964475631714,
      "proxy_actual_gain_corr_mean": 0.6237483620643616,
      "total_time_mean_sec": 0.4713968334835954
    },
    "gfn": {
      "mean_regret": [
        7.636749744415283,
        3.9069876670837402,
        3.9069876670837402,
        3.549499750137329
      ],
      "std_regret": [
        5.474431991577148,
        1.744670033454895,
        1.744670033454895,
        2.1021578311920166
      ],
      "mean_best_value": [
        -8.034637451171875,
        -4.304874897003174,
        -4.304874897003174,
        -3.9473869800567627
      ],
      "std_best_value": [
        5.474431991577148,
        1.7446699142456055,
        1.7446699142456055,
        2.1021578311920166
      ],
      "mean_query_value": [
        -8.303773880004883,
        -10.369808197021484,
        -11.793556213378906,
        -5.921804904937744
      ],
      "std_query_value": [
        5.743568420410156,
        4.320263862609863,
        6.979405879974365,
        4.076575756072998
      ],
      "final_regret_mean": 3.549499750137329,
      "final_regret_std": 2.1021578311920166,
      "floor_reward_fraction_mean": 0.0,
      "step_reward_std_mean": 0.22583648562431335,
      "step_improvement_std_mean": 2.7465128898620605,
      "same_mask_repeat_std_mean": 1.0742193460464478,
      "proxy_actual_gain_corr_mean": 0.6046737432479858,
      "total_time_mean_sec": 0.46233416598988697
    },
    "tradeoff": {
      "regret_gain_of_gfn": 0.0,
      "slowdown_factor": 0.9807748655697667
    }
  },
  "random_trials": [
    {
      "seed": 0,
      "method": "random",
      "benchmark": "branin",
      "spec_name": "main_v2",
      "regrets": [
        13.11118221282959,
        5.651657581329346,
        5.651657581329346,
        5.651657581329346
      ],
      "best_values": [
        -13.509069442749023,
        -6.049544811248779,
        -6.049544811248779,
        -6.049544811248779
      ],
      "queried_values": [
        -14.047342300415039,
        -6.049544811248779,
        -18.77296257019043,
        -9.998380661010742
      ],
      "actual_gains": [
        -0.5382728576660156,
        7.459524631500244,
        -12.723417282104492,
        -3.948835849761963
      ],
      "proxy_rewards": [
        1.0,
        1.0,
        1.0,
        1.0
      ],
      "proxy_improvements": [
        -63.158050537109375,
        -36.243412017822266,
        -48.824153900146484,
        -42.70283126831055
      ],
      "floor_reward_flags": [
        0.0,
        0.0,
        0.0,
        0.0
      ],
      "step_reward_std": [
        0.0,
        0.0,
        0.0,
        0.0
      ],
      "step_improvement_std": [
        0.0,
        7.105427357601002e-15,
        0.0,
        0.0
      ],
      "same_mask_repeat_std": [
        0.7331098914146423,
        1.1367613077163696,
        0.7722477316856384,
        1.5005685091018677
      ],
      "proxy_actual_gain_corr": 0.3053834997468984,
      "surrogate_train_times_sec": [
        0.8078356981277466,
        0.01160008367151022,
        0.011457458138465881,
        0.011030499823391438
      ],
      "gfn_train_times_sec": [
        0.0,
        0.0,
        0.0,
        0.0
      ],
      "proposal_times_sec": [
        0.004677291959524155,
        0.004568750038743019,
        0.004617458209395409,
        0.0045118751004338264
      ],
      "iteration_times_sec": [
        0.8152839541435242,
        0.018586914986371994,
        0.018476374447345734,
        0.01794191636145115
      ],
      "total_wall_time_sec": 0.8703886669827625
    },
    {
      "seed": 1,
      "method": "random",
      "benchmark": "branin",
      "spec_name": "main_v2",
      "regrets": [
        2.1623175144195557,
        2.1623175144195557,
        2.1623175144195557,
        1.447341799736023
      ],
      "best_values": [
        -2.5602049827575684,
        -2.5602049827575684,
        -2.5602049827575684,
        -1.845229148864746
      ],
      "queried_values": [
        -2.5602049827575684,
        -4.322646141052246,
        -4.814150810241699,
        -1.845229148864746
      ],
      "actual_gains": [
        5.2517170906066895,
        -1.7624411582946777,
        -2.253945827484131,
        0.7149758338928223
      ],
      "proxy_rewards": [
        1.0,
        1.0,
        1.0,
        1.0
      ],
      "proxy_improvements": [
        -8.209617614746094,
        -12.53117847442627,
        -14.980927467346191,
        -12.512673377990723
      ],
      "floor_reward_flags": [
        0.0,
        0.0,
        0.0,
        0.0
      ],
      "step_reward_std": [
        0.0,
        0.2533532679080963,
        0.0,
        0.3493683636188507
      ],
      "step_improvement_std": [
        1.7763568394002505e-15,
        0.05002956464886665,
        0.0,
        0.8008846640586853
      ],
      "same_mask_repeat_std": [
        0.5864999294281006,
        1.0211000442504883,
        0.7357977628707886,
        1.3138867616653442
      ],
      "proxy_actual_gain_corr": 0.9421132080720023,
      "surrogate_train_times_sec": [
        0.01121550053358078,
        0.011340958066284657,
        0.011226000264286995,
        0.010906917043030262
      ],
      "gfn_train_times_sec": [
        0.0,
        0.0,
        0.0,
        0.0
      ],
      "proposal_times_sec": [
        0.00444783316925168,
        0.004568083211779594,
        0.004534291103482246,
        0.004502125084400177
      ],
      "iteration_times_sec": [
        0.018086958676576614,
        0.018317334353923798,
        0.018155042082071304,
        0.017776666209101677
      ],
      "total_wall_time_sec": 0.07240499998442829
    }
  ],
  "gfn_trials": [
    {
      "seed": 0,
      "method": "gfn",
      "benchmark": "branin",
      "spec_name": "main_v2",
      "regrets": [
        13.11118221282959,
        5.651657581329346,
        5.651657581329346,
        5.651657581329346
      ],
      "best_values": [
        -13.509069442749023,
        -6.049544811248779,
        -6.049544811248779,
        -6.049544811248779
      ],
      "queried_values": [
        -14.047342300415039,
        -6.049544811248779,
        -18.77296257019043,
        -9.998380661010742
      ],
      "actual_gains": [
        -0.5382728576660156,
        7.459524631500244,
        -12.723417282104492,
        -3.948835849761963
      ],
      "proxy_rewards": [
        1.0,
        1.0,
        1.0,
        1.0
      ],
      "proxy_improvements": [
        -63.158050537109375,
        -34.848873138427734,
        -46.52629852294922,
        -42.03963851928711
      ],
      "floor_reward_flags": [
        0.0,
        0.0,
        0.0,
        0.0
      ],
      "step_reward_std": [
        0.32867109775543213,
        0.2533532679080963,
        0.0,
        0.0
      ],