{
  "seed": 2,
  "method": "gfn",
  "benchmark": "hartmann6",
  "spec_name": "main_v2",
  "regrets": [
    2.7483177185058594,
    2.7483177185058594,
    2.7483177185058594,
    2.7483177185058594
  ],
  "best_values": [
    0.5740501880645752,
    0.5740501880645752,
    0.5740501880645752,
    0.5740501880645752
  ],
  "queried_values": [
    0.25497856736183167,
    0.44081562757492065,
    0.22713083028793335,
    0.34843823313713074
  ],
  "actual_gains": [
    -0.31907162070274353,
    -0.13323456048965454,
    -0.34691935777664185,
    -0.22561195492744446
  ],
  "proxy_rewards": [
    1.0,
    1.0,
    1.0,
    1.0
  ],
  "proxy_improvements": [
    -0.2906608283519745,
    -0.2715267539024353,
    -0.2856750190258026,
    -0.2593792676925659
  ],
  "floor_reward_flags": [
    0.0,
    0.0,
    0.0,
    0.0
  ],
  "step_reward_std": [
    0.29430028796195984,
    0.31334760785102844,
    0.337574303150177,
    0.27393171191215515
  ],
  "step_improvement_std": [
    0.015763361006975174,
    0.015347332693636417,
    0.0067716073244810104,
    0.019907992333173752
  ],
  "same_mask_repeat_std": [
    0.01364415418356657,
    0.021587254479527473,
    0.013336828909814358,
    0.014836486428976059
  ],
  "proxy_actual_gain_corr": 0.6930389935004484,
  "surrogate_train_times_sec": [
    0.014096667058765888,
    0.012884332798421383,
    0.012971707619726658,
    0.012072958052158356
  ],
  "gfn_train_times_sec": [
    0.1225326657295227,
    0.12427978962659836,
    0.12188845872879028,
    0.11620792001485825
  ],
  "proposal_times_sec": [
    0.1397870033979416,
    0.1409589648246765,
    0.13760432600975037,
    0.13256937265396118
  ],
  "iteration_times_sec": [
    0.15671809017658234,
    0.15659213066101074,
    0.1534748375415802,
    0.147430881857872
  ],
  "total_wall_time_sec": 0.6144100000383332
}
