{
  "seed": 1,
  "method": "gfn",
  "benchmark": "hartmann6",
  "spec_name": "main_v2",
  "regrets": [
    2.9186899662017822,
    2.341586112976074,
    2.341586112976074,
    2.341586112976074
  ],
  "best_values": [
    0.40367794036865234,
    0.9807817935943604,
    0.9807817935943604,
    0.9807817935943604
  ],
  "queried_values": [
    0.24702861905097961,
    0.9807817935943604,
    0.5642288327217102,
    0.38528794050216675
  ],
  "actual_gains": [
    -0.15664932131767273,
    0.577103853225708,
    -0.41655296087265015,
    -0.5954938530921936
  ],
  "proxy_rewards": [
    1.0,
    1.0,
    1.0,
    1.0
  ],
  "proxy_improvements": [
    -0.12256619334220886,
    -0.14462001621723175,
    -0.594589352607727,
    -0.5472939610481262
  ],
  "floor_reward_flags": [
    0.0,
    0.0,
    0.0,
    0.0
  ],
  "step_reward_std": [
    0.31334760785102844,
    0.32513055205345154,
    0.3392842710018158,
    0.3716413378715515
  ],
  "step_improvement_std": [
    0.005902103614062071,
    0.003500425722450018,
    0.017796842381358147,
    0.025832759216427803
  ],
  "same_mask_repeat_std": [
    0.01726350747048855,
    0.007490857038646936,
    0.014089991338551044,
    0.04168771952390671
  ],
  "proxy_actual_gain_corr": 0.7674210193482504,
  "surrogate_train_times_sec": [
    0.013509082607924938,
    0.013613250106573105,
    0.012727458029985428,
    0.011755499988794327
  ],
  "gfn_train_times_sec": [
    0.1269979178905487,
    0.12150170654058456,
    0.11941012740135193,
    0.11809420585632324
  ],
  "proposal_times_sec": [
    0.14500291645526886,
    0.13945850729942322,
    0.13654521107673645,
    0.1340518742799759
  ],
  "iteration_times_sec": [
    0.1616670787334442,
    0.1562376320362091,
    0.15182717144489288,
    0.14856603741645813
  ],
  "total_wall_time_sec": 0.6184696248965338
}
