{
  "seed": 0,
  "method": "gfn",
  "benchmark": "hartmann6",
  "spec_name": "main_v2",
  "regrets": [
    2.5189077854156494,
    2.5189077854156494,
    2.5189077854156494,
    2.5189077854156494
  ],
  "best_values": [
    0.8034602999687195,
    0.8034602999687195,
    0.8034602999687195,
    0.8034602999687195
  ],
  "queried_values": [
    0.04508122056722641,
    0.007374337408691645,
    0.005122734233736992,
    0.0667162761092186
  ],
  "actual_gains": [
    -0.7583791017532349,
    -0.7960859537124634,
    -0.7983375787734985,
    -0.7367440462112427
  ],
  "proxy_rewards": [
    1.0,
    1.0,
    1.0,
    1.0
  ],
  "proxy_improvements": [
    -0.44286370277404785,
    -0.4495896100997925,
    -0.5272939801216125,
    -0.5448107719421387
  ],
  "floor_reward_flags": [
    0.0,
    0.0,
    0.0,
    0.0
  ],
  "step_reward_std": [
    0.3051607310771942,
    0.3126542866230011,
    0.3493683636188507,
    0.0
  ],
  "step_improvement_std": [
    0.00996279064565897,
    0.007777109742164612,
    0.01624799706041813,
    1.1102230246251565e-16
  ],
  "same_mask_repeat_std": [
    0.023487385362386703,
    0.012359690852463245,
    0.01290119905024767,
    0.011893236078321934
  ],
  "proxy_actual_gain_corr": -0.271890384205087,
  "surrogate_train_times_sec": [
    0.013945000246167183,
    0.01237375009804964,
    0.011730167083442211,
    0.013033749535679817
  ],
  "gfn_train_times_sec": [
    0.12314379215240479,
    0.12046358734369278,
    0.12106279283761978,
    0.12469937652349472
  ],
  "proposal_times_sec": [
    0.13997170329093933,
    0.13708999752998352,
    0.13722999393939972,
    0.14179325103759766
  ],
  "iteration_times_sec": [
    0.156767338514328,
    0.15214553475379944,
    0.15169233083724976,
    0.157454714179039
  ],
  "total_wall_time_sec": 0.6182452089851722
}
