{
  "seed": 4,
  "method": "gfn",
  "benchmark": "hartmann6",
  "spec_name": "main_v2",
  "regrets": [
    2.428284168243408,
    2.29231858253479,
    2.0870416164398193,
    2.0870416164398193
  ],
  "best_values": [
    0.8940837979316711,
    1.0300493240356445,
    1.2353264093399048,
    1.2353264093399048
  ],
  "queried_values": [
    0.8940837979316711,
    1.0300493240356445,
    1.2353264093399048,
    0.9765220880508423
  ],
  "actual_gains": [
    0.027650535106658936,
    0.1359655261039734,
    0.20527708530426025,
    -0.2588043212890625
  ],
  "proxy_rewards": [
    1.0,
    1.0,
    1.0,
    1.0
  ],
  "proxy_improvements": [
    -0.44002869725227356,
    -0.38502246141433716,
    -0.41195356845855713,
    -0.381285160779953
  ],
  "floor_reward_flags": [
    0.0,
    0.0,
    0.0,
    0.0
  ],
  "step_reward_std": [
    0.2952818274497986,
    0.32475951313972473,
    0.32475951313972473,
    0.0
  ],
  "step_improvement_std": [
    0.005035068839788437,
    0.0021902502048760653,
    0.01912362314760685,
    0.0
  ],
  "same_mask_repeat_std": [
    0.012457060627639294,
    0.010796396993100643,
    0.03297608718276024,
    0.03413095697760582
  ],
  "proxy_actual_gain_corr": -0.350285785715302,
  "surrogate_train_times_sec": [
    0.014417000114917755,
    0.013636250048875809,
    0.012525167316198349,
    0.06233208253979683
  ],
  "gfn_train_times_sec": [
    0.125581294298172,
    0.12243929505348206,
    0.12163587659597397,
    0.16295567154884338
  ],
  "proposal_times_sec": [
    0.1433010846376419,
    0.13883142173290253,
    0.1432262510061264,
    0.18126091361045837
  ],
  "iteration_times_sec": [
    0.16074566543102264,
    0.15524867177009583,
    0.15976224839687347,
    0.25406521558761597
  ],
  "total_wall_time_sec": 0.7303383329417557
}
