{
  "seed": 3,
  "method": "gfn",
  "benchmark": "hartmann6",
  "spec_name": "main_v2",
  "regrets": [
    1.6882058382034302,
    1.6882058382034302,
    1.6882058382034302,
    1.6882058382034302
  ],
  "best_values": [
    1.634162187576294,
    1.634162187576294,
    1.634162187576294,
    1.634162187576294
  ],
  "queried_values": [
    0.006562982685863972,
    0.3926105499267578,
    0.023602720350027084,
    0.24947960674762726
  ],
  "actual_gains": [
    -1.6275992393493652,
    -1.2415516376495361,
    -1.6105594635009766,
    -1.384682536125183
  ],
  "proxy_rewards": [
    1.0,
    1.0,
    1.0,
    1.0
  ],
  "proxy_improvements": [
    -0.7936974763870239,
    -0.8778711557388306,
    -0.9730400443077087,
    -1.0684057474136353
  ],
  "floor_reward_flags": [
    0.0,
    0.0,
    0.0,
    0.0
  ],
  "step_reward_std": [
    0.3007032573223114,
    0.3126542866230011,
    0.3770520091056824,
    0.3105649948120117
  ],
  "step_improvement_std": [
    0.011276532895863056,
    0.020651575177907944,
    0.04715845361351967,
    0.004569747485220432
  ],
  "same_mask_repeat_std": [
    0.043912243098020554,
    0.02794503979384899,
    0.03739999234676361,
    0.04361894726753235
  ],
  "proxy_actual_gain_corr": -0.23157790594276537,
  "surrogate_train_times_sec": [
    0.015733666718006134,
    0.0138479582965374,
    0.01237120758742094,
    0.012223792262375355
  ],
  "gfn_train_times_sec": [
    0.1292760819196701,
    0.12068145722150803,
    0.1165393739938736,
    0.12029962241649628
  ],
  "proposal_times_sec": [
    0.14708304405212402,
    0.13749033212661743,
    0.13362687826156616,
    0.13767103850841522
  ],
  "iteration_times_sec": [
    0.1661185771226883,
    0.15416216850280762,
    0.14880837500095367,
    0.15276911854743958
  ],
  "total_wall_time_sec": 0.6220496250316501
}
