{
  "seed": 0,
  "method": "random",
  "benchmark": "hartmann6",
  "spec_name": "main_v2",
  "regrets": [
    2.5189077854156494,
    2.5189077854156494,
    2.5189077854156494,
    2.5189077854156494
  ],
  "best_values": [
    0.8034602999687195,
    0.8034602999687195,
    0.8034602999687195,
    0.8034602999687195
  ],
  "queried_values": [
    0.04508122056722641,
    0.14538361132144928,
    0.007738171610981226,
    0.0667162761092186
  ],
  "actual_gains": [
    -0.7583791017532349,
    -0.6580767035484314,
    -0.7957221269607544,
    -0.7367440462112427
  ],
  "proxy_rewards": [
    1.0,
    1.0,
    1.0,
    1.0
  ],
  "proxy_improvements": [
    -0.44286370277404785,
    -0.4513689875602722,
    -0.5027273297309875,
    -0.5447949767112732
  ],
  "floor_reward_flags": [
    0.0,
    0.0,
    0.0,
    0.0
  ],
  "step_reward_std": [
    0.32475951313972473,
    0.0,
    0.32475951313972473,
    0.0
  ],
  "step_improvement_std": [
    0.000582703563850373,
    1.1102230246251565e-16,
    0.0007074233144521713,
    1.1102230246251565e-16
  ],
  "same_mask_repeat_std": [
    0.00861236359924078,
    0.018638355657458305,
    0.012630173936486244,
    0.004798829555511475
  ],
  "proxy_actual_gain_corr": 0.33484374634663566,
  "surrogate_train_times_sec": [
    0.018143458291888237,
    0.01660187542438507,
    0.0157817080616951,
    0.014862249605357647
  ],
  "gfn_train_times_sec": [
    0.0,
    0.0,
    0.0,
    0.0
  ],
  "proposal_times_sec": [
    0.0061434172093868256,
    0.00520662497729063,
    0.005578417330980301,
    0.00517254089936614
  ],
  "iteration_times_sec": [
    0.027381375432014465,
    0.024762708693742752,
    0.024548249319195747,
    0.023970749229192734
  ],
  "total_wall_time_sec": 0.10084845789242536
}
