{
  "seed": 4,
  "method": "random",
  "benchmark": "hartmann6",
  "spec_name": "main_v2",
  "regrets": [
    2.428284168243408,
    2.29231858253479,
    2.0870416164398193,
    2.0870416164398193
  ],
  "best_values": [
    0.8940837979316711,
    1.0300493240356445,
    1.2353264093399048,
    1.2353264093399048
  ],
  "queried_values": [
    0.8940837979316711,
    1.0300493240356445,
    1.2353264093399048,
    0.9765220880508423
  ],
  "actual_gains": [
    0.027650535106658936,
    0.1359655261039734,
    0.20527708530426025,
    -0.2588043212890625
  ],
  "proxy_rewards": [
    1.0,
    1.0,
    1.0,
    1.0
  ],
  "proxy_improvements": [
    -0.44002869725227356,
    -0.3028726577758789,
    -0.36344975233078003,
    -0.4641134440898895
  ],
  "floor_reward_flags": [
    0.0,
    0.0,
    0.0,
    0.0
  ],
  "step_reward_std": [
    0.3493683636188507,
    0.0,
    0.2533532679080963,
    0.0
  ],
  "step_improvement_std": [
    0.0038524670526385307,
    0.0,
    0.002939188852906227,
    5.551115123125783e-17
  ],
  "same_mask_repeat_std": [
    0.012438996694982052,
    0.015233775600790977,
    0.023260246962308884,
    0.04644480347633362
  ],
  "proxy_actual_gain_corr": 0.7836457657535918,
  "surrogate_train_times_sec": [
    0.01335141621530056,
    0.014400292187929153,
    0.014053374528884888,
    0.01262654084712267
  ],
  "gfn_train_times_sec": [
    0.0,
    0.0,
    0.0,
    0.0
  ],
  "proposal_times_sec": [
    0.005701874848455191,
    0.005661999806761742,
    0.005231750197708607,
    0.005293667316436768
  ],
  "iteration_times_sec": [
    0.02185266651213169,
    0.023397667333483696,
    0.022107917815446854,
    0.020470375195145607
  ],
  "total_wall_time_sec": 0.08798566705081612
}
