{
  "seed": 2,
  "method": "random",
  "benchmark": "hartmann6",
  "spec_name": "main_v2",
  "regrets": [
    2.7483177185058594,
    2.7483177185058594,
    2.7483177185058594,
    2.7483177185058594
  ],
  "best_values": [
    0.5740501880645752,
    0.5740501880645752,
    0.5740501880645752,
    0.5740501880645752
  ],
  "queried_values": [
    0.25497856736183167,
    0.04579143971204758,
    0.18341360986232758,
    0.34843823313713074
  ],
  "actual_gains": [
    -0.31907162070274353,
    -0.528258740901947,
    -0.3906365633010864,
    -0.22561195492744446
  ],
  "proxy_rewards": [
    1.0,
    1.0,
    1.0,
    1.0
  ],
  "proxy_improvements": [
    -0.2906608283519745,
    -0.26286691427230835,
    -0.3056292235851288,
    -0.27825433015823364
  ],
  "floor_reward_flags": [
    0.0,
    0.0,
    0.0,
    0.0
  ],
  "step_reward_std": [
    0.3105649948120117,
    0.3510209023952484,
    0.3510209023952484,
    0.0
  ],
  "step_improvement_std": [
    0.007180020213127136,
    0.00548500707373023,
    0.004384183790534735,
    5.551115123125783e-17
  ],
  "same_mask_repeat_std": [
    0.012139515951275826,
    0.015366182662546635,
    0.02065064199268818,
    0.014344713650643826
  ],
  "proxy_actual_gain_corr": -0.34518190758365963,
  "surrogate_train_times_sec": [
    0.013683708384633064,
    0.014324333518743515,
    0.013975124806165695,
    0.01230937521904707
  ],
  "gfn_train_times_sec": [
    0.0,
    0.0,
    0.0,
    0.0
  ],
  "proposal_times_sec": [
    0.0057354578748345375,
    0.005346291698515415,
    0.005678375251591206,
    0.004495708271861076
  ],
  "iteration_times_sec": [
    0.022582832723855972,
    0.02268662489950657,
    0.022852124646306038,
    0.01931670866906643
  ],
  "total_wall_time_sec": 0.0876207499532029
}
