{
  "seed": 3,
  "method": "random",
  "benchmark": "hartmann6",
  "spec_name": "main_v2",
  "regrets": [
    1.6882058382034302,
    1.6882058382034302,
    1.6882058382034302,
    1.6882058382034302
  ],
  "best_values": [
    1.634162187576294,
    1.634162187576294,
    1.634162187576294,
    1.634162187576294
  ],
  "queried_values": [
    0.006562982685863972,
    0.028662484139204025,
    0.025816362351179123,
    0.7665939927101135
  ],
  "actual_gains": [
    -1.6275992393493652,
    -1.6054997444152832,
    -1.608345866203308,
    -0.8675681948661804
  ],
  "proxy_rewards": [
    1.0,
    1.0,
    1.0,
    1.0
  ],
  "proxy_improvements": [
    -0.7936974763870239,
    -0.9048320055007935,
    -1.0193322896957397,
    -1.0717519521713257
  ],
  "floor_reward_flags": [
    0.0,
    0.0,
    0.0,
    0.0
  ],
  "step_reward_std": [
    0.20541943609714508,
    0.0,
    0.2875872254371643,
    0.0
  ],
  "step_improvement_std": [
    0.002875367645174265,
    0.0,
    0.002184057142585516,
    2.220446049250313e-16
  ],
  "same_mask_repeat_std": [
    0.043873049318790436,
    0.018394136801362038,
    0.018506476655602455,
    0.0068955738097429276
  ],
  "proxy_actual_gain_corr": -0.6842514775242489,
  "surrogate_train_times_sec": [
    0.016567375510931015,
    0.013641375117003918,
    0.014454125426709652,
    0.01532712485641241
  ],
  "gfn_train_times_sec": [
    0.0,
    0.0,
    0.0,
    0.0
  ],
  "proposal_times_sec": [
    0.005657791160047054,
    0.0051527079194784164,
    0.005647416226565838,
    0.0054738749749958515
  ],
  "iteration_times_sec": [
    0.025178959593176842,
    0.021847208961844444,
    0.023217249661684036,
    0.02375645935535431
  ],
  "total_wall_time_sec": 0.09417112497612834
}
