{
  "seed": 1,
  "method": "random",
  "benchmark": "hartmann6",
  "spec_name": "main_v2",
  "regrets": [
    2.9186899662017822,
    2.9186899662017822,
    2.9186899662017822,
    2.9186899662017822
  ],
  "best_values": [
    0.40367794036865234,
    0.40367794036865234,
    0.40367794036865234,
    0.40367794036865234
  ],
  "queried_values": [
    0.24702861905097961,
    0.054573189467191696,
    0.07654843479394913,
    0.0380309633910656
  ],
  "actual_gains": [
    -0.15664932131767273,
    -0.34910476207733154,
    -0.3271295130252838,
    -0.36564698815345764
  ],
  "proxy_rewards": [
    1.0,
    1.0,
    1.0,
    1.0
  ],
  "proxy_improvements": [
    -0.12256619334220886,
    -0.13691678643226624,
    -0.1600462943315506,
    -0.15820738673210144
  ],
  "floor_reward_flags": [
    0.0,
    0.0,
    0.0,
    0.0
  ],
  "step_reward_std": [
    0.32513055205345154,
    0.0,
    0.362444132566452,
    0.3510209023952484
  ],
  "step_improvement_std": [
    0.0035479983780533075,
    2.7755575615628914e-17,
    0.0045220316387712955,
    0.00428711948916316
  ],
  "same_mask_repeat_std": [
    0.010591094382107258,
    0.017504245042800903,
    0.009379562921822071,
    0.006433169357478619
  ],
  "proxy_actual_gain_corr": 0.786111880867837,
  "surrogate_train_times_sec": [
    0.015426208265125751,
    0.013965625315904617,
    0.013161749579012394,
    0.014286957681179047
  ],
  "gfn_train_times_sec": [
    0.0,
    0.0,
    0.0,
    0.0
  ],
  "proposal_times_sec": [
    0.005351250059902668,
    0.005010667257010937,
    0.005436708219349384,
    0.005332957953214645
  ],
  "iteration_times_sec": [
    0.02365562506020069,
    0.022242791950702667,
    0.021449582651257515,
    0.022453874349594116
  ],
  "total_wall_time_sec": 0.0899640420684591
}
