{
  "summary": {
    "random": {
      "mean_regret": [
        19.984296798706055,
        19.984296798706055,
        19.984296798706055,
        19.984296798706055
      ],
      "std_regret": [
        0.4017200469970703,
        0.4017200469970703,
        0.4017200469970703,
        0.4017200469970703
      ],
      "mean_best_value": [
        -19.984296798706055,
        -19.984296798706055,
        -19.984296798706055,
        -19.984296798706055
      ],
      "std_best_value": [
        0.4017200469970703,
        0.4017200469970703,
        0.4017200469970703,
        0.4017200469970703
      ],
      "mean_query_value": [
        -21.254432678222656,
        -21.017026901245117,
        -21.213394165039062,
        -21.588024139404297
      ],
      "std_query_value": [
        0.12819671630859375,
        0.19698143005371094,
        0.09680557250976562,
        0.054203033447265625
      ],
      "final_regret_mean": 19.984296798706055,
      "final_regret_std": 0.4017200469970703,
      "floor_reward_fraction_mean": 0.0,
      "step_reward_std_mean": 0.24686527252197266,
      "same_mask_repeat_std_mean": 0.019201595336198807,
      "total_time_mean_sec": 0.07712731201900169
    },
    "gfn": {
      "mean_regret": [
        19.984296798706055,
        19.984296798706055,
        19.984296798706055,
        19.984296798706055
      ],
      "std_regret": [
        0.4017200469970703,
        0.4017200469970703,
        0.4017200469970703,
        0.4017200469970703
      ],
      "mean_best_value": [
        -19.984296798706055,
        -19.984296798706055,
        -19.984296798706055,
        -19.984296798706055
      ],
      "std_best_value": [
        0.4017200469970703,
        0.4017200469970703,
        0.4017200469970703,
        0.4017200469970703
      ],
      "mean_query_value": [
        -21.254432678222656,
        -21.41306495666504,
        -21.33799934387207,
        -21.095918655395508
      ],
      "std_query_value": [
        0.12819671630859375,
        0.2175312042236328,
        0.22141075134277344,
        0.35190773010253906
      ],
      "final_regret_mean": 19.984296798706055,
      "final_regret_std": 0.4017200469970703,
      "floor_reward_fraction_mean": 0.0,
      "step_reward_std_mean": 0.27302849292755127,
      "same_mask_repeat_std_mean": 0.02573397383093834,
      "total_time_mean_sec": 0.7666968954727054
    },
    "tradeoff": {
      "regret_gain_of_gfn": 0.0,
      "slowdown_factor": 9.940666612156999
    }
  },
  "random_trials": [
    {
      "seed": 0,
      "method": "random",
      "benchmark": "ackley10",
      "spec_name": "main_v2",
      "regrets": [
        19.582576751708984,
        19.582576751708984,
        19.582576751708984,
        19.582576751708984
      ],
      "best_values": [
        -19.582576751708984,
        -19.582576751708984,
        -19.582576751708984,
        -19.582576751708984
      ],
      "queried_values": [
        -21.126235961914062,
        -20.820045471191406,
        -21.116588592529297,
        -21.53382110595703
      ],
      "proxy_rewards": [
        1.0,
        1.0,
        1.0,
        1.0
      ],
      "proxy_improvements": [
        -0.8972894549369812,
        -1.1255806684494019,
        -1.0845526456832886,
        -1.1836766004562378
      ],
      "floor_reward_flags": [
        0.0,
        0.0,
        0.0,
        0.0
      ],
      "step_reward_std": [
        0.0,
        0.0,
        0.3265365958213806,
        0.32830408215522766
      ],
      "same_mask_repeat_std": [
        0.029077986255288124,
        0.02965773455798626,
        0.03265514597296715,
        0.022784212604165077
      ],
      "surrogate_train_times_sec": [
        0.013039832934737206,
        0.01094533409923315,
        0.01194674987345934,
        0.011207458563148975
      ],
      "gfn_train_times_sec": [
        0.0,
        0.0,
        0.0,
        0.0
      ],
      "proposal_times_sec": [
        0.004882458131760359,
        0.005009583197534084,
        0.005310208071023226,
        0.004849832970649004
      ],
      "iteration_times_sec": [
        0.020636791363358498,
        0.018504250794649124,
        0.02004224993288517,
        0.01892387494444847
      ],
      "total_wall_time_sec": 0.07811479095835239
    },
    {
      "seed": 1,
      "method": "random",
      "benchmark": "ackley10",
      "spec_name": "main_v2",
      "regrets": [
        20.386016845703125,
        20.386016845703125,
        20.386016845703125,
        20.386016845703125
      ],
      "best_values": [
        -20.386016845703125,
        -20.386016845703125,
        -20.386016845703125,
        -20.386016845703125
      ],
      "queried_values": [
        -21.38262939453125,
        -21.214008331298828,
        -21.310199737548828,
        -21.642227172851562
      ],
      "proxy_rewards": [
        1.0,
        1.0,
        1.0,
        1.0
      ],
      "proxy_improvements": [
        -0.477539598941803,
        -0.5299437642097473,
        -0.5727503895759583,
        -0.6364797353744507
      ],
      "floor_reward_flags": [
        0.0,
        0.0,
        0.0,
        0.0
      ],
      "step_reward_std": [
        0.3265365958213806,
        0.3105649948120117,
        0.31426969170570374,
        0.36871010065078735
      ],
      "same_mask_repeat_std": [
        0.0137556791305542,
        0.004729094915091991,
        0.012647578492760658,
        0.008305326104164124
      ],
      "surrogate_train_times_sec": [
        0.011643707752227783,
        0.01179479155689478,
        0.01130116730928421,
        0.011428000405430794
      ],
      "gfn_train_times_sec": [
        0.0,
        0.0,
        0.0,
        0.0
      ],
      "proposal_times_sec": [
        0.004896083846688271,
        0.004882374778389931,
        0.004802499897778034,
        0.004803874995559454
      ],
      "iteration_times_sec": [
        0.019207332283258438,
        0.019424540922045708,
        0.018714958801865578,
        0.018787167966365814
      ],
      "total_wall_time_sec": 0.076139833079651
    }
  ],
  "gfn_trials": [
    {
      "seed": 0,
      "method": "gfn",
      "benchmark": "ackley10",
      "spec_name": "main_v2",
      "regrets": [
        19.582576751708984,
        19.582576751708984,
        19.582576751708984,
        19.582576751708984
      ],
      "best_values": [
        -19.582576751708984,
        -19.582576751708984,
        -19.582576751708984,
        -19.582576751708984
      ],
      "queried_values": [
        -21.126235961914062,
        -21.195533752441406,
        -21.116588592529297,
        -21.447826385498047
      ],
      "proxy_rewards": [
        1.0,
        1.0,
        1.0,
        1.0
      ],
      "proxy_improvements": [
        -0.8972894549369812,
        -1.2050100564956665,
        -1.196420669555664,
        -1.1726371049880981
      ],
      "floor_reward_flags": [
        0.0,
        0.0,
        0.0,
        0.0
      ],
      "step_reward_std": [
        0.0,
        0.2814856767654419,
        0.3077572286128998,
        0.2929041087627411
      ],
      "same_mask_repeat_std": [
        0.04645517095923424,
        0.030125347897410393,
        0.018509527668356895,
        0.020751168951392174
      ],
      "surrogate_train_times_sec": [
        0.010988165624439716,
        0.013864291831851006,
        0.012819957919418812,
        0.013302374631166458
      ],
      "gfn_train_times_sec": [
        0.15189208090305328,
        0.19409699738025665,
        0.15008845925331116,
        0.149769589304924
      ],
      "proposal_times_sec": [
        0.1721518337726593,
        0.21455471217632294,
        0.17002296447753906,
        0.17021216452121735
      ],
      "iteration_times_sec": [
        0.18573082983493805,
        0.23118115961551666,
        0.18528078496456146,
        0.1861998289823532
      ],
      "total_wall_time_sec": 0.7883987079840153
    },
    {
      "seed": 1,