{
  "seed": 3,
  "method": "random",
  "benchmark": "hartmann6",
  "spec_name": "main_v2",
  "regrets": [
    0.3495436906814575,
    0.3495436906814575,
    0.3495436906814575,
    0.3495436906814575,
    0.3495436906814575,
    0.3495436906814575,
    0.3495436906814575,
    0.3495436906814575,
    0.3495436906814575,
    0.3495436906814575,
    0.3495436906814575,
    0.3495436906814575,
    0.3495436906814575,
    0.3495436906814575,
    0.3495436906814575,
    0.3495436906814575,
    0.3495436906814575,
    0.3495436906814575,
    0.3495436906814575,
    0.3495436906814575,
    0.3495436906814575,
    0.3495436906814575
  ],
  "best_values": [
    2.9728243350982666,
    2.9728243350982666,
    2.9728243350982666,
    2.9728243350982666,
    2.9728243350982666,
    2.9728243350982666,
    2.9728243350982666,
    2.9728243350982666,
    2.9728243350982666,
    2.9728243350982666,
    2.9728243350982666,
    2.9728243350982666,
    2.9728243350982666,
    2.9728243350982666,
    2.9728243350982666,
    2.9728243350982666,
    2.9728243350982666,
    2.9728243350982666,
    2.9728243350982666,
    2.9728243350982666,
    2.9728243350982666,
    2.9728243350982666
  ],
  "queried_values": [
    2.9728243350982666,
    1.9622371196746826,
    2.58174991607666,
    1.285707712173462,
    0.8906206488609314,
    0.6431527137756348,
    1.859994888305664,
    0.4718663990497589,
    2.891570568084717,
    2.3111984729766846,
    1.4050211906433105,
    1.6073447465896606,
    2.5946357250213623,
    1.9618117809295654,
    1.310901165008545,
    2.592057466506958,
    2.020920753479004,
    1.8347654342651367,
    2.0803062915802,
    2.2428970336914062,
    2.1294679641723633,
    2.2620599269866943
  ],
  "actual_gains": [
    0.30190563201904297,
    -1.010587215423584,
    -0.39107441902160645,
    -1.6871166229248047,
    -2.0822036266326904,
    -2.329671621322632,
    -1.1128294467926025,
    -2.50095796585083,
    -0.0812537670135498,
    -0.661625862121582,
    -1.567803144454956,
    -1.365479588508606,
    -0.3781886100769043,
    -1.0110125541687012,
    -1.6619231700897217,
    -0.3807668685913086,
    -0.9519035816192627,
    -1.1380589008331299,
    -0.8925180435180664,
    -0.7299273014068604,
    -0.8433563709259033,
    -0.7107644081115723
  ],
  "proxy_rewards": [
    1.0,
    1.0,
    1.0,
    1.0,
    1.0,
    1.0,
    1.0,
    1.0,
    1.0,
    1.0,
    1.0,
    1.0,
    1.0,
    1.0,
    1.0,
    1.0,
    1.0,
    1.0,
    1.0,
    1.0,
    1.0,
    1.0
  ],
  "proxy_improvements": [
    0.30494797229766846,
    -0.0327288992702961,
    -0.1799672245979309,
    -0.17209219932556152,
    -0.17430225014686584,
    -0.0944061353802681,
    -0.7146518230438232,
    -0.6963079571723938,
    -0.43375343084335327,
    -0.46703872084617615,
    -0.6192808747291565,
    -0.9563748836517334,
    -0.5783330202102661,
    -0.980988085269928,
    -0.816981315612793,
    -0.906309187412262,
    -0.9266045093536377,
    -0.7385219931602478,
    -0.9807933568954468,
    -0.7837088108062744,
    -0.44279566407203674,
    -0.828906774520874
  ],
  "floor_reward_flags": [
    0.0,
    0.0,
    0.0,
    0.0,
    0.0,
    0.0,
    0.0,
    0.0,
    0.0,
    0.0,
    0.0,
    0.0,
    0.0,
    0.0,
    0.0,
    0.0,
    0.0,
    0.0,
    0.0,
    0.0,
    0.0,
    0.0
  ],
  "step_reward_std": [
    0.27233970165252686,
    0.21250809729099274,
    0.0,
    0.10047151148319244,
    0.10047151148319244,
    0.10047151148319244,
    0.21062242984771729,
    0.32296767830848694,
    0.2269326150417328,
    0.241041362285614,
    0.0,
    0.24502001702785492,
    0.2134125828742981,
    0.3591310977935791,
    0.32403451204299927,
    0.33213868737220764,
    0.257790207862854,
    0.23203890025615692,
    0.3507275879383087,
    0.3683827221393585,
    0.3288819491863251,
    0.37938839197158813
  ],
  "step_improvement_std": [
    0.0032704556360840797,
    0.027949564158916473,
    0.0,
    0.03731418028473854,
    0.023654146119952202,
    0.03068866953253746,
    0.01897960901260376,
    0.010466299951076508,
    0.018174774944782257,
    0.1210658922791481,
    1.1102230246251565e-16,
    0.02884463034570217,
    0.043076034635305405,
    0.04202774167060852,
    0.006575299426913261,
    0.03285824507474899,
    0.08871756494045258,
    0.043406855314970016,
    0.07468170672655106,
    0.07899349182844162,
    0.027501925826072693,
    0.1021004170179367
  ],
  "same_mask_repeat_std": [
    0.1980266571044922,
    0.08891420066356659,
    0.08817752450704575,
    0.09705761075019836,
    0.16175617277622223,
    0.12364071607589722,
    0.07400842756032944,
    0.11141180247068405,
    0.0617038756608963,
    0.14617794752120972,
    0.05908089131116867,
    0.23916563391685486,
    0.22039636969566345,
    0.1310402899980545,
    0.1318279355764389,
    0.16142702102661133,
    0.1307796686887741,
    0.06155451759696007,
    0.11950690299272537,
    0.14252138137817383,
    0.05872809886932373,
    0.12509693205356598
  ],
  "proxy_actual_gain_corr": 0.07301695278033132,
  "surrogate_train_times_sec": [
    0.08865820616483688,
    0.08639416843652725,
    0.08669162541627884,
    0.08240921050310135,
    0.08255399763584137,
    0.08133479207754135,
    0.08147449791431427,
    0.08304837346076965,
    0.08119475096464157,
    0.08518949896097183,
    0.09339278936386108,
    0.09389091283082962,
    0.09608383476734161,
    0.0872451663017273,
    0.10503220558166504,
    0.09130600094795227,
    0.08889137208461761,
    0.09585462510585785,
    0.08663579076528549,
    0.08701270818710327,
    0.08359762281179428,
    0.08575282990932465
  ],
  "gfn_train_times_sec": [
    0.0,
    0.0,
    0.0,
    0.0,
    0.0,
    0.0,
    0.0,
    0.0,
    0.0,
    0.0,
    0.0,
    0.0,
    0.0,
    0.0,
    0.0,
    0.0,
    0.0,
    0.0,
    0.0,
    0.0,
    0.0,
    0.0
  ],
  "proposal_times_sec": [
    0.17547741532325745,
    0.16841816902160645,
    0.15992429852485657,
    0.16008174419403076,
    0.1603926718235016,
    0.15751203894615173,
    0.16066612303256989,
    0.15784695744514465,
    0.1649131178855896,
    0.1621398776769638,
    0.16605408489704132,
    0.16752316057682037,
    0.1730348765850067,
    0.16497941315174103,
    0.17323903739452362,
    0.16635870933532715,
    0.1720435470342636,
    0.16564062237739563,
    0.16753879189491272,
    0.160671204328537,
    0.16086095571517944,
    0.16058996319770813
  ],
  "iteration_times_sec": [
    0.2749727964401245,
    0.26585087180137634,
    0.2571139931678772,
    0.25301557779312134,
    0.25370559096336365,
    0.24957790970802307,
    0.25190621614456177,
    0.2513619661331177,
    0.2564639151096344,
    0.25870704650878906,
    0.27050429582595825,
    0.27266979217529297,
    0.2798742353916168,
    0.26313328742980957,
    0.2901194989681244,
    0.268976092338562,
    0.27309319376945496,
    0.271434485912323,
    0.26458659768104553,
    0.25809112191200256,
    0.25476786494255066,
    0.2563680112361908
  ],
  "total_wall_time_sec": 5.79710075003095
}
