{
  "seed": 2,
  "method": "random",
  "benchmark": "hartmann6",
  "spec_name": "main_v2",
  "regrets": [
    2.634408473968506,
    2.634408473968506,
    1.3383277654647827,
    1.3383277654647827,
    1.1122335195541382,
    1.1122335195541382,
    1.0760637521743774,
    1.0760637521743774,
    1.0760637521743774,
    1.0760637521743774,
    0.7317177057266235,
    0.7317177057266235,
    0.7317177057266235,
    0.7317177057266235,
    0.7317177057266235,
    0.7317177057266235,
    0.4668525457382202,
    0.4668525457382202,
    0.4668525457382202,
    0.4668525457382202,
    0.4668525457382202,
    0.4668525457382202
  ],
  "best_values": [
    0.6879595518112183,
    0.6879595518112183,
    1.9840402603149414,
    1.9840402603149414,
    2.210134506225586,
    2.210134506225586,
    2.2463042736053467,
    2.2463042736053467,
    2.2463042736053467,
    2.2463042736053467,
    2.5906503200531006,
    2.5906503200531006,
    2.5906503200531006,
    2.5906503200531006,
    2.5906503200531006,
    2.5906503200531006,
    2.855515480041504,
    2.855515480041504,
    2.855515480041504,
    2.855515480041504,
    2.855515480041504,
    2.855515480041504
  ],
  "queried_values": [
    0.30033135414123535,
    0.3371184170246124,
    1.9840402603149414,
    0.174453467130661,
    2.210134506225586,
    0.5582188963890076,
    2.2463042736053467,
    1.1832143068313599,
    1.2298765182495117,
    1.600060224533081,
    2.5906503200531006,
    1.8814043998718262,
    2.402982234954834,
    1.677904725074768,
    1.854476809501648,
    2.4276037216186523,
    2.855515480041504,
    2.4386227130889893,
    2.8117752075195312,
    2.3147153854370117,
    2.385819673538208,
    1.2141448259353638
  ],
  "actual_gains": [
    -0.3876281976699829,
    -0.35084113478660583,
    1.2960807085037231,
    -1.809586763381958,
    0.22609424591064453,
    -1.6519155502319336,
    0.03616976737976074,
    -1.0630899667739868,
    -1.016427755355835,
    -0.6462440490722656,
    0.3443460464477539,
    -0.7092459201812744,
    -0.1876680850982666,
    -0.9127455949783325,
    -0.7361735105514526,
    -0.16304659843444824,
    0.2648651599884033,
    -0.41689276695251465,
    -0.043740272521972656,
    -0.5408000946044922,
    -0.4696958065032959,
    -1.6413706541061401
  ],
  "proxy_rewards": [
    1.0,
    1.0,
    1.0,
    1.0,
    1.0,
    1.0,
    1.0,
    1.0,
    1.0,
    1.0,
    1.0,
    1.0,
    1.0,
    1.0,
    1.0,
    1.0,
    1.0,
    1.0,
    1.0,
    1.0,
    1.0,
    1.0
  ],
  "proxy_improvements": [
    -0.023023881018161774,
    -0.15939046442508698,
    -0.15721739828586578,
    0.3577813506126404,
    -0.5387024879455566,
    -0.40729567408561707,
    -0.3417160212993622,
    -0.362609326839447,
    -0.4675635099411011,
    -0.33406582474708557,
    -0.3747686445713043,
    -0.38386911153793335,
    -0.31536048650741577,
    -0.31984370946884155,
    -0.5736005902290344,
    -0.44224005937576294,
    -0.49846193194389343,
    -0.4561680555343628,
    -0.40552669763565063,
    -0.40751051902770996,
    -0.17827802896499634,
    -0.36160486936569214
  ],
  "floor_reward_flags": [
    0.0,
    0.0,
    0.0,
    0.0,
    0.0,
    0.0,
    0.0,
    0.0,
    0.0,
    0.0,
    0.0,
    0.0,
    0.0,
    0.0,
    0.0,
    0.0,
    0.0,
    0.0,
    0.0,
    0.0,
    0.0,
    0.0
  ],
  "step_reward_std": [
    0.33053600788116455,
    0.3515036702156067,
    0.28202152252197266,
    0.28202152252197266,
    0.1685553640127182,
    0.3676842451095581,
    0.35310831665992737,
    0.37378934025764465,
    0.3397940695285797,
    0.3585318922996521,
    0.3481246531009674,
    0.2641542851924896,
    0.0,
    0.3606410324573517,
    0.2307821810245514,
    0.21250809729099274,
    0.3489687144756317,
    0.3598838746547699,
    0.36889421939849854,
    0.35387611389160156,
    0.0,
    0.36670082807540894
  ],
  "step_improvement_std": [
    0.01337075512856245,
    0.01953098736703396,
    0.008084554225206375,
    0.02910076081752777,
    0.02537098340690136,
    0.05982494726777077,
    0.027808181941509247,
    0.051481615751981735,
    0.05820459872484207,
    0.03303005173802376,
    0.03698532283306122,
    0.033243805170059204,
    0.0,
    0.11242464184761047,
    0.05198468640446663,
    0.04424619302153587,
    0.08921558409929276,
    0.1264425665140152,
    0.04434670880436897,
    0.03462311252951622,
    0.0,
    0.04797259345650673
  ],
  "same_mask_repeat_std": [
    0.015596801415085793,
    0.011869706213474274,
    0.009357014670968056,
    0.11923869699239731,
    0.03427891433238983,
    0.08148213475942612,
    0.11403242498636246,
    0.20192410051822662,
    0.06705954670906067,
    0.052157383412122726,
    0.060186825692653656,
    0.10951871424913406,
    0.20623646676540375,
    0.06320838630199432,
    0.08428474515676498,
    0.06970405578613281,
    0.09406350553035736,
    0.18265283107757568,
    0.0779975950717926,
    0.05275896564126015,
    0.09820937365293503,
    0.07247892767190933
  ],
  "proxy_actual_gain_corr": -0.21136836583654425,
  "surrogate_train_times_sec": [
    0.08829528838396072,
    0.08284395933151245,
    0.08495379239320755,
    0.08665779232978821,
    0.08134504407644272,
    0.08142616599798203,
    0.0819869190454483,
    0.08203037828207016,
    0.09376958012580872,
    0.08167866617441177,
    0.08426728844642639,
    0.08757779002189636,
    0.08223237842321396,
    0.0890950858592987,
    0.09060224890708923,
    0.08578933775424957,
    0.08790232986211777,
    0.08892316371202469,
    0.09173570573329926,
    0.08944900333881378,
    0.08740295469760895,
    0.08684974908828735
  ],
  "gfn_train_times_sec": [
    0.0,
    0.0,
    0.0,
    0.0,
    0.0,
    0.0,
    0.0,
    0.0,
    0.0,
    0.0,
    0.0,
    0.0,
    0.0,
    0.0,
    0.0,
    0.0,
    0.0,
    0.0,
    0.0,
    0.0,
    0.0,
    0.0
  ],
  "proposal_times_sec": [
    0.16611242294311523,
    0.160347118973732,
    0.15937462449073792,
    0.15779462456703186,
    0.16049128770828247,
    0.15844270586967468,
    0.15875904262065887,
    0.16801895201206207,
    0.1613236665725708,
    0.15831899642944336,
    0.16494303941726685,
    0.16156978905200958,
    0.18870508670806885,
    0.16387470066547394,
    0.16422216594219208,
    0.16615062952041626,
    0.1664147973060608,
    0.16858845949172974,
    0.1685740351676941,
    0.1684054136276245,
    0.16977457702159882,
    0.16296221315860748
  ],
  "iteration_times_sec": [
    0.2647746801376343,
    0.2537062466144562,
    0.25461700558662415,
    0.2545400559902191,
    0.25228583812713623,
    0.24961328506469727,
    0.25098904967308044,
    0.26184025406837463,
    0.2654412090778351,
    0.24968628585338593,
    0.26039934158325195,
    0.25918492674827576,
    0.28296053409576416,
    0.26422667503356934,
    0.2652573883533478,
    0.26191848516464233,
    0.2655617594718933,
    0.26916825771331787,
    0.27089524269104004,
    0.2688312828540802,
    0.2682051658630371,
    0.26063886284828186
  ],
  "total_wall_time_sec": 5.755573333008215
}
