{
  "seed": 1,
  "method": "random",
  "benchmark": "hartmann6",
  "spec_name": "main_v2",
  "regrets": [
    2.2951037883758545,
    2.2951037883758545,
    1.5915000438690186,
    1.5915000438690186,
    1.5915000438690186,
    1.5915000438690186,
    1.5915000438690186,
    1.5915000438690186,
    1.5915000438690186,
    1.5915000438690186,
    1.5915000438690186,
    1.5915000438690186,
    1.5915000438690186,
    1.5915000438690186,
    1.5915000438690186,
    1.5915000438690186,
    1.5915000438690186,
    1.5915000438690186,
    1.5915000438690186,
    1.5915000438690186,
    1.5915000438690186,
    1.5915000438690186
  ],
  "best_values": [
    1.0272642374038696,
    1.0272642374038696,
    1.7308679819107056,
    1.7308679819107056,
    1.7308679819107056,
    1.7308679819107056,
    1.7308679819107056,
    1.7308679819107056,
    1.7308679819107056,
    1.7308679819107056,
    1.7308679819107056,
    1.7308679819107056,
    1.7308679819107056,
    1.7308679819107056,
    1.7308679819107056,
    1.7308679819107056,
    1.7308679819107056,
    1.7308679819107056,
    1.7308679819107056,
    1.7308679819107056,
    1.7308679819107056,
    1.7308679819107056
  ],
  "queried_values": [
    0.3958604037761688,
    0.6155358552932739,
    1.7308679819107056,
    0.7313073873519897,
    1.4941726922988892,
    0.4158936142921448,
    1.1723138093948364,
    1.2514487504959106,
    0.3960282802581787,
    1.534669041633606,
    1.2094084024429321,
    1.4031249284744263,
    0.7525395154953003,
    1.7234294414520264,
    0.852267861366272,
    1.3105579614639282,
    0.9803026914596558,
    1.7176029682159424,
    1.4544317722320557,
    1.5308388471603394,
    1.4263653755187988,
    1.4566142559051514
  ],
  "actual_gains": [
    -0.6314038038253784,
    -0.4117283821105957,
    0.7036037445068359,
    -0.9995605945587158,
    -0.2366952896118164,
    -1.314974308013916,
    -0.5585541725158691,
    -0.4794192314147949,
    -1.3348397016525269,
    -0.1961989402770996,
    -0.5214595794677734,
    -0.3277430534362793,
    -0.9783284664154053,
    -0.007438540458679199,
    -0.8786001205444336,
    -0.42031002044677734,
    -0.7505652904510498,
    -0.013265013694763184,
    -0.2764362096786499,
    -0.2000291347503662,
    -0.30450260639190674,
    -0.2742537260055542
  ],
  "proxy_rewards": [
    1.0,
    1.0,
    1.0,
    1.0,
    1.0,
    1.0,
    1.0,
    1.0,
    1.0,
    1.0,
    1.0,
    1.0,
    1.0,
    1.0,
    1.0,
    1.0,
    1.0,
    1.0,
    1.0,
    1.0,
    1.0,
    1.0
  ],
  "proxy_improvements": [
    0.6281667351722717,
    0.07675260305404663,
    -0.19858519732952118,
    0.2622659206390381,
    -0.6325988173484802,
    -0.20374545454978943,
    -0.31968551874160767,
    -0.4896099269390106,
    -0.23672790825366974,
    -0.4825024902820587,
    -0.030628317967057228,
    -0.15681080520153046,
    -0.31140607595443726,
    -0.1913890391588211,
    -0.3580065369606018,
    -0.4811420440673828,
    -0.4306207597255707,
    -0.3939467966556549,
    -0.36955612897872925,
    -0.25663939118385315,
    -0.25858813524246216,
    -0.2729460895061493
  ],
  "floor_reward_flags": [
    0.0,
    0.0,
    0.0,
    0.0,
    0.0,
    0.0,
    0.0,
    0.0,
    0.0,
    0.0,
    0.0,
    0.0,
    0.0,
    0.0,
    0.0,
    0.0,
    0.0,
    0.0,
    0.0,
    0.0,
    0.0,
    0.0
  ],
  "step_reward_std": [
    0.30201151967048645,
    0.3696024715900421,
    0.31387972831726074,
    0.31413957476615906,
    0.3772132694721222,
    0.37337714433670044,
    0.37638527154922485,
    0.30854329466819763,
    0.16977252066135406,
    0.3637953996658325,
    0.3469964563846588,
    0.13985058665275574,
    0.3461637496948242,
    0.2303469330072403,
    0.380238801240921,
    0.31632405519485474,
    0.3824000060558319,
    0.3696846067905426,
    0.36031100153923035,
    0.3493882417678833,
    0.26138195395469666,
    0.3610943555831909
  ],
  "step_improvement_std": [
    0.010498227551579475,
    0.010446342639625072,
    0.024623917415738106,
    0.014369110576808453,
    0.02980290725827217,
    0.0562019981443882,
    0.038816384971141815,
    0.04323674365878105,
    0.027811894193291664,
    0.01718166470527649,
    0.03834376484155655,
    0.016316164284944534,
    0.0710243359208107,
    0.08982384949922562,
    0.07134167850017548,
    0.021077604964375496,
    0.04984784871339798,
    0.020536815747618675,
    0.05264337733387947,
    0.016024528071284294,
    0.0365959070622921,
    0.0513010248541832
  ],
  "same_mask_repeat_std": [
    0.0706198513507843,
    0.015287922695279121,
    0.025312459096312523,
    0.04057895764708519,
    0.01947166956961155,
    0.07218154519796371,
    0.037629563361406326,
    0.04125949367880821,
    0.015123019926249981,
    0.06986865401268005,
    0.07583790272474289,
    0.05089635029435158,
    0.03284146636724472,
    0.06963583827018738,
    0.06298594176769257,
    0.07855921983718872,
    0.09477819502353668,
    0.047665368765592575,
    0.11436635255813599,
    0.04844255372881889,
    0.0813792273402214,
    0.042436834424734116
  ],
  "proxy_actual_gain_corr": -0.1808421888868286,
  "surrogate_train_times_sec": [
    0.08615037798881531,
    0.08196724951267242,
    0.08393091708421707,
    0.08155087381601334,
    0.08175162225961685,
    0.08523037284612656,
    0.0810636654496193,
    0.08215724676847458,
    0.08574146032333374,
    0.0849950835108757,
    0.08073683083057404,
    0.08254154026508331,
    0.09127046167850494,
    0.07985945791006088,
    0.08110500127077103,
    0.0795685425400734,
    0.08017650246620178,
    0.08068137615919113,
    0.08329804241657257,
    0.08367208391427994,
    0.08372904360294342,
    0.08076158165931702
  ],
  "gfn_train_times_sec": [
    0.0,
    0.0,
    0.0,
    0.0,
    0.0,
    0.0,
    0.0,
    0.0,
    0.0,
    0.0,
    0.0,
    0.0,
    0.0,
    0.0,
    0.0,
    0.0,
    0.0,
    0.0,
    0.0,
    0.0,
    0.0,
    0.0
  ],
  "proposal_times_sec": [
    0.1653607040643692,
    0.16227279603481293,
    0.1617298275232315,
    0.1620282083749771,
    0.1620708703994751,
    0.16130225360393524,
    0.16279157996177673,
    0.16338449716567993,
    0.16082003712654114,
    0.16001567244529724,
    0.16103504598140717,
    0.16507992148399353,
    0.18333233892917633,
    0.16031737625598907,
    0.16194754838943481,
    0.1572410762310028,
    0.16026446223258972,
    0.15908291935920715,
    0.16091983020305634,
    0.16200150549411774,
    0.1579599529504776,
    0.15617050230503082
  ],
  "iteration_times_sec": [
    0.26187941431999207,
    0.2555243670940399,
    0.2557445466518402,
    0.25428223609924316,
    0.2543290853500366,
    0.2569139897823334,
    0.25427091121673584,
    0.2562963366508484,
    0.25683149695396423,
    0.2555949091911316,
    0.2522681653499603,
    0.260253369808197,
    0.2843025028705597,
    0.2497951239347458,
    0.25307992100715637,
    0.2470509558916092,
    0.250812292098999,
    0.24971416592597961,
    0.2546379566192627,
    0.2560412585735321,
    0.25153228640556335,
    0.24718433618545532
  ],
  "total_wall_time_sec": 5.619147834018804
}
