{
  "seed": 4,
  "method": "random",
  "benchmark": "hartmann6",
  "spec_name": "main_v2",
  "regrets": [
    2.595411539077759,
    2.4825103282928467,
    2.4825103282928467,
    1.9617711305618286,
    1.9617711305618286,
    1.6171092987060547,
    1.6171092987060547,
    1.6171092987060547,
    1.6171092987060547,
    1.6171092987060547,
    1.6090513467788696,
    1.4089022874832153,
    1.4089022874832153,
    1.4089022874832153,
    1.0062836408615112,
    1.0062836408615112,
    1.0062836408615112,
    1.0062836408615112,
    1.0062836408615112,
    1.0062836408615112,
    1.0062836408615112,
    1.0062836408615112
  ],
  "best_values": [
    0.7269565463066101,
    0.8398576974868774,
    0.8398576974868774,
    1.3605968952178955,
    1.3605968952178955,
    1.7052587270736694,
    1.7052587270736694,
    1.7052587270736694,
    1.7052587270736694,
    1.7052587270736694,
    1.7133166790008545,
    1.9134657382965088,
    1.9134657382965088,
    1.9134657382965088,
    2.316084384918213,
    2.316084384918213,
    2.316084384918213,
    2.316084384918213,
    2.316084384918213,
    2.316084384918213,
    2.316084384918213,
    2.316084384918213
  ],
  "queried_values": [
    0.1749078780412674,
    0.8398576974868774,
    0.008666721172630787,
    1.3605968952178955,
    0.6705702543258667,
    1.7052587270736694,
    1.4893516302108765,
    0.6291182637214661,
    1.3761875629425049,
    0.5545070171356201,
    1.7133166790008545,
    1.9134657382965088,
    1.1104669570922852,
    1.2081130743026733,
    2.316084384918213,
    1.2097210884094238,
    0.7024150490760803,
    2.110081672668457,
    0.5958972573280334,
    2.0351192951202393,
    2.247189998626709,
    2.0718822479248047
  ],
  "actual_gains": [
    -0.5520486831665039,
    0.11290115118026733,
    -0.8311910033226013,
    0.5207391977310181,
    -0.6900266408920288,
    0.3446618318557739,
    -0.21590709686279297,
    -1.0761404037475586,
    -0.32907116413116455,
    -1.1507517099380493,
    0.008057951927185059,
    0.2001490592956543,
    -0.8029987812042236,
    -0.7053526639938354,
    0.4026186466217041,
    -1.106363296508789,
    -1.6136693954467773,
    -0.20600271224975586,
    -1.7201871871948242,
    -0.28096508979797363,
    -0.0688943862915039,
    -0.2442021369934082
  ],
  "proxy_rewards": [
    1.0,
    1.0,
    1.0,
    1.0,
    1.0,
    1.0,
    1.0,
    1.0,
    1.0,
    1.0,
    1.0,
    1.0,
    1.0,
    1.0,
    1.0,
    1.0,
    1.0,
    1.0,
    1.0,
    1.0,
    1.0,
    1.0
  ],
  "proxy_improvements": [
    0.09489282965660095,
    0.059904731810092926,
    0.05042475089430809,
    0.07679314911365509,
    0.06365516036748886,
    -0.17402900755405426,
    -0.1834276169538498,
    -0.3514830768108368,
    -0.32838666439056396,
    -0.3046543002128601,
    -0.23114024102687836,
    -0.019648965448141098,
    0.08062738925218582,
    -0.34706464409828186,
    -0.33064067363739014,
    -0.6289591789245605,
    -0.8532810211181641,
    -0.5946847200393677,
    -0.9298577904701233,
    -0.5775772333145142,
    -0.2742575407028198,
    -0.22292013466358185
  ],
  "floor_reward_flags": [
    0.0,
    0.0,
    0.0,
    0.0,
    0.0,
    0.0,
    0.0,
    0.0,
    0.0,
    0.0,
    0.0,
    0.0,
    0.0,
    0.0,
    0.0,
    0.0,
    0.0,
    0.0,
    0.0,
    0.0,
    0.0,
    0.0
  ],
  "step_reward_std": [
    0.34966909885406494,
    0.327517032623291,
    0.17037442326545715,
    0.317706823348999,
    0.0,
    0.1915002167224884,
    0.1685553640127182,
    0.37459081411361694,
    0.3315112590789795,
    0.30922210216522217,
    0.10047151148319244,
    0.24492359161376953,
    0.2954447567462921,
    0.0,
    0.3574824035167694,
    0.29896020889282227,
    0.31509310007095337,
    0.32995158433914185,
    0.3226943016052246,
    0.2303469330072403,
    0.2875872254371643,
    0.10047151148319244
  ],
  "step_improvement_std": [
    0.01694236695766449,
    0.00979677215218544,
    0.02114197611808777,
    0.019227957352995872,
    0.0,
    0.0162254236638546,
    0.007975551299750805,
    0.045315518975257874,
    0.021105794236063957,
    0.03652879595756531,
    0.007166618015617132,
    0.029635008424520493,
    0.015433561988174915,
    5.551115123125783e-17,
    0.050956640392541885,
    0.03792952746152878,
    0.03315725550055504,
    0.012975257821381092,
    0.0479372963309288,
    0.047779377549886703,
    0.0006255273474380374,
    0.043761733919382095
  ],
  "same_mask_repeat_std": [
    0.02645496279001236,
    0.01599479466676712,
    0.02251589484512806,
    0.01035419013351202,
    0.0064859106205403805,
    0.04419421777129173,
    0.041129302233457565,
    0.05436926335096359,
    0.058645859360694885,
    0.09908521920442581,
    0.029631253331899643,
    0.051249608397483826,
    0.08678966015577316,
    0.06316006183624268,
    0.041889943182468414,
    0.025566592812538147,
    0.06822622567415237,
    0.043498069047927856,
    0.07420752942562103,
    0.13932238519191742,
    0.09063583612442017,
    0.13315904140472412
  ],
  "proxy_actual_gain_corr": 0.5288721234919604,
  "surrogate_train_times_sec": [
    0.08236929029226303,
    0.08303120732307434,
    0.08467620611190796,
    0.08212358504533768,
    0.08529091626405716,
    0.08306825160980225,
    0.08470066636800766,
    0.0855596661567688,
    0.08255741745233536,
    0.08427516371011734,
    0.08332283049821854,
    0.08580091595649719,
    0.08349154144525528,
    0.0820651650428772,
    0.08172587305307388,
    0.08189824968576431,
    0.08272708207368851,
    0.08363945782184601,
    0.08053937554359436,
    0.09596282988786697,
    0.08278624713420868,
    0.08877892047166824
  ],
  "gfn_train_times_sec": [
    0.0,
    0.0,
    0.0,
    0.0,
    0.0,
    0.0,
    0.0,
    0.0,
    0.0,
    0.0,
    0.0,
    0.0,
    0.0,
    0.0,
    0.0,
    0.0,
    0.0,
    0.0,
    0.0,
    0.0,
    0.0,
    0.0
  ],
  "proposal_times_sec": [
    0.1614597886800766,
    0.1598110795021057,
    0.1603800356388092,
    0.16185107827186584,
    0.1623922437429428,
    0.16109508275985718,
    0.18005450069904327,
    0.16314658522605896,
    0.16191229224205017,
    0.1617680788040161,
    0.16997824609279633,
    0.1594468355178833,
    0.1577613353729248,
    0.15899421274662018,
    0.16060833632946014,
    0.16116657853126526,
    0.1583808809518814,
    0.15721949934959412,
    0.15604883432388306,
    0.1577785760164261,
    0.17122720181941986,
    0.16424167156219482
  ],
  "iteration_times_sec": [
    0.2538950741291046,
    0.25267329812049866,
    0.2557032108306885,
    0.2547842562198639,
    0.25756120681762695,
    0.2547623813152313,
    0.2753342092037201,
    0.2594296634197235,
    0.25454720854759216,
    0.2568177878856659,
    0.2641688883304596,
    0.25585851073265076,
    0.2511137127876282,
    0.2513386607170105,
    0.25220680236816406,
    0.2534329295158386,
    0.25100794434547424,
    0.2514966130256653,
    0.24663850665092468,
    0.26401886343955994,
    0.26395371556282043,
    0.2642418444156647
  ],
  "total_wall_time_sec": 5.645812999922782
}
