{
  "seed": 0,
  "method": "random",
  "benchmark": "hartmann6",
  "spec_name": "main_v2",
  "regrets": [
    2.2685537338256836,
    2.2685537338256836,
    2.144392251968384,
    2.144392251968384,
    1.4342378377914429,
    1.4342378377914429,
    1.0770941972732544,
    1.0770941972732544,
    0.6756261587142944,
    0.6756261587142944,
    0.6756261587142944,
    0.6756261587142944,
    0.6756261587142944,
    0.6756261587142944,
    0.14202676713466644,
    0.14202676713466644,
    0.14202676713466644,
    0.14202676713466644,
    0.14202676713466644,
    0.14202676713466644,
    0.14202676713466644,
    0.14202676713466644
  ],
  "best_values": [
    1.0538142919540405,
    1.0538142919540405,
    1.1779757738113403,
    1.1779757738113403,
    1.8881301879882812,
    1.8881301879882812,
    2.2452738285064697,
    2.2452738285064697,
    2.6467418670654297,
    2.6467418670654297,
    2.6467418670654297,
    2.6467418670654297,
    2.6467418670654297,
    2.6467418670654297,
    3.1803412437438965,
    3.1803412437438965,
    3.1803412437438965,
    3.1803412437438965,
    3.1803412437438965,
    3.1803412437438965,
    3.1803412437438965,
    3.1803412437438965
  ],
  "queried_values": [
    1.0538142919540405,
    0.6099076271057129,
    1.1779757738113403,
    0.6070042848587036,
    1.8881301879882812,
    0.7336748838424683,
    2.2452738285064697,
    0.7926336526870728,
    2.6467418670654297,
    1.1649668216705322,
    1.8791618347167969,
    0.8620449900627136,
    2.5455801486968994,
    1.973010540008545,
    3.1803412437438965,
    2.955413579940796,
    2.4360554218292236,
    1.3406051397323608,
    2.266970157623291,
    1.110155463218689,
    2.699977397918701,
    1.265340805053711
  ],
  "actual_gains": [
    0.119270920753479,
    -0.44390666484832764,
    0.1241614818572998,
    -0.5709714889526367,
    0.7101544141769409,
    -1.154455304145813,
    0.3571436405181885,
    -1.452640175819397,
    0.40146803855895996,
    -1.4817750453948975,
    -0.7675800323486328,
    -1.7846968173980713,
    -0.10116171836853027,
    -0.6737313270568848,
    0.5335993766784668,
    -0.22492766380310059,
    -0.7442858219146729,
    -1.8397361040115356,
    -0.9133710861206055,
    -2.070185661315918,
    -0.4803638458251953,
    -1.9150004386901855
  ],
  "proxy_rewards": [
    1.0,
    1.0,
    1.0,
    1.0,
    1.0,
    1.0,
    1.0,
    1.0,
    1.0,
    1.0,
    1.0,
    1.0,
    1.0,
    1.0,
    1.0,
    1.0,
    1.0,
    1.0,
    1.0,
    1.0,
    1.0,
    1.0
  ],
  "proxy_improvements": [
    -0.009851744398474693,
    0.15675276517868042,
    0.012685549445450306,
    -0.06172062084078789,
    0.08028638362884521,
    0.14374643564224243,
    -0.30713972449302673,
    -0.11068947613239288,
    -0.6612284779548645,
    -0.7241340279579163,
    -0.5553707480430603,
    -0.8405439257621765,
    -0.7524251341819763,
    -0.6890146732330322,
    -0.6344034075737,
    -0.7291162610054016,
    -0.5749546885490417,
    -0.899517834186554,
    -0.5109602808952332,
    -0.9009329080581665,
    -0.7621449828147888,
    -0.9454873204231262
  ],
  "floor_reward_flags": [
    0.0,
    0.0,
    0.0,
    0.0,
    0.0,
    0.0,
    0.0,
    0.0,
    0.0,
    0.0,
    0.0,
    0.0,
    0.0,
    0.0,
    0.0,
    0.0,
    0.0,
    0.0,
    0.0,
    0.0,
    0.0,
    0.0
  ],
  "step_reward_std": [
    0.3409440517425537,
    0.10047151148319244,
    0.10047151148319244,
    0.3346360921859741,
    0.1685553640127182,
    0.3209003508090973,
    0.24846403300762177,
    0.3391299843788147,
    0.34630683064460754,
    0.2559671103954315,
    0.0,
    0.3563523292541504,
    0.1697658747434616,
    0.16977252066135406,
    0.3127661645412445,
    0.3171347379684448,
    0.2303469330072403,
    0.33116114139556885,
    0.3183101713657379,
    0.3025142550468445,
    0.33974701166152954,
    0.3361489772796631
  ],
  "step_improvement_std": [
    0.04287243261933327,
    0.00882995780557394,
    0.007892926223576069,
    0.01340380497276783,
    0.014323721639811993,
    0.056125055998563766,
    0.039334915578365326,
    0.043311621993780136,
    0.04735541343688965,
    0.041423898190259933,
    1.1102230246251565e-16,
    0.03067772276699543,
    0.032285913825035095,
    0.07400581240653992,
    0.10978562384843826,
    0.04595573991537094,
    0.038245949894189835,
    0.05491788685321808,
    0.030263761058449745,
    0.04489685222506523,
    0.05725072696805,
    0.10133007913827896
  ],
  "same_mask_repeat_std": [
    0.035212192684412,
    0.03372432664036751,
    0.02794816717505455,
    0.022169258445501328,
    0.023302504792809486,
    0.06899586319923401,
    0.0710296630859375,
    0.08326611667871475,
    0.08422864228487015,
    0.0792757198214531,
    0.06871244311332703,
    0.09751484543085098,
    0.07153607159852982,
    0.16830626130104065,
    0.07177336513996124,
    0.12641079723834991,
    0.09262196719646454,
    0.2275388389825821,
    0.1351361870765686,
    0.05778871476650238,
    0.10470037907361984,
    0.26295018196105957
  ],
  "proxy_actual_gain_corr": 0.4283189601802932,
  "surrogate_train_times_sec": [
    0.09330679476261139,
    0.1018812507390976,
    0.08845220506191254,
    0.08150187134742737,
    0.08082312345504761,
    0.08160487562417984,
    0.08072837442159653,
    0.08230479061603546,
    0.08088620752096176,
    0.08377429097890854,
    0.08335766941308975,
    0.08197133243083954,
    0.08507729321718216,
    0.08443441241979599,
    0.0799342468380928,
    0.08531887829303741,
    0.08478429168462753,
    0.08362212777137756,
    0.08707008510828018,
    0.08459058403968811,
    0.08879099786281586,
    0.09356958419084549
  ],
  "gfn_train_times_sec": [
    0.0,
    0.0,
    0.0,
    0.0,
    0.0,
    0.0,
    0.0,
    0.0,
    0.0,
    0.0,
    0.0,
    0.0,
    0.0,
    0.0,
    0.0,
    0.0,
    0.0,
    0.0,
    0.0,
    0.0,
    0.0,
    0.0
  ],
  "proposal_times_sec": [
    0.1900312453508377,
    0.1848626732826233,
    0.16733387112617493,
    0.1587851196527481,
    0.16153807938098907,
    0.16384479403495789,
    0.1648242026567459,
    0.15973804891109467,
    0.16105404496192932,
    0.1704486608505249,
    0.16497033834457397,
    0.1623842865228653,
    0.1710149645805359,
    0.16258278489112854,
    0.16602854430675507,
    0.1611565798521042,
    0.16073141992092133,
    0.167820006608963,
    0.17060695588588715,
    0.18190212547779083,
    0.16043820977210999,
    0.17496199905872345
  ],
  "iteration_times_sec": [
    0.295197069644928,
    0.2999955713748932,
    0.26595795154571533,
    0.25044628977775574,
    0.25269463658332825,
    0.2567949891090393,
    0.2555663287639618,
    0.2528461217880249,
    0.25231871008872986,
    0.2656366527080536,
    0.25859537720680237,
    0.255353718996048,
    0.2666713297367096,
    0.25770804286003113,
    0.25703921914100647,
    0.25685396790504456,
    0.25623929500579834,
    0.26253044605255127,
    0.2680741250514984,
    0.27802038192749023,
    0.2596776783466339,
    0.2809276580810547
  ],
  "total_wall_time_sec": 5.805967207998037
}
