{
  "seed": 1,
  "method": "gfn",
  "benchmark": "branin",
  "spec_name": "main_v2",
  "regrets": [
    0.24590860307216644,
    0.24590860307216644,
    0.24590860307216644,
    0.24590860307216644
  ],
  "best_values": [
    -0.6437959671020508,
    -0.6437959671020508,
    -0.6437959671020508,
    -0.6437959671020508
  ],
  "queried_values": [
    -4.704683780670166,
    -5.2213335037231445,
    -4.344236373901367,
    -4.506142616271973
  ],
  "actual_gains": [
    -4.060887813568115,
    -4.577537536621094,
    -3.7004404067993164,
    -3.862346649169922
  ],
  "proxy_rewards": [
    1.0,
    1.0,
    1.0,
    1.0
  ],
  "proxy_improvements": [
    -24.969207763671875,
    -30.862773895263672,
    -15.949201583862305,
    -14.693973541259766
  ],
  "floor_reward_flags": [
    0.0,
    0.0,
    0.0,
    0.0
  ],
  "step_reward_std": [
    0.3105649948120117,
    0.3265365958213806,
    0.3510209023952484,
    0.0
  ],
  "step_improvement_std": [
    0.4544822871685028,
    1.453782558441162,
    8.515907287597656,
    3.552713678800501e-15
  ],
  "same_mask_repeat_std": [
    1.7035385370254517,
    0.4683797061443329,
    1.2375028133392334,
    2.524279832839966
  ],
  "proxy_actual_gain_corr": 0.933581256159361,
  "surrogate_train_times_sec": [
    0.011702625080943108,
    0.011739375069737434,
    0.011026374995708466,
    0.01150249969214201
  ],
  "gfn_train_times_sec": [
    0.07297612726688385,
    0.07307420670986176,
    0.07250741869211197,
    0.07274791598320007
  ],
  "proposal_times_sec": [
    0.08591891825199127,
    0.08560087531805038,
    0.0853014588356018,
    0.08463316410779953
  ],
  "iteration_times_sec": [
    0.10018108040094376,
    0.09988850355148315,
    0.09886883199214935,
    0.09868896007537842
  ],
  "total_wall_time_sec": 0.397822416969575
}
