{
  "seed": 2,
  "method": "gfn",
  "benchmark": "branin",
  "spec_name": "main_v2",
  "regrets": [
    5.123093605041504,
    5.123093605041504,
    5.123093605041504,
    5.123093605041504
  ],
  "best_values": [
    -5.5209808349609375,
    -5.5209808349609375,
    -5.5209808349609375,
    -5.5209808349609375
  ],
  "queried_values": [
    -6.759159564971924,
    -11.432053565979004,
    -7.730917930603027,
    -16.362245559692383
  ],
  "actual_gains": [
    -1.2381787300109863,
    -5.911072731018066,
    -2.20993709564209,
    -10.841264724731445
  ],
  "proxy_rewards": [
    1.0,
    1.0,
    1.0,
    1.0
  ],
  "proxy_improvements": [
    -40.01785659790039,
    -36.929344177246094,
    -32.67243957519531,
    -25.7944393157959
  ],
  "floor_reward_flags": [
    0.0,
    0.0,
    0.0,
    0.0
  ],
  "step_reward_std": [
    0.33477696776390076,
    0.2533532679080963,
    0.2533532679080963,
    0.3510209023952484
  ],
  "step_improvement_std": [
    7.698734760284424,
    0.13438111543655396,
    2.99108624458313,
    3.556269645690918
  ],
  "same_mask_repeat_std": [
    0.65875244140625,
    0.8107502460479736,
    1.9545689821243286,
    1.8364580869674683
  ],
  "proxy_actual_gain_corr": -0.7975673763835941,
  "surrogate_train_times_sec": [
    0.011958999559283257,
    0.012524416670203209,
    0.012299666181206703,
    0.011338791809976101
  ],
  "gfn_train_times_sec": [
    0.07380566745996475,
    0.07222266495227814,
    0.07500375062227249,
    0.0713176280260086
  ],
  "proposal_times_sec": [
    0.08685246109962463,
    0.0854780450463295,
    0.08781903982162476,
    0.08372683078050613
  ],
  "iteration_times_sec": [
    0.10145066678524017,
    0.10072503983974457,
    0.10269308090209961,
    0.0973920002579689
  ],
  "total_wall_time_sec": 0.4024362500058487
}
