{
  "seed": 0,
  "method": "gfn",
  "benchmark": "branin",
  "spec_name": "main_v2",
  "regrets": [
    2.0883700847625732,
    2.0883700847625732,
    2.0883700847625732,
    1.7487396001815796
  ],
  "best_values": [
    -2.486257553100586,
    -2.486257553100586,
    -2.486257553100586,
    -2.1466269493103027
  ],
  "queried_values": [
    -35.67436218261719,
    -237.65809631347656,
    -3.0623159408569336,
    -2.1466269493103027
  ],
  "actual_gains": [
    -33.18810272216797,
    -235.17184448242188,
    -0.5760583877563477,
    0.3396306037902832
  ],
  "proxy_rewards": [
    1.0,
    1.0,
    1.0,
    1.0
  ],
  "proxy_improvements": [
    -6.395992279052734,
    -10.798666954040527,
    -21.515586853027344,
    -21.151447296142578
  ],
  "floor_reward_flags": [
    0.0,
    0.0,
    0.0,
    0.0
  ],
  "step_reward_std": [
    0.28353410959243774,
    0.27942222356796265,
    0.3105649948120117,
    0.32475951313972473
  ],
  "step_improvement_std": [
    0.3760142922401428,
    1.1788464784622192,
    0.22511453926563263,
    0.13478495180606842
  ],
  "same_mask_repeat_std": [
    1.6463623046875,
    0.8937225341796875,
    2.4872915744781494,
    1.4907336235046387
  ],
  "proxy_actual_gain_corr": -0.4915273917789462,
  "surrogate_train_times_sec": [
    0.011343792080879211,
    0.011819500476121902,
    0.011805959045886993,
    0.011453292332589626
  ],
  "gfn_train_times_sec": [
    0.07996620982885361,
    0.07226083427667618,
    0.06807950139045715,
    0.06888200342655182
  ],
  "proposal_times_sec": [
    0.09257824718952179,
    0.08497512340545654,
    0.08102812618017197,
    0.08143720775842667
  ],
  "iteration_times_sec": [
    0.10648524761199951,
    0.0993974581360817,
    0.09527241438627243,
    0.09541233628988266
  ],
  "total_wall_time_sec": 0.39675624994561076
}
