{
  "seed": 3,
  "method": "gfn",
  "benchmark": "branin",
  "spec_name": "main_v2",
  "regrets": [
    2.2768452167510986,
    2.2768452167510986,
    2.2768452167510986,
    2.2768452167510986
  ],
  "best_values": [
    -2.6747326850891113,
    -2.6747326850891113,
    -2.6747326850891113,
    -2.6747326850891113
  ],
  "queried_values": [
    -6.824277400970459,
    -6.109680652618408,
    -5.451484203338623,
    -2.7900595664978027
  ],
  "actual_gains": [
    -4.149544715881348,
    -3.434947967529297,
    -2.7767515182495117,
    -0.1153268814086914
  ],
  "proxy_rewards": [
    1.0,
    1.0,
    1.0,
    1.0
  ],
  "proxy_improvements": [
    -41.31546401977539,
    -13.676661491394043,
    -30.554243087768555,
    -25.006567001342773
  ],
  "floor_reward_flags": [
    0.0,
    0.0,
    0.0,
    0.0
  ],
  "step_reward_std": [
    0.3493683636188507,
    0.25,
    0.2533532679080963,
    0.2533532679080963
  ],
  "step_improvement_std": [
    7.039730548858643,
    0.305752694606781,
    0.37670883536338806,
    0.30424678325653076
  ],
  "same_mask_repeat_std": [
    0.2979380786418915,
    3.856461524963379,
    2.035811424255371,
    1.4885659217834473
  ],
  "proxy_actual_gain_corr": 0.2728702070748167,
  "surrogate_train_times_sec": [
    0.012414416298270226,
    0.011905791237950325,
    0.010654125362634659,
    0.012560082599520683
  ],
  "gfn_train_times_sec": [
    0.07295279204845428,
    0.073746457695961,
    0.07321920990943909,
    0.07144208252429962
  ],
  "proposal_times_sec": [
    0.08578895777463913,
    0.08648454397916794,
    0.08639704436063766,
    0.08376379311084747
  ],
  "iteration_times_sec": [
    0.10089820623397827,
    0.10086216777563095,
    0.09979908168315887,
    0.0989307090640068
  ],
  "total_wall_time_sec": 0.4006655829725787
}
