{
  "seed": 4,
  "method": "gfn",
  "benchmark": "branin",
  "spec_name": "main_v2",
  "regrets": [
    0.14887605607509613,
    0.14887605607509613,
    0.14887605607509613,
    0.14887605607509613
  ],
  "best_values": [
    -0.5467634201049805,
    -0.5467634201049805,
    -0.5467634201049805,
    -0.5467634201049805
  ],
  "queried_values": [
    -44.14677810668945,
    -31.237621307373047,
    -49.35926818847656,
    -20.281740188598633
  ],
  "actual_gains": [
    -43.600013732910156,
    -30.69085693359375,
    -48.812503814697266,
    -19.73497772216797
  ],
  "proxy_rewards": [
    1.0,
    1.0,
    1.0,
    1.0
  ],
  "proxy_improvements": [
    -26.942907333374023,
    -27.191247940063477,
    -31.333524703979492,
    -36.58669662475586
  ],
  "floor_reward_flags": [
    0.0,
    0.0,
    0.0,
    0.0
  ],
  "step_reward_std": [
    0.26814907789230347,
    0.3265365958213806,
    0.3099432587623596,
    0.3265365958213806
  ],
  "step_improvement_std": [
    1.7906121015548706,
    3.9964778423309326,
    3.253603458404541,
    0.8133284449577332
  ],
  "same_mask_repeat_std": [
    1.1041630506515503,
    0.8210195302963257,
    0.5192479491233826,
    0.4307122528553009
  ],
  "proxy_actual_gain_corr": -0.5504490884173567,
  "surrogate_train_times_sec": [
    0.011894166469573975,
    0.011737833730876446,
    0.01131820771843195,
    0.010398625396192074
  ],
  "gfn_train_times_sec": [
    0.07430554181337357,
    0.07405450195074081,
    0.07051033526659012,
    0.07298392057418823
  ],
  "proposal_times_sec": [
    0.08743578940629959,
    0.08693216741085052,
    0.08246537297964096,
    0.08663233369588852
  ],
  "iteration_times_sec": [
    0.10202962160110474,
    0.10130058228969574,
    0.09604512155056,
    0.09973091632127762
  ],
  "total_wall_time_sec": 0.39928754209540784
}
