{
  "seed": 2,
  "method": "random",
  "benchmark": "branin",
  "spec_name": "main_v2",
  "regrets": [
    5.123093605041504,
    5.123093605041504,
    5.123093605041504,
    5.123093605041504
  ],
  "best_values": [
    -5.5209808349609375,
    -5.5209808349609375,
    -5.5209808349609375,
    -5.5209808349609375
  ],
  "queried_values": [
    -6.759159564971924,
    -21.52509117126465,
    -7.730917930603027,
    -16.362245559692383
  ],
  "actual_gains": [
    -1.2381787300109863,
    -16.00411033630371,
    -2.20993709564209,
    -10.841264724731445
  ],
  "proxy_rewards": [
    1.0,
    1.0,
    1.0,
    1.0
  ],
  "proxy_improvements": [
    -40.01785659790039,
    -32.75181579589844,
    -31.007125854492188,
    -25.98957061767578
  ],
  "floor_reward_flags": [
    0.0,
    0.0,
    0.0,
    0.0
  ],
  "step_reward_std": [
    0.34603965282440186,
    0.32475951313972473,
    0.0,
    0.0
  ],
  "step_improvement_std": [
    0.3226787745952606,
    0.01783209852874279,
    0.0,
    0.0
  ],
  "same_mask_repeat_std": [
    0.6921770572662354,
    2.1603856086730957,
    1.7170383930206299,
    1.9196515083312988
  ],
  "proxy_actual_gain_corr": -0.47602158566301106,
  "surrogate_train_times_sec": [
    0.012178166769444942,
    0.011963041499257088,
    0.011997249908745289,
    0.011418082751333714
  ],
  "gfn_train_times_sec": [
    0.0,
    0.0,
    0.0,
    0.0
  ],
  "proposal_times_sec": [
    0.0047973329201340675,
    0.004801082890480757,
    0.004782875068485737,
    0.0047310832887887955
  ],
  "iteration_times_sec": [
    0.019661083817481995,
    0.019344167783856392,
    0.019416624680161476,
    0.01881970837712288
  ],
  "total_wall_time_sec": 0.07741770893335342
}
