{
  "seed": 4,
  "method": "random",
  "benchmark": "branin",
  "spec_name": "main_v2",
  "regrets": [
    0.14887605607509613,
    0.14887605607509613,
    0.14887605607509613,
    0.14887605607509613
  ],
  "best_values": [
    -0.5467634201049805,
    -0.5467634201049805,
    -0.5467634201049805,
    -0.5467634201049805
  ],
  "queried_values": [
    -44.14677810668945,
    -31.237621307373047,
    -37.75661087036133,
    -20.281740188598633
  ],
  "actual_gains": [
    -43.600013732910156,
    -30.69085693359375,
    -37.20984649658203,
    -19.73497772216797
  ],
  "proxy_rewards": [
    1.0,
    1.0,
    1.0,
    1.0
  ],
  "proxy_improvements": [
    -26.942907333374023,
    -33.50455856323242,
    -32.198974609375,
    -32.00922775268555
  ],
  "floor_reward_flags": [
    0.0,
    0.0,
    0.0,
    0.0
  ],
  "step_reward_std": [
    0.32475951313972473,
    0.3493683636188507,
    0.3510209023952484,
    0.2752489149570465
  ],
  "step_improvement_std": [
    0.33782073855400085,
    1.0165461301803589,
    0.028373612090945244,
    0.1879502385854721
  ],
  "same_mask_repeat_std": [
    1.1041630506515503,
    0.3430308699607849,
    0.20479263365268707,
    0.43531590700149536
  ],
  "proxy_actual_gain_corr": -0.6451830710101745,
  "surrogate_train_times_sec": [
    0.012775000184774399,
    0.011541792191565037,
    0.01129908300936222,
    0.0115983746945858
  ],
  "gfn_train_times_sec": [
    0.0,
    0.0,
    0.0,
    0.0
  ],
  "proposal_times_sec": [
    0.004628208931535482,
    0.004851541947573423,
    0.004854584112763405,
    0.004405583254992962
  ],
  "iteration_times_sec": [
    0.020007625222206116,
    0.01911383494734764,
    0.018819207325577736,
    0.018596000969409943
  ],
  "total_wall_time_sec": 0.07670183305162936
}
