{
  "seed": 0,
  "method": "random",
  "benchmark": "branin",
  "spec_name": "main_v2",
  "regrets": [
    2.0883700847625732,
    2.0883700847625732,
    2.0883700847625732,
    2.0883700847625732
  ],
  "best_values": [
    -2.486257553100586,
    -2.486257553100586,
    -2.486257553100586,
    -2.486257553100586
  ],
  "queried_values": [
    -35.67436218261719,
    -115.72889709472656,
    -3.0623159408569336,
    -7.541155815124512
  ],
  "actual_gains": [
    -33.18810272216797,
    -113.24263763427734,
    -0.5760583877563477,
    -5.054898262023926
  ],
  "proxy_rewards": [
    1.0,
    1.0,
    1.0,
    1.0
  ],
  "proxy_improvements": [
    -6.395992279052734,
    -16.88087272644043,
    -22.16946029663086,
    -20.172054290771484
  ],
  "floor_reward_flags": [
    0.0,
    0.0,
    0.0,
    0.0
  ],
  "step_reward_std": [
    0.2875872254371643,
    0.34694433212280273,
    0.31426969170570374,
    0.0
  ],
  "step_improvement_std": [
    0.297952264547348,
    0.8374427556991577,
    0.16260240972042084,
    0.0
  ],
  "same_mask_repeat_std": [
    1.804181456565857,
    1.483466625213623,
    2.163642644882202,
    1.263350486755371
  ],
  "proxy_actual_gain_corr": -0.2328156520443887,
  "surrogate_train_times_sec": [
    0.8389478325843811,
    0.012237999588251114,
    0.011925959028303623,
    0.012002541683614254
  ],
  "gfn_train_times_sec": [
    0.0,
    0.0,
    0.0,
    0.0
  ],
  "proposal_times_sec": [
    0.004853084217756987,
    0.005068332888185978,
    0.004872624762356281,
    0.004126375075429678
  ],
  "iteration_times_sec": [
    0.8461942672729492,
    0.019864041358232498,
    0.019278917461633682,
    0.018372375518083572
  ],
  "total_wall_time_sec": 0.9038964579813182
}
