{
  "seed": 3,
  "method": "random",
  "benchmark": "branin",
  "spec_name": "main_v2",
  "regrets": [
    2.2768452167510986,
    2.2768452167510986,
    2.2768452167510986,
    2.2768452167510986
  ],
  "best_values": [
    -2.6747326850891113,
    -2.6747326850891113,
    -2.6747326850891113,
    -2.6747326850891113
  ],
  "queried_values": [
    -6.824277400970459,
    -5.55125617980957,
    -5.451484203338623,
    -9.52676010131836
  ],
  "actual_gains": [
    -4.149544715881348,
    -2.876523494720459,
    -2.7767515182495117,
    -6.852027416229248
  ],
  "proxy_rewards": [
    1.0,
    1.0,
    1.0,
    1.0
  ],
  "proxy_improvements": [
    -41.31546401977539,
    -35.68165588378906,
    -17.676815032958984,
    -26.194934844970703
  ],
  "floor_reward_flags": [
    0.0,
    0.0,
    0.0,
    0.0
  ],
  "step_reward_std": [
    0.2533532679080963,
    0.2533532679080963,
    0.0,
    0.32475951313972473
  ],
  "step_improvement_std": [
    0.38916248083114624,
    0.12853722274303436,
    3.552713678800501e-15,
    0.2021416574716568
  ],
  "same_mask_repeat_std": [
    0.2979380786418915,
    2.7283623218536377,
    3.3863470554351807,
    0.6555390954017639
  ],
  "proxy_actual_gain_corr": -0.010288055331690455,
  "surrogate_train_times_sec": [
    0.01307766605168581,
    0.014124208129942417,
    0.012511375360190868,
    0.012705707922577858
  ],
  "gfn_train_times_sec": [
    0.0,
    0.0,
    0.0,
    0.0
  ],
  "proposal_times_sec": [
    0.0052283750846982,
    0.005040749907493591,
    0.005179875064641237,
    0.00503208301961422
  ],
  "iteration_times_sec": [
    0.021174291148781776,
    0.021966207772493362,
    0.02060074917972088,
    0.020485375076532364
  ],
  "total_wall_time_sec": 0.08439395797904581
}
