{
  "seed": 1,
  "method": "random",
  "benchmark": "branin",
  "spec_name": "main_v2",
  "regrets": [
    0.24590860307216644,
    0.24590860307216644,
    0.24590860307216644,
    0.24590860307216644
  ],
  "best_values": [
    -0.6437959671020508,
    -0.6437959671020508,
    -0.6437959671020508,
    -0.6437959671020508
  ],
  "queried_values": [
    -4.704683780670166,
    -5.2213335037231445,
    -4.344236373901367,
    -4.506142616271973
  ],
  "actual_gains": [
    -4.060887813568115,
    -4.577537536621094,
    -3.7004404067993164,
    -3.862346649169922
  ],
  "proxy_rewards": [
    1.0,
    1.0,
    1.0,
    1.0
  ],
  "proxy_improvements": [
    -24.969207763671875,
    -23.633108139038086,
    -29.251930236816406,
    -19.74892234802246
  ],
  "floor_reward_flags": [
    0.0,
    0.0,
    0.0,
    0.0
  ],
  "step_reward_std": [
    0.0,
    0.0,
    0.0,
    0.0
  ],
  "step_improvement_std": [
    0.0,
    0.0,
    7.105427357601002e-15,
    3.552713678800501e-15
  ],
  "same_mask_repeat_std": [
    1.7035385370254517,
    3.5795931816101074,
    1.8169949054718018,
    2.223738193511963
  ],
  "proxy_actual_gain_corr": -0.27258218448684496,
  "surrogate_train_times_sec": [
    0.011968624778091908,
    0.012297917157411575,
    0.011533374898135662,
    0.011750750243663788
  ],
  "gfn_train_times_sec": [
    0.0,
    0.0,
    0.0,
    0.0
  ],
  "proposal_times_sec": [
    0.005175999831408262,
    0.005141375120729208,
    0.004784625023603439,
    0.004859999753534794
  ],
  "iteration_times_sec": [
    0.020149042829871178,
    0.02021891623735428,
    0.01902604103088379,
    0.019185708835721016
  ],
  "total_wall_time_sec": 0.07875383307691664
}
