{
  "summary": {
    "random": {
      "mean_regret": [
        19.396102905273438,
        19.396102905273438,
        19.396102905273438,
        19.396102905273438
      ],
      "std_regret": [
        0.7345771789550781,
        0.7345771789550781,
        0.7345771789550781,
        0.7345771789550781
      ],
      "mean_best_value": [
        -19.396102905273438,
        -19.396102905273438,
        -19.396102905273438,
        -19.396102905273438
      ],
      "std_best_value": [
        0.7345771789550781,
        0.7345771789550781,
        0.7345771789550781,
        0.7345771789550781
      ],
      "mean_query_value": [
        -21.28812599182129,
        -21.099279403686523,
        -21.1802978515625,
        -21.55384063720703
      ],
      "std_query_value": [
        0.04759407043457031,
        0.1816577911376953,
        0.31533050537109375,
        0.02237701416015625
      ],
      "final_regret_mean": 19.396102905273438,
      "final_regret_std": 0.7345771789550781,
      "floor_reward_fraction_mean": 0.0,
      "step_reward_std_mean": 0.23093372583389282,
      "step_improvement_std_mean": 0.014434680342674255,
      "same_mask_repeat_std_mean": 0.04968072846531868,
      "proxy_actual_gain_corr_mean": 0.38329416513442993,
      "total_time_mean_sec": 0.07896724995225668
    },
    "gfn": {
      "mean_regret": [
        19.396102905273438,
        19.396102905273438,
        19.396102905273438,
        19.396102905273438
      ],
      "std_regret": [
        0.7345771789550781,
        0.7345771789550781,
        0.7345771789550781,
        0.7345771789550781
      ],
      "mean_best_value": [
        -19.396102905273438,
        -19.396102905273438,
        -19.396102905273438,
        -19.396102905273438
      ],
      "std_best_value": [
        0.7345771789550781,
        0.7345771789550781,
        0.7345771789550781,
        0.7345771789550781
      ],
      "mean_query_value": [
        -21.28812599182129,
        -20.866008758544922,
        -21.738033294677734,
        -21.276641845703125
      ],
      "std_query_value": [
        0.04759407043457031,
        0.05161285400390625,
        0.005496978759765625,
        0.2666358947753906
      ],
      "final_regret_mean": 19.396102905273438,
      "final_regret_std": 0.7345771789550781,
      "floor_reward_fraction_mean": 0.0,
      "step_reward_std_mean": 0.3339608311653137,
      "step_improvement_std_mean": 0.06851767003536224,
      "same_mask_repeat_std_mean": 0.06780382990837097,
      "proxy_actual_gain_corr_mean": 0.013697952032089233,
      "total_time_mean_sec": 0.7618219374562614
    },
    "tradeoff": {
      "regret_gain_of_gfn": 0.0,
      "slowdown_factor": 9.64731503144476
    }
  },
  "random_trials": [
    {
      "seed": 0,
      "method": "random",
      "benchmark": "ackley10",
      "spec_name": "main_v2",
      "regrets": [
        18.66152572631836,
        18.66152572631836,
        18.66152572631836,
        18.66152572631836
      ],
      "best_values": [
        -18.66152572631836,
        -18.66152572631836,
        -18.66152572631836,
        -18.66152572631836
      ],
      "queried_values": [
        -21.24053192138672,
        -21.28093719482422,
        -20.864967346191406,
        -21.531463623046875
      ],
      "actual_gains": [
        -2.5790061950683594,
        -2.6194114685058594,
        -2.203441619873047,
        -2.8699378967285156
      ],
      "proxy_rewards": [
        1.0,
        1.0,
        1.0,
        1.0
      ],
      "proxy_improvements": [
        -1.6978925466537476,
        -2.032440185546875,
        -1.988527536392212,
        -1.943770170211792
      ],
      "floor_reward_flags": [
        0.0,
        0.0,
        0.0,
        0.0
      ],
      "step_reward_std": [
        0.0,
        0.35762202739715576,
        0.3105649948120117,
        0.2533532679080963
      ],
      "step_improvement_std": [
        0.0,
        0.02002536505460739,
        0.017440252006053925,
        0.004300745669752359
      ],
      "same_mask_repeat_std": [
        0.06939344108104706,
        0.04064895212650299,
        0.046511247754096985,
        0.041872017085552216
      ],
      "proxy_actual_gain_corr": -0.1172346434777817,
      "surrogate_train_times_sec": [
        0.012494999915361404,
        0.012773999944329262,
        0.011587499640882015,
        0.01174012478441
      ],
      "gfn_train_times_sec": [
        0.0,
        0.0,
        0.0,
        0.0
      ],
      "proposal_times_sec": [
        0.005023333244025707,
        0.005339708179235458,
        0.005040207877755165,
        0.005164708010852337
      ],
      "iteration_times_sec": [
        0.02027750015258789,
        0.020862707868218422,
        0.019174417480826378,
        0.019816167652606964
      ],
      "total_wall_time_sec": 0.08030154195148498
    },
    {
      "seed": 1,
      "method": "random",
      "benchmark": "ackley10",
      "spec_name": "main_v2",
      "regrets": [
        20.130680084228516,
        20.130680084228516,
        20.130680084228516,
        20.130680084228516
      ],
      "best_values": [
        -20.130680084228516,
        -20.130680084228516,
        -20.130680084228516,
        -20.130680084228516
      ],
      "queried_values": [
        -21.33572006225586,
        -20.917621612548828,
        -21.495628356933594,
        -21.576217651367188
      ],
      "actual_gains": [
        -1.2050399780273438,
        -0.7869415283203125,
        -1.3649482727050781,
        -1.4455375671386719
      ],
      "proxy_rewards": [
        1.0,
        1.0,
        1.0,
        1.0
      ],
      "proxy_improvements": [
        -0.3531082272529602,
        -0.29839688539505005,
        -0.5691238641738892,
        -0.6403684616088867
      ],
      "floor_reward_flags": [
        0.0,
        0.0,
        0.0,
        0.0
      ],
      "step_reward_std": [
        0.2533532679080963,
        0.3265365958213806,
        0.34603965282440186,
        0.0
      ],
      "step_improvement_std": [
        0.041681256145238876,
        0.02521226555109024,
        0.00681756716221571,
        0.0
      ],
      "same_mask_repeat_std": [
        0.05243464931845665,
        0.044513948261737823,
        0.07014966011047363,
        0.03192191570997238
      ],
      "proxy_actual_gain_corr": 0.8838229604741527,
      "surrogate_train_times_sec": [
        0.011687207967042923,
        0.01159166730940342,
        0.011185499839484692,
        0.01181462500244379
      ],
      "gfn_train_times_sec": [
        0.0,
        0.0,
        0.0,
        0.0
      ],
      "proposal_times_sec": [
        0.005359208211302757,
        0.005126957781612873,
        0.004909667186439037,
        0.00502266688272357
      ],
      "iteration_times_sec": [
        0.019766125828027725,
        0.0194341242313385,
        0.018715709447860718,
        0.019562292844057083
      ],
      "total_wall_time_sec": 0.07763295795302838
    }
  ],
  "gfn_trials": [
    {
      "seed": 0,
      "method": "gfn",
      "benchmark": "ackley10",
      "spec_name": "main_v2",
      "regrets": [
        18.66152572631836,
        18.66152572631836,
        18.66152572631836,
        18.66152572631836
      ],
      "best_values": [
        -18.66152572631836,
        -18.66152572631836,
        -18.66152572631836,
        -18.66152572631836
      ],
      "queried_values": [
        -21.24053192138672,
        -20.814395904541016,
        -21.7435302734375,
        -21.010005950927734
      ],
      "actual_gains": [
        -2.5790061950683594,
        -2.1528701782226562,
        -3.0820045471191406,
        -2.348480224609375
      ],
      "proxy_rewards": [
        1.0,
        1.0,
        1.0,
        1.0
      ],
      "proxy_improvements": [
        -1.6978925466537476,
        -2.1939382553100586,
        -1.9157267808914185,
        -2.182457208633423
      ],