{
  "summary": {
    "random": {
      "mean_regret": [
        3.012711524963379,
        2.9004664421081543,
        2.9004664421081543,
        2.9004664421081543
      ],
      "std_regret": [
        2.016848564147949,
        1.9046034812927246,
        1.9046034812927246,
        1.9046034812927246
      ],
      "mean_best_value": [
        -3.4105987548828125,
        -3.298353672027588,
        -3.298353672027588,
        -3.298353672027588
      ],
      "std_best_value": [
        2.016848564147949,
        1.9046034812927246,
        1.9046034812927246,
        1.9046034812927246
      ],
      "mean_query_value": [
        -82.99505615234375,
        -5.7844977378845215,
        -7.746236324310303,
        -8.803754806518555
      ],
      "std_query_value": [
        76.95726013183594,
        0.581540584564209,
        0.8275227546691895,
        0.773592472076416
      ],
      "final_regret_mean": 2.9004664421081543,
      "final_regret_std": 1.9046034812927246,
      "floor_reward_fraction_mean": 0.0,
      "step_reward_std_mean": 0.2876710295677185,
      "step_improvement_std_mean": 1.4686882495880127,
      "same_mask_repeat_std_mean": 1.727278709411621,
      "proxy_actual_gain_corr_mean": -0.6095739603042603,
      "total_time_mean_sec": 0.08007506292778999
    },
    "gfn": {
      "mean_regret": [
        3.012711524963379,
        3.012711524963379,
        3.012711524963379,
        3.012711524963379
      ],
      "std_regret": [
        2.016848564147949,
        2.016848564147949,
        2.016848564147949,
        2.016848564147949
      ],
      "mean_best_value": [
        -3.4105987548828125,
        -3.4105987548828125,
        -3.4105987548828125,
        -3.4105987548828125
      ],
      "std_best_value": [
        2.016848564147949,
        2.016848564147949,
        2.016848564147949,
        2.016848564147949
      ],
      "mean_query_value": [
        -52.27698516845703,
        -6.45088005065918,
        -7.646320819854736,
        -7.62049674987793
      ],
      "std_query_value": [
        39.86838912963867,
        0.6004762649536133,
        2.8677029609680176,
        0.8032557964324951
      ],
      "final_regret_mean": 3.012711524963379,
      "final_regret_std": 2.016848564147949,
      "floor_reward_fraction_mean": 0.0,
      "step_reward_std_mean": 0.2876710295677185,
      "step_improvement_std_mean": 3.764021873474121,
      "same_mask_repeat_std_mean": 1.334045648574829,
      "proxy_actual_gain_corr_mean": -0.3114209771156311,
      "total_time_mean_sec": 0.47969306202139705
    },
    "tradeoff": {
      "regret_gain_of_gfn": -0.11224508285522461,
      "slowdown_factor": 5.990542429594769
    }
  },
  "random_trials": [
    {
      "seed": 0,
      "method": "random",
      "benchmark": "branin",
      "spec_name": "pool_fresh_v2",
      "regrets": [
        5.029560089111328,
        4.805069923400879,
        4.805069923400879,
        4.805069923400879
      ],
      "best_values": [
        -5.427447319030762,
        -5.2029571533203125,
        -5.2029571533203125,
        -5.2029571533203125
      ],
      "queried_values": [
        -159.9523162841797,
        -5.2029571533203125,
        -8.573759078979492,
        -9.577347755432129
      ],
      "actual_gains": [
        -154.52487182617188,
        0.22449016571044922,
        -3.3708019256591797,
        -4.374390602111816
      ],
      "proxy_rewards": [
        1.0,
        1.0,
        1.0,
        1.0
      ],
      "proxy_improvements": [
        -10.108487129211426,
        -30.674497604370117,
        -9.024226188659668,
        -15.699246406555176
      ],
      "floor_reward_flags": [
        0.0,
        0.0,
        0.0,
        0.0
      ],
      "step_reward_std": [
        0.2876710295677185,
        0.2876710295677185,
        0.2876710295677185,
        0.2876710295677185
      ],
      "step_improvement_std": [
        1.8318700790405273,
        2.0172128677368164,
        2.4427573680877686,
        1.6677790880203247
      ],
      "same_mask_repeat_std": [
        1.9948769807815552,
        0.809268593788147,
        3.5855207443237305,
        2.3743200302124023
      ],
      "proxy_actual_gain_corr": -0.43948864182123026,
      "surrogate_train_times_sec": [
        0.01258016750216484,
        0.011704625561833382,
        0.011961417272686958,
        0.011241291649639606
      ],
      "gfn_train_times_sec": [
        0.0,
        0.0,
        0.0,
        0.0
      ],
      "proposal_times_sec": [
        0.005800291895866394,
        0.0057813748717308044,
        0.0056117079220712185,
        0.005649167113006115
      ],
      "iteration_times_sec": [
        0.020975707098841667,
        0.02011333405971527,
        0.020060541108250618,
        0.01947004161775112
      ],
      "total_wall_time_sec": 0.08070041693281382
    },
    {
      "seed": 1,
      "method": "random",
      "benchmark": "branin",
      "spec_name": "pool_fresh_v2",
      "regrets": [
        0.9958628416061401,
        0.9958628416061401,
        0.9958628416061401,
        0.9958628416061401
      ],
      "best_values": [
        -1.3937501907348633,
        -1.3937501907348633,
        -1.3937501907348633,
        -1.3937501907348633
      ],
      "queried_values": [
        -6.037797927856445,
        -6.3660383224487305,
        -6.918713569641113,
        -8.030162811279297
      ],
      "actual_gains": [
        -4.644047737121582,
        -4.972288131713867,
        -5.52496337890625,
        -6.636412620544434
      ],
      "proxy_rewards": [
        1.0,
        1.0,
        1.0,
        1.0
      ],
      "proxy_improvements": [
        -41.71541213989258,
        -31.76923370361328,
        -30.000953674316406,
        -28.215490341186523
      ],
      "floor_reward_flags": [
        0.0,
        0.0,
        0.0,
        0.0
      ],
      "step_reward_std": [
        0.2876710295677185,
        0.2876710295677185,
        0.2876710295677185,
        0.2876710295677185
      ],
      "step_improvement_std": [
        0.7874220609664917,
        0.801110029220581,
        1.2041268348693848,
        0.9972281455993652
      ],
      "same_mask_repeat_std": [
        1.5585764646530151,
        0.8226481676101685,
        0.7442888021469116,
        1.9287296533584595
      ],
      "proxy_actual_gain_corr": -0.7796592531570947,
      "surrogate_train_times_sec": [
        0.012350458651781082,
        0.01160508394241333,
        0.011113665997982025,
        0.011464250274002552
      ],
      "gfn_train_times_sec": [
        0.0,
        0.0,
        0.0,
        0.0
      ],
      "proposal_times_sec": [
        0.005759541876614094,
        0.005502582993358374,
        0.00560520775616169,
        0.005610916763544083
      ],
      "iteration_times_sec": [
        0.020704541355371475,
        0.019673457369208336,
        0.01930508390069008,
        0.019684582948684692
      ],
      "total_wall_time_sec": 0.07944970892276615
    }
  ],
  "gfn_trials": [
    {
      "seed": 0,
      "method": "gfn",
      "benchmark": "branin",
      "spec_name": "pool_fresh_v2",
      "regrets": [
        5.029560089111328,
        5.029560089111328,
        5.029560089111328,
        5.029560089111328
      ],
      "best_values": [
        -5.427447319030762,
        -5.427447319030762,
        -5.427447319030762,
        -5.427447319030762
      ],
      "queried_values": [
        -92.14537811279297,
        -7.051356315612793,
        -10.514023780822754,
        -6.817241191864014
      ],
      "actual_gains": [
        -86.71793365478516,
        -1.6239089965820312,
        -5.086576461791992,
        -1.389793872833252
      ],
      "proxy_rewards": [
        1.0,
        1.0,
        1.0,
        1.0
      ],
      "proxy_improvements": [
        -11.334129333496094,
        -20.1716251373291,
        -22.828197479248047,
        -24.116580963134766
      ],