{
  "summary": {
    "random": {
      "mean_regret": [
        3.012711524963379,
        3.012711524963379,
        2.7667429447174072,
        1.5813193321228027
      ],
      "std_regret": [
        2.016848564147949,
        2.016848564147949,
        1.770880103111267,
        0.5854565501213074
      ],
      "mean_best_value": [
        -3.4105987548828125,
        -3.4105987548828125,
        -3.164630174636841,
        -1.9792068004608154
      ],
      "std_best_value": [
        2.016848564147949,
        2.016848564147949,
        1.7708799839019775,
        0.5854566097259521
      ],
      "mean_query_value": [
        -28.289844512939453,
        -149.88796997070312,
        -6.678167343139648,
        -4.796450614929199
      ],
      "std_query_value": [
        13.618329048156738,
        136.91993713378906,
        1.742656946182251,
        2.2317872047424316
      ],
      "final_regret_mean": 1.5813193321228027,
      "final_regret_std": 0.5854565501213074,
      "floor_reward_fraction_mean": 0.0,
      "step_reward_std_mean": 0.21584515273571014,
      "step_improvement_std_mean": 0.49165356159210205,
      "same_mask_repeat_std_mean": 1.5463385581970215,
      "proxy_actual_gain_corr_mean": 0.5388520956039429,
      "total_time_mean_sec": 0.5545113334665075
    },
    "gfn": {
      "mean_regret": [
        3.012711524963379,
        3.012711524963379,
        2.7667429447174072,
        1.5813193321228027
      ],
      "std_regret": [
        2.016848564147949,
        2.016848564147949,
        1.770880103111267,
        0.5854565501213074
      ],
      "mean_best_value": [
        -3.4105987548828125,
        -3.4105987548828125,
        -3.164630174636841,
        -1.9792068004608154
      ],
      "std_best_value": [
        2.016848564147949,
        2.016848564147949,
        1.7708799839019775,
        0.5854566097259521
      ],
      "mean_query_value": [
        -28.289844512939453,
        -145.67710876464844,
        -48.11832809448242,
        -4.796450614929199
      ],
      "std_query_value": [
        13.618329048156738,
        141.1308135986328,
        43.18281936645508,
        2.2317872047424316
      ],
      "final_regret_mean": 1.5813193321228027,
      "final_regret_std": 0.5854565501213074,
      "floor_reward_fraction_mean": 0.0,
      "step_reward_std_mean": 0.25494182109832764,
      "step_improvement_std_mean": 2.54364013671875,
      "same_mask_repeat_std_mean": 1.5487240552902222,
      "proxy_actual_gain_corr_mean": -0.7013804316520691,
      "total_time_mean_sec": 0.49043072893982753
    },
    "tradeoff": {
      "regret_gain_of_gfn": 0.0,
      "slowdown_factor": 0.8844377009824446
    }
  },
  "random_trials": [
    {
      "seed": 0,
      "method": "random",
      "benchmark": "branin",
      "spec_name": "pool_shared_v2",
      "regrets": [
        5.029560089111328,
        5.029560089111328,
        4.537622928619385,
        2.166775941848755
      ],
      "best_values": [
        -5.427447319030762,
        -5.427447319030762,
        -4.935510158538818,
        -2.5646634101867676
      ],
      "queried_values": [
        -41.908172607421875,
        -286.80792236328125,
        -4.935510158538818,
        -2.5646634101867676
      ],
      "actual_gains": [
        -36.4807243347168,
        -281.3804626464844,
        0.49193716049194336,
        2.370846748352051
      ],
      "proxy_rewards": [
        1.0,
        1.0,
        1.0,
        1.0
      ],
      "proxy_improvements": [
        -15.116774559020996,
        -20.627174377441406,
        -22.5441837310791,
        -19.326305389404297
      ],
      "floor_reward_flags": [
        0.0,
        0.0,
        0.0,
        0.0
      ],
      "step_reward_std": [
        0.0,
        0.3265365958213806,
        0.0,
        0.2533532679080963
      ],
      "step_improvement_std": [
        3.552713678800501e-15,
        0.5881593823432922,
        0.0,
        0.3374224305152893
      ],
      "same_mask_repeat_std": [
        1.928053855895996,
        0.7936952114105225,
        3.7010836601257324,
        1.6358757019042969
      ],
      "proxy_actual_gain_corr": 0.144918916197172,
      "surrogate_train_times_sec": [
        0.965164303779602,
        0.012539583258330822,
        0.01219883281737566,
        0.011707083322107792
      ],
      "gfn_train_times_sec": [
        0.0,
        0.0,
        0.0,
        0.0
      ],
      "proposal_times_sec": [
        0.005067666992545128,
        0.004740042146295309,
        0.004796084016561508,
        0.004741874989122152
      ],
      "iteration_times_sec": [
        0.9728816151618958,
        0.019880082458257675,
        0.019556334242224693,
        0.01899062469601631
      ],
      "total_wall_time_sec": 1.0313950419658795
    },
    {
      "seed": 1,
      "method": "random",
      "benchmark": "branin",
      "spec_name": "pool_shared_v2",
      "regrets": [
        0.9958628416061401,
        0.9958628416061401,
        0.9958628416061401,
        0.9958628416061401
      ],
      "best_values": [
        -1.3937501907348633,
        -1.3937501907348633,
        -1.3937501907348633,
        -1.3937501907348633
      ],
      "queried_values": [
        -14.671515464782715,
        -12.96802806854248,
        -8.42082405090332,
        -7.028237819671631
      ],
      "actual_gains": [
        -13.277765274047852,
        -11.574277877807617,
        -7.027073860168457,
        -5.634487628936768
      ],
      "proxy_rewards": [
        1.0,
        1.0,
        1.0,
        1.0
      ],
      "proxy_improvements": [
        -42.27375030517578,
        -37.13439178466797,
        -33.477962493896484,
        -33.49873733520508
      ],
      "floor_reward_flags": [
        0.0,
        0.0,
        0.0,
        0.0
      ],
      "step_reward_std": [
        0.3443632423877716,
        0.362444132566452,
        0.10825317353010178,
        0.33181077241897583
      ],
      "step_improvement_std": [
        0.5999362468719482,
        2.105041742324829,
        0.0918048843741417,
        0.21086399257183075
      ],
      "same_mask_repeat_std": [
        1.5585764646530151,
        0.5482810139656067,
        0.6125826239585876,
        1.5925602912902832
      ],
      "proxy_actual_gain_corr": 0.9327853528883284,
      "surrogate_train_times_sec": [
        0.012396208010613918,
        0.012026334181427956,
        0.012196624651551247,
        0.011826667003333569
      ],
      "gfn_train_times_sec": [
        0.0,
        0.0,
        0.0,
        0.0
      ],
      "proposal_times_sec": [
        0.004533416125923395,
        0.004778082948178053,
        0.004426334053277969,
        0.004862917121499777
      ],
      "iteration_times_sec": [
        0.019448958337306976,
        0.019498083740472794,
        0.01913287490606308,
        0.019455790519714355
      ],
      "total_wall_time_sec": 0.07762762496713549
    }
  ],
  "gfn_trials": [
    {
      "seed": 0,
      "method": "gfn",
      "benchmark": "branin",
      "spec_name": "pool_shared_v2",
      "regrets": [
        5.029560089111328,
        5.029560089111328,
        4.537622928619385,
        2.166775941848755
      ],
      "best_values": [
        -5.427447319030762,
        -5.427447319030762,
        -4.935510158538818,
        -2.5646634101867676
      ],
      "queried_values": [
        -41.908172607421875,
        -286.80792236328125,
        -4.935510158538818,
        -2.5646634101867676
      ],
      "actual_gains": [
        -36.4807243347168,
        -281.3804626464844,
        0.49193716049194336,
        2.370846748352051
      ],
      "proxy_rewards": [
        1.0,
        1.0,
        1.0,
        1.0
      ],
      "proxy_improvements": [
        -15.116774559020996,
        -14.030238151550293,
        -24.418712615966797,
        -25.495243072509766
      ],