{
  "seed": 2,
  "method": "gfn",
  "benchmark": "hartmann6",
  "spec_name": "reward_protocol_softplus_scaled_v2",
  "regrets": [
    2.146317958831787,
    2.146317958831787,
    2.146317958831787,
    2.146317958831787,
    2.146317958831787,
    2.106086492538452,
    2.106086492538452,
    2.106086492538452,
    2.106086492538452,
    2.106086492538452,
    2.106086492538452,
    2.106086492538452,
    2.106086492538452,
    2.106086492538452,
    1.7237496376037598,
    1.7237496376037598,
    1.7237496376037598,
    1.7237496376037598,
    1.7237496376037598,
    1.4784066677093506,
    1.4784066677093506,
    1.4784066677093506
  ],
  "best_values": [
    1.1760499477386475,
    1.1760499477386475,
    1.1760499477386475,
    1.1760499477386475,
    1.1760499477386475,
    1.216281533241272,
    1.216281533241272,
    1.216281533241272,
    1.216281533241272,
    1.216281533241272,
    1.216281533241272,
    1.216281533241272,
    1.216281533241272,
    1.216281533241272,
    1.5986183881759644,
    1.5986183881759644,
    1.5986183881759644,
    1.5986183881759644,
    1.5986183881759644,
    1.8439613580703735,
    1.8439613580703735,
    1.8439613580703735
  ],
  "queried_values": [
    1.1760499477386475,
    0.3462335765361786,
    0.6029416918754578,
    0.6646378636360168,
    1.1363978385925293,
    1.216281533241272,
    1.0001775026321411,
    1.0541021823883057,
    0.878597617149353,
    0.7192575335502625,
    1.1326968669891357,
    0.7860615849494934,
    0.40980175137519836,
    0.5296669006347656,
    1.5986183881759644,
    0.164461150765419,
    1.4087556600570679,
    1.0779170989990234,
    1.2615680694580078,
    1.8439613580703735,
    1.302905797958374,
    1.5826057195663452
  ],
  "actual_gains": [
    0.18569177389144897,
    -0.8298163414001465,
    -0.5731082558631897,
    -0.5114120841026306,
    -0.039652109146118164,
    0.04023158550262451,
    -0.21610403060913086,
    -0.1621793508529663,
    -0.33768391609191895,
    -0.4970239996910095,
    -0.08358466625213623,
    -0.43021994829177856,
    -0.806479811668396,
    -0.6866146326065063,
    0.3823368549346924,
    -1.4341572523117065,
    -0.18986272811889648,
    -0.5207012891769409,
    -0.33705031871795654,
    0.24534296989440918,
    -0.5410555601119995,
    -0.2613556385040283
  ],
  "proxy_rewards": [
    1.0126663446426392,
    0.8921083211898804,
    0.8289023041725159,
    0.6765713691711426,
    0.5779219269752502,
    0.7086328864097595,
    0.578361988067627,
    0.6293972730636597,
    0.5886936187744141,
    0.566683828830719,
    0.5557292699813843,
    0.5182493329048157,
    0.5564543604850769,
    0.5379349589347839,
    0.4544222950935364,
    0.4797809422016144,
    0.38524600863456726,
    0.509811282157898,
    0.37317442893981934,
    0.3417287766933441,
    0.4201672077178955,
    0.3659467399120331
  ],
  "proxy_improvements": [
    0.2805662155151367,
    0.18233028054237366,
    0.1275434046983719,
    -0.016817256808280945,
    -0.12285273522138596,
    0.015269139781594276,
    -0.1223515123128891,
    -0.06602820008993149,
    -0.11066442728042603,
    -0.13574910163879395,
    -0.14850445091724396,
    -0.1936277151107788,
    -0.14765433967113495,
    -0.16963110864162445,
    -0.27660080790519714,
    -0.24261236190795898,
    -0.3776933252811432,
    -0.20412665605545044,
    -0.3968237340450287,
    -0.4491789638996124,
    -0.3249827027320862,
    -0.4085233807563782
  ],
  "floor_reward_flags": [
    0.0,
    0.0,
    0.0,
    0.0,
    0.0,
    0.0,
    0.0,
    0.0,
    0.0,
    0.0,
    0.0,
    0.0,
    0.0,
    0.0,
    0.0,
    0.0,
    0.0,
    0.0,
    0.0,
    0.0,
    0.0,
    0.0
  ],
  "step_reward_std": [
    0.10666714608669281,
    0.0811861976981163,
    0.09511357545852661,
    0.09480568021535873,
    0.06700139492750168,
    0.10889341682195663,
    0.08577709645032883,
    0.10751205682754517,
    0.0769762396812439,
    0.0758768692612648,
    0.061976149678230286,
    0.07122878730297089,
    0.0748651996254921,
    0.041394736617803574,
    0.04615544527769089,
    0.07752986997365952,
    0.06599543988704681,
    0.08558149635791779,
    0.0626530796289444,
    0.043728142976760864,
    0.07145702838897705,
    0.050176672637462616
  ],
  "step_improvement_std": [
    0.09505588561296463,
    0.07703003287315369,
    0.10533087700605392,
    0.13020126521587372,
    0.0910225436091423,
    0.13497881591320038,
    0.11839749664068222,
    0.14999501407146454,
    0.11878184229135513,
    0.10287164151668549,
    0.09747595340013504,
    0.11173238605260849,
    0.11662587523460388,
    0.05764700099825859,
    0.07402749359607697,
    0.1479705274105072,
    0.15083423256874084,
    0.16031333804130554,
    0.1369938999414444,
    0.09240845590829849,
    0.15496893227100372,
    0.10189096629619598
  ],
  "same_mask_repeat_std": [
    0.0681445375084877,
    0.03944673389196396,
    0.024988336488604546,
    0.03968195244669914,
    0.03506719321012497,
    0.0737837702035904,
    0.03659876063466072,
    0.05168071761727333,
    0.03762723132967949,
    0.0335376001894474,
    0.06770848482847214,
    0.10384561866521835,
    0.06460506469011307,
    0.07586560398340225,
    0.040144629776477814,
    0.05885649845004082,
    0.11115596443414688,
    0.05759687349200249,
    0.09559837728738785,
    0.07737118005752563,
    0.06484036892652512,
    0.06355281174182892
  ],
  "proxy_actual_gain_corr": -0.06298873361458518,
  "surrogate_train_times_sec": [
    0.13494011759757996,
    0.13954579830169678,
    0.1374840885400772,
    0.14680683612823486,
    0.1240597516298294,
    0.1348034143447876,
    0.1240164190530777,
    0.12808941304683685,
    0.12915362417697906,
    0.1470581293106079,
    0.13039462268352509,
    0.12985071539878845,
    0.13765403628349304,
    0.15492653846740723,
    0.14000225067138672,
    0.14029087126255035,
    0.142837792634964,
    0.14066070318222046,
    0.13008250296115875,
    0.14173883199691772,
    0.1455344557762146,
    0.13570795953273773
  ],
  "gfn_train_times_sec": [
    17.921785354614258,
    18.533660888671875,
    18.63287925720215,
    18.59343910217285,
    18.185319900512695,
    18.387731552124023,
    18.173120498657227,
    18.24104118347168,
    18.543804168701172,
    18.354740142822266,
    18.387731552124023,
    18.534954071044922,
    18.309383392333984,
    18.609878540039062,
    19.03330421447754,
    18.47069549560547,
    18.75242042541504,
    18.210205078125,
    18.530540466308594,
    18.687793731689453,
    18.690340042114258,
    18.54570770263672
  ],
  "proposal_times_sec": [
    18.28799057006836,
    18.949220657348633,
    19.03264617919922,
    18.974580764770508,
    18.567134857177734,
    18.783201217651367,
    18.547346115112305,
    18.625446319580078,
    18.94227409362793,
    18.731971740722656,
    18.78434181213379,
    18.92069435119629,
    18.69103240966797,
    18.979846954345703,
    19.42640495300293,
    18.88435173034668,
    19.12978744506836,
    18.602130889892578,
    18.927085876464844,
    19.090530395507812,
    19.067171096801758,
    18.933950424194336
  ],
  "iteration_times_sec": [
    18.438953399658203,
    19.111675262451172,
    19.187753677368164,
    19.138141632080078,
    18.707977294921875,
    18.940643310546875,
    18.687606811523438,
    18.77100944519043,
    19.09070587158203,
    18.89626121520996,
    18.932373046875,
    19.06655502319336,
    18.844791412353516,
    19.15205955505371,
    19.5830020904541,
    19.041767120361328,
    19.287921905517578,
    18.758142471313477,
    19.074596405029297,
    19.249921798706055,
    19.230140686035156,
    19.08554458618164
  ],
  "total_wall_time_sec": 418.27873637503944
}
