{
  "seed": 3,
  "method": "gfn",
  "benchmark": "hartmann6",
  "spec_name": "reward_protocol_softplus_scaled_v2",
  "regrets": [
    1.8671106100082397,
    1.8671106100082397,
    1.8671106100082397,
    1.8671106100082397,
    1.8671106100082397,
    1.8671106100082397,
    1.8671106100082397,
    1.8671106100082397,
    1.8671106100082397,
    1.6711654663085938,
    1.6711654663085938,
    1.6711654663085938,
    1.6711654663085938,
    1.6711654663085938,
    1.50226628780365,
    1.50226628780365,
    1.50226628780365,
    1.50226628780365,
    1.50226628780365,
    1.50226628780365,
    1.50226628780365,
    1.114824891090393
  ],
  "best_values": [
    1.4552574157714844,
    1.4552574157714844,
    1.4552574157714844,
    1.4552574157714844,
    1.4552574157714844,
    1.4552574157714844,
    1.4552574157714844,
    1.4552574157714844,
    1.4552574157714844,
    1.6512025594711304,
    1.6512025594711304,
    1.6512025594711304,
    1.6512025594711304,
    1.6512025594711304,
    1.8201017379760742,
    1.8201017379760742,
    1.8201017379760742,
    1.8201017379760742,
    1.8201017379760742,
    1.8201017379760742,
    1.8201017379760742,
    2.207543134689331
  ],
  "queried_values": [
    0.768438994884491,
    1.181379795074463,
    0.6535059809684753,
    0.3214315176010132,
    0.19242459535598755,
    1.403510332107544,
    1.0664345026016235,
    0.5716308951377869,
    0.943793535232544,
    1.6512025594711304,
    0.7569081783294678,
    1.4167009592056274,
    0.8924759030342102,
    1.1173468828201294,
    1.8201017379760742,
    1.3552192449569702,
    1.6738247871398926,
    1.525879144668579,
    1.1560055017471313,
    1.441152811050415,
    0.5607355833053589,
    2.207543134689331
  ],
  "actual_gains": [
    -0.6868184208869934,
    -0.2738776206970215,
    -0.801751434803009,
    -1.1338258981704712,
    -1.2628328800201416,
    -0.05174708366394043,
    -0.38882291316986084,
    -0.8836265206336975,
    -0.5114638805389404,
    0.195945143699646,
    -0.8942943811416626,
    -0.23450160026550293,
    -0.7587266564369202,
    -0.533855676651001,
    0.16889917850494385,
    -0.464882493019104,
    -0.14627695083618164,
    -0.2942225933074951,
    -0.6640962362289429,
    -0.3789489269256592,
    -1.2593661546707153,
    0.38744139671325684
  ],
  "proxy_rewards": [
    1.0430392026901245,
    0.8162683248519897,
    0.668968677520752,
    0.6664935946464539,
    0.6606396436691284,
    0.3687790334224701,
    0.6350255012512207,
    0.5113512277603149,
    0.4541020095348358,
    0.4023667573928833,
    0.5143007636070251,
    0.40113863348960876,
    0.38172298669815063,
    0.4317166805267334,
    0.3448597192764282,
    0.2566133141517639,
    0.37960001826286316,
    0.3895065486431122,
    0.2849594056606293,
    0.3761792778968811,
    0.3888227343559265,
    0.43442776799201965
  ],
  "proxy_improvements": [
    0.3042151629924774,
    0.11627623438835144,
    -0.0245805773884058,
    -0.027121350169181824,
    -0.033157121390104294,
    -0.4039160907268524,
    -0.06002194434404373,
    -0.20220069587230682,
    -0.2770395278930664,
    -0.35138651728630066,
    -0.19852429628372192,
    -0.3532428741455078,
    -0.38322487473487854,
    -0.30832940340042114,
    -0.4437900483608246,
    -0.6147889494895935,
    -0.3865784704685211,
    -0.3710588812828064,
    -0.5549755096435547,
    -0.3920147120952606,
    -0.372119665145874,
    -0.30447205901145935
  ],
  "floor_reward_flags": [
    0.0,
    0.0,
    0.0,
    0.0,
    0.0,
    0.0,
    0.0,
    0.0,
    0.0,
    0.0,
    0.0,
    0.0,
    0.0,
    0.0,
    0.0,
    0.0,
    0.0,
    0.0,
    0.0,
    0.0,
    0.0,
    0.0
  ],
  "step_reward_std": [
    0.12305351346731186,
    0.14668938517570496,
    0.12453019618988037,
    0.08909951895475388,
    0.11608906090259552,
    0.06878481805324554,
    0.12482374161481857,
    0.0985221341252327,
    0.0840318575501442,
    0.09249874949455261,
    0.07239416986703873,
    0.09050635248422623,
    0.06781478971242905,
    0.10348869115114212,
    0.07315772026777267,
    0.05622668191790581,
    0.06766243278980255,
    0.062475983053445816,
    0.046093638986349106,
    0.052887413650751114,
    0.07563021779060364,
    0.09503749758005142
  ],
  "step_improvement_std": [
    0.12097223103046417,
    0.18678653240203857,
    0.16717490553855896,
    0.11640620976686478,
    0.15118145942687988,
    0.16827577352523804,
    0.18966522812843323,
    0.19359569251537323,
    0.1562591940164566,
    0.20647019147872925,
    0.15532825887203217,
    0.21492700278759003,
    0.14991964399814606,
    0.22699835896492004,
    0.193808451294899,
    0.21044296026229858,
    0.1621450036764145,
    0.16358879208564758,
    0.1262715607881546,
    0.11129916459321976,
    0.17404182255268097,
    0.21870927512645721
  ],
  "same_mask_repeat_std": [
    0.057340748608112335,
    0.0730784460902214,
    0.044510290026664734,
    0.09562136232852936,
    0.012718025594949722,
    0.09949231892824173,
    0.04341639578342438,
    0.09920129925012589,
    0.1274251937866211,
    0.04890734329819679,
    0.04598262161016464,
    0.11722066253423691,
    0.046724915504455566,
    0.06543652713298798,
    0.07160212844610214,
    0.06194749101996422,
    0.09358439594507217,
    0.04132143408060074,
    0.12183643877506256,
    0.07543881237506866,
    0.024549799039959908,
    0.07659085094928741
  ],
  "proxy_actual_gain_corr": -0.3226072993751027,
  "surrogate_train_times_sec": [
    0.14547792077064514,
    0.12822729349136353,
    0.13719429075717926,
    0.13460282981395721,
    0.16007550060749054,
    0.13307766616344452,
    0.13002532720565796,
    0.12681254744529724,
    0.13141833245754242,
    0.13708171248435974,
    0.13573570549488068,
    0.13192616403102875,
    0.12812550365924835,
    0.1440122127532959,
    0.13258057832717896,
    0.13713312149047852,
    0.1256168782711029,
    0.12472649663686752,
    0.12633557617664337,
    0.12315849959850311,
    0.1418467015028,
    0.13284757733345032
  ],
  "gfn_train_times_sec": [
    18.437772750854492,
    18.307132720947266,
    18.004281997680664,
    18.23424530029297,
    18.180044174194336,
    18.22861099243164,
    18.278564453125,
    18.3469295501709,
    17.82225227355957,
    18.03985023498535,
    18.045753479003906,
    18.288747787475586,
    18.215177536010742,
    18.312358856201172,
    18.099853515625,
    17.97557258605957,
    17.969186782836914,
    17.92660140991211,
    18.373435974121094,
    18.214609146118164,
    18.37177848815918,
    18.23738670349121
  ],
  "proposal_times_sec": [
    18.810060501098633,
    18.69819450378418,
    18.37513542175293,
    18.608495712280273,
    18.563772201538086,
    18.60393714904785,
    18.665843963623047,
    18.715717315673828,
    18.195619583129883,
    18.422574996948242,
    18.41707992553711,
    18.658971786499023,
    18.601993560791016,
    18.692995071411133,
    18.466266632080078,
    18.343652725219727,
    18.3436336517334,
    18.30598258972168,
    18.761363983154297,
    18.608613967895508,
    18.791671752929688,
    18.611534118652344
  ],
  "iteration_times_sec": [
    18.972063064575195,
    18.84357261657715,
    18.52699851989746,
    18.760164260864258,
    18.741168975830078,
    18.7530460357666,
    18.812828063964844,
    18.858440399169922,
    18.341732025146484,
    18.57646369934082,
    18.568817138671875,
    18.805055618286133,
    18.745275497436523,
    18.853374481201172,
    18.615100860595703,
    18.49689483642578,
    18.4856014251709,
    18.445703506469727,
    18.903499603271484,
    18.749237060546875,
    18.947723388671875,
    18.759763717651367
  ],
  "total_wall_time_sec": 411.56357750005554
}
