{
  "seed": 1,
  "method": "gfn",
  "benchmark": "hartmann6",
  "spec_name": "reward_protocol_softplus_scaled_v2",
  "regrets": [
    2.2348580360412598,
    2.2348580360412598,
    2.2348580360412598,
    2.2348580360412598,
    1.6238834857940674,
    1.6238834857940674,
    1.6238834857940674,
    1.6238834857940674,
    1.6238834857940674,
    1.6238834857940674,
    1.6238834857940674,
    1.4113914966583252,
    1.4113914966583252,
    1.0796979665756226,
    0.23869119584560394,
    0.23869119584560394,
    0.23869119584560394,
    0.23869119584560394,
    0.23869119584560394,
    0.23869119584560394,
    0.23869119584560394,
    0.23869119584560394
  ],
  "best_values": [
    1.0875098705291748,
    1.0875098705291748,
    1.0875098705291748,
    1.0875098705291748,
    1.6984845399856567,
    1.6984845399856567,
    1.6984845399856567,
    1.6984845399856567,
    1.6984845399856567,
    1.6984845399856567,
    1.6984845399856567,
    1.910976529121399,
    1.910976529121399,
    2.2426700592041016,
    3.083676815032959,
    3.083676815032959,
    3.083676815032959,
    3.083676815032959,
    3.083676815032959,
    3.083676815032959,
    3.083676815032959,
    3.083676815032959
  ],
  "queried_values": [
    0.14529754221439362,
    0.23552672564983368,
    0.04460575804114342,
    0.9775240421295166,
    1.6984845399856567,
    0.12350286543369293,
    0.908405601978302,
    0.9720306992530823,
    0.2888489365577698,
    1.205739974975586,
    1.167346715927124,
    1.910976529121399,
    1.4947236776351929,
    2.2426700592041016,
    3.083676815032959,
    2.6748952865600586,
    0.8088623285293579,
    1.7912416458129883,
    2.721883535385132,
    1.7353075742721558,
    2.595689058303833,
    2.4111011028289795
  ],
  "actual_gains": [
    -0.9422123432159424,
    -0.8519831299781799,
    -1.0429041385650635,
    -0.1099858283996582,
    0.6109746694564819,
    -1.574981689453125,
    -0.7900789380073547,
    -0.7264538407325745,
    -1.4096355438232422,
    -0.4927445650100708,
    -0.5311378240585327,
    0.2124919891357422,
    -0.41625285148620605,
    0.33169353008270264,
    0.8410067558288574,
    -0.4087815284729004,
    -2.2748146057128906,
    -1.2924351692199707,
    -0.36179327964782715,
    -1.3483692407608032,
    -0.487987756729126,
    -0.6725757122039795
  ],
  "proxy_rewards": [
    0.8889590501785278,
    0.7122762203216553,
    0.7154374718666077,
    0.4837082326412201,
    0.625745415687561,
    0.47635817527770996,
    0.34946852922439575,
    0.2676820158958435,
    0.32269570231437683,
    0.2725256383419037,
    0.25801876187324524,
    0.3149453103542328,
    0.24510200321674347,
    0.30908626317977905,
    0.22915643453598022,
    0.09616703540086746,
    0.14863696694374084,
    0.12312879413366318,
    0.2781149744987488,
    0.1505175530910492,
    0.08305341750383377,
    0.15133775770664215
  ],
  "proxy_improvements": [
    0.1796591877937317,
    0.018851377069950104,
    0.02194936014711857,
    -0.23747502267360687,
    -0.0699460580945015,
    -0.24711649119853973,
    -0.4359315037727356,
    -0.5907782912254333,
    -0.48286259174346924,
    -0.5805431604385376,
    -0.6116905212402344,
    -0.4970621168613434,
    -0.6407440304756165,
    -0.5079951882362366,
    -0.6785367131233215,
    -1.1471455097198486,
    -0.9158669114112854,
    -1.0165959596633911,
    -0.5689271688461304,
    -0.9090944528579712,
    -1.2238563299179077,
    -0.9061651825904846
  ],
  "floor_reward_flags": [
    0.0,
    0.0,
    0.0,
    0.0,
    0.0,
    0.0,
    0.0,
    0.0,
    0.0,
    0.0,
    0.0,
    0.0,
    0.0,
    0.0,
    0.0,
    0.0,
    0.0,
    0.0,
    0.0,
    0.0,
    0.0,
    0.0
  ],
  "step_reward_std": [
    0.06517253816127777,
    0.07674135267734528,
    0.048174530267715454,
    0.0879368856549263,
    0.07616319507360458,
    0.04212461784482002,
    0.04795984923839569,
    0.05936276540160179,
    0.06657341122627258,
    0.05572028085589409,
    0.05279526859521866,
    0.07114500552415848,
    0.06236613169312477,
    0.06092355400323868,
    0.046513721346855164,
    0.02484844997525215,
    0.04457290098071098,
    0.02891051582992077,
    0.07262172549962997,
    0.03440665081143379,
    0.0231695044785738,
    0.031186485663056374
  ],
  "step_improvement_std": [
    0.0589732900261879,
    0.08755037188529968,
    0.0521390326321125,
    0.15626586973667145,
    0.10647409409284592,
    0.06375542283058167,
    0.11584776639938354,
    0.2327592968940735,
    0.1815335601568222,
    0.17714576423168182,
    0.2133839726448059,
    0.22330519556999207,
    0.24384716153144836,
    0.17485876381397247,
    0.1765706092119217,
    0.23275768756866455,
    0.29832613468170166,
    0.2603625953197479,
    0.26687702536582947,
    0.22104424238204956,
    0.2975069284439087,
    0.20844124257564545
  ],
  "same_mask_repeat_std": [
    0.054397981613874435,
    0.15319544076919556,
    0.033067867159843445,
    0.018779609352350235,
    0.03866337239742279,
    0.09112054854631424,
    0.057342857122421265,
    0.18212679028511047,
    0.08952005952596664,
    0.03644214943051338,
    0.028558677062392235,
    0.11574260890483856,
    0.12607622146606445,
    0.17511318624019623,
    0.15637707710266113,
    0.1835954487323761,
    0.222110316157341,
    0.27323126792907715,
    0.18907886743545532,
    0.1522563248872757,
    0.13791976869106293,
    0.10300799459218979
  ],
  "proxy_actual_gain_corr": 0.10707256872622599,
  "surrogate_train_times_sec": [
    0.15124404430389404,
    0.12394978851079941,
    0.21387162804603577,
    0.12717941403388977,
    0.13742612302303314,
    0.13800403475761414,
    0.14666391909122467,
    0.12438162416219711,
    0.12604324519634247,
    0.12774212658405304,
    0.12491416931152344,
    0.12359404563903809,
    0.12241078913211823,
    0.12971408665180206,
    0.1271272450685501,
    0.13790836930274963,
    0.14030279219150543,
    0.13599611818790436,
    0.12403954565525055,
    0.1301974207162857,
    0.14659270644187927,
    0.1287059634923935
  ],
  "gfn_train_times_sec": [
    18.871116638183594,
    19.193601608276367,
    18.967561721801758,
    19.062623977661133,
    19.184154510498047,
    18.989513397216797,
    19.005002975463867,
    18.82042121887207,
    18.893728256225586,
    18.99384307861328,
    18.705928802490234,
    18.748926162719727,
    18.78553009033203,
    18.74887466430664,
    18.549232482910156,
    18.478397369384766,
    18.557283401489258,
    18.34684181213379,
    18.334293365478516,
    18.430587768554688,
    18.28759002685547,
    18.24532127380371
  ],
  "proposal_times_sec": [
    19.261688232421875,
    19.64552879333496,
    19.35733985900879,
    19.48217010498047,
    19.597492218017578,
    19.39117431640625,
    19.40542984008789,
    19.207416534423828,
    19.291975021362305,
    19.380786895751953,
    19.0880126953125,
    19.13827133178711,
    19.172683715820312,
    19.139726638793945,
    18.940387725830078,
    18.86272621154785,
    18.962827682495117,
    18.742313385009766,
    18.724687576293945,
    18.817245483398438,
    18.67182731628418,
    18.634815216064453
  ],
  "iteration_times_sec": [
    19.428691864013672,
    19.792490005493164,
    19.587812423706055,
    19.625877380371094,
    19.75377082824707,
    19.54743194580078,
    19.566726684570312,
    19.348281860351562,
    19.434917449951172,
    19.525264739990234,
    19.229700088500977,
    19.277772903442383,
    19.310209274291992,
    19.284374237060547,
    19.08385467529297,
    19.016387939453125,
    19.118343353271484,
    18.89432716369629,
    18.864452362060547,
    18.96384048461914,
    18.834684371948242,
    18.779855728149414
  ],
  "total_wall_time_sec": 424.27015729097184
}
