{
  "seed": 4,
  "method": "gfn",
  "benchmark": "hartmann6",
  "spec_name": "reward_protocol_softplus_scaled_v2",
  "regrets": [
    0.7045868635177612,
    0.6882308721542358,
    0.6882308721542358,
    0.6882308721542358,
    0.6882308721542358,
    0.6882308721542358,
    0.6882308721542358,
    0.6882308721542358,
    0.6882308721542358,
    0.6882308721542358,
    0.6882308721542358,
    0.5226205587387085,
    0.5226205587387085,
    0.5226205587387085,
    0.5226205587387085,
    0.2576502561569214,
    0.2576502561569214,
    0.2576502561569214,
    0.2576502561569214,
    0.2576502561569214,
    0.2576502561569214,
    0.2576502561569214
  ],
  "best_values": [
    2.617781162261963,
    2.6341371536254883,
    2.6341371536254883,
    2.6341371536254883,
    2.6341371536254883,
    2.6341371536254883,
    2.6341371536254883,
    2.6341371536254883,
    2.6341371536254883,
    2.6341371536254883,
    2.6341371536254883,
    2.7997474670410156,
    2.7997474670410156,
    2.7997474670410156,
    2.7997474670410156,
    3.0647177696228027,
    3.0647177696228027,
    3.0647177696228027,
    3.0647177696228027,
    3.0647177696228027,
    3.0647177696228027,
    3.0647177696228027
  ],
  "queried_values": [
    1.0963666439056396,
    2.6341371536254883,
    0.39903348684310913,
    2.2682127952575684,
    2.5423731803894043,
    2.3877477645874023,
    1.314453125,
    2.1931893825531006,
    2.1464014053344727,
    2.6176531314849854,
    2.625028133392334,
    2.7997474670410156,
    1.917847990989685,
    1.8415693044662476,
    1.8881535530090332,
    3.0647177696228027,
    1.6555379629135132,
    2.495789051055908,
    2.8492465019226074,
    2.529968500137329,
    2.488016128540039,
    2.872368812561035
  ],
  "actual_gains": [
    -1.5214145183563232,
    0.01635599136352539,
    -2.2351036071777344,
    -0.3659243583679199,
    -0.09176397323608398,
    -0.24638938903808594,
    -1.3196840286254883,
    -0.4409477710723877,
    -0.4877357482910156,
    -0.01648402214050293,
    -0.009109020233154297,
    0.16561031341552734,
    -0.8818994760513306,
    -0.9581781625747681,
    -0.9115939140319824,
    0.2649703025817871,
    -1.4091798067092896,
    -0.5689287185668945,
    -0.2154712677001953,
    -0.5347492694854736,
    -0.5767016410827637,
    -0.19234895706176758
  ],
  "proxy_rewards": [
    1.351509928703308,
    0.5141671299934387,
    0.7332683801651001,
    0.6358850002288818,
    0.5257837772369385,
    0.5434617400169373,
    0.7117080092430115,
    0.711442768573761,
    0.6185547113418579,
    0.6491999626159668,
    0.5648640990257263,
    0.6632424592971802,
    0.4806210696697235,
    0.5942191481590271,
    0.3320152163505554,
    0.37235695123672485,
    0.2513729929924011,
    0.2796438932418823,
    0.21965081989765167,
    0.3042137622833252,
    0.4234476089477539,
    0.36289042234420776
  ],
  "proxy_improvements": [
    0.5259119272232056,
    -0.1986905038356781,
    0.03925103694200516,
    -0.059108078479766846,
    -0.18436284363269806,
    -0.1630137711763382,
    0.018293505534529686,
    0.018032968044281006,
    -0.07770879566669464,
    -0.04506221413612366,
    -0.13785520195960999,
    -0.030468855053186417,
    -0.24151062965393066,
    -0.10447577387094498,
    -0.4661659598350525,
    -0.39813753962516785,
    -0.6264747381210327,
    -0.5657849907875061,
    -0.7021942734718323,
    -0.5172230005264282,
    -0.3202156722545624,
    -0.41352835297584534
  ],
  "floor_reward_flags": [
    0.0,
    0.0,
    0.0,
    0.0,
    0.0,
    0.0,
    0.0,
    0.0,
    0.0,
    0.0,
    0.0,
    0.0,
    0.0,
    0.0,
    0.0,
    0.0,
    0.0,
    0.0,
    0.0,
    0.0,
    0.0,
    0.0
  ],
  "step_reward_std": [
    0.23792238533496857,
    0.11625225841999054,
    0.14631403982639313,
    0.15209782123565674,
    0.14645236730575562,
    0.12643979489803314,
    0.13489794731140137,
    0.1557105928659439,
    0.18004091084003448,
    0.17313717305660248,
    0.1335325688123703,
    0.17287957668304443,
    0.12101970613002777,
    0.15978524088859558,
    0.08156808465719223,
    0.0972386822104454,
    0.06766046583652496,
    0.06710556894540787,
    0.06161802262067795,
    0.08420493453741074,
    0.12495593726634979,
    0.10919264703989029
  ],
  "step_improvement_std": [
    0.2707432806491852,
    0.23756934702396393,
    0.2223302572965622,
    0.3139156997203827,
    0.4518939256668091,
    0.22609460353851318,
    0.2387026697397232,
    0.24287055432796478,
    0.37987613677978516,
    0.3552180528640747,
    0.2920457720756531,
    0.27469712495803833,
    0.3136206567287445,
    0.3030606508255005,
    0.3179370164871216,
    0.2710707485675812,
    0.30883362889289856,
    0.23267264664173126,
    0.3655983507633209,
    0.3300296664237976,
    0.4010158181190491,
    0.43387579917907715
  ],
  "same_mask_repeat_std": [
    0.15287791192531586,
    0.16333843767642975,
    0.13633768260478973,
    0.12742693722248077,
    0.08644576370716095,
    0.193807452917099,
    0.10260726511478424,
    0.06049550324678421,
    0.16868790984153748,
    0.058028534054756165,
    0.09858205169439316,
    0.1360088288784027,
    0.12079785764217377,
    0.18639986217021942,
    0.09940683841705322,
    0.12609227001667023,
    0.24387678503990173,
    0.15248136222362518,
    0.03974214941263199,
    0.10765980184078217,
    0.0942164808511734,
    0.17279097437858582
  ],
  "proxy_actual_gain_corr": -0.2556492103553776,
  "surrogate_train_times_sec": [
    0.13898220658302307,
    0.1399572491645813,
    0.11977946013212204,
    0.1406330019235611,
    0.14212395250797272,
    0.14645878970623016,
    0.141336128115654,
    0.15368475019931793,
    0.15387707948684692,
    0.14510570466518402,
    0.13519425690174103,
    0.12225308269262314,
    0.1380762904882431,
    0.14980970323085785,
    0.13761916756629944,
    0.13283678889274597,
    0.14416995644569397,
    0.12706725299358368,
    0.1386786699295044,
    0.15273374319076538,
    0.14500366151332855,
    0.13308021426200867
  ],
  "gfn_train_times_sec": [
    18.39985466003418,
    18.73477554321289,
    18.949485778808594,
    18.777408599853516,
    18.872962951660156,
    18.8709659576416,
    18.583757400512695,
    18.577608108520508,
    18.776926040649414,
    18.71263313293457,
    18.72920036315918,
    19.0834903717041,
    18.870830535888672,
    19.013423919677734,
    19.225238800048828,
    18.90170669555664,
    19.2132568359375,
    18.522363662719727,
    18.896242141723633,
    18.964969635009766,
    19.041595458984375,
    19.31020736694336
  ],
  "proposal_times_sec": [
    18.80176544189453,
    19.147897720336914,
    19.33693504333496,
    19.1603946685791,
    19.260616302490234,
    19.252357482910156,
    18.97456169128418,
    18.96293830871582,
    19.179426193237305,
    19.102643966674805,
    19.125642776489258,
    19.484088897705078,
    19.27773094177246,
    19.417644500732422,
    19.61259651184082,
    19.300338745117188,
    19.596582412719727,
    18.909181594848633,
    19.27687644958496,
    19.342422485351562,
    19.42482566833496,
    19.75038719177246
  ],
  "iteration_times_sec": [
    18.956867218017578,
    19.30474853515625,
    19.47347068786621,
    19.318845748901367,
    19.420894622802734,
    19.41459083557129,
    19.13339614868164,
    19.1335506439209,
    19.353334426879883,
    19.264259338378906,
    19.278350830078125,
    19.624319076538086,
    19.43425178527832,
    19.58485221862793,
    19.767620086669922,
    19.450254440307617,
    19.75849151611328,
    19.052213668823242,
    19.434158325195312,
    19.5125675201416,
    19.58643913269043,
    19.90403175354004
  ],
  "total_wall_time_sec": 427.16289137490094
}
