{
  "seed": 0,
  "method": "gfn",
  "benchmark": "hartmann6",
  "spec_name": "reward_protocol_softplus_scaled_v2",
  "regrets": [
    2.330576181411743,
    2.219883918762207,
    2.0399045944213867,
    2.0399045944213867,
    2.0399045944213867,
    2.0399045944213867,
    2.0399045944213867,
    1.9788068532943726,
    1.9788068532943726,
    1.9788068532943726,
    1.8920040130615234,
    1.8920040130615234,
    1.8920040130615234,
    1.7320514917373657,
    1.7320514917373657,
    1.7320514917373657,
    1.7320514917373657,
    1.7320514917373657,
    1.7320514917373657,
    1.7320514917373657,
    1.7320514917373657,
    1.7320514917373657
  ],
  "best_values": [
    0.9917917847633362,
    1.1024839878082275,
    1.2824634313583374,
    1.2824634313583374,
    1.2824634313583374,
    1.2824634313583374,
    1.2824634313583374,
    1.3435611724853516,
    1.3435611724853516,
    1.3435611724853516,
    1.4303640127182007,
    1.4303640127182007,
    1.4303640127182007,
    1.5903165340423584,
    1.5903165340423584,
    1.5903165340423584,
    1.5903165340423584,
    1.5903165340423584,
    1.5903165340423584,
    1.5903165340423584,
    1.5903165340423584,
    1.5903165340423584
  ],
  "queried_values": [
    0.660136342048645,
    1.1024839878082275,
    1.2824634313583374,
    0.220097154378891,
    1.020125150680542,
    1.117110252380371,
    0.32751747965812683,
    1.3435611724853516,
    1.1207373142242432,
    1.0573925971984863,
    1.4303640127182007,
    0.8330366015434265,
    0.9102284908294678,
    1.5903165340423584,
    1.1686372756958008,
    1.0115958452224731,
    1.0699632167816162,
    1.206034779548645,
    1.2604312896728516,
    1.2386736869812012,
    0.7911939024925232,
    1.5168068408966064
  ],
  "actual_gains": [
    -0.33165544271469116,
    0.11069220304489136,
    0.17997944355010986,
    -1.062366247177124,
    -0.2623382806777954,
    -0.1653531789779663,
    -0.9549459218978882,
    0.06109774112701416,
    -0.2228238582611084,
    -0.28616857528686523,
    0.08680284023284912,
    -0.5973274111747742,
    -0.5201355218887329,
    0.15995252132415771,
    -0.4216792583465576,
    -0.5787206888198853,
    -0.5203533172607422,
    -0.3842817544937134,
    -0.32988524436950684,
    -0.3516428470611572,
    -0.7991226315498352,
    -0.07350969314575195
  ],
  "proxy_rewards": [
    0.7536872625350952,
    0.6049202680587769,
    0.6967883706092834,
    0.8640104532241821,
    0.550218939781189,
    0.5771796107292175,
    0.5281021595001221,
    0.5411065220832825,
    0.4328019618988037,
    0.5489349961280823,
    0.5848684906959534,
    0.6370236277580261,
    0.48363596200942993,
    0.5117776393890381,
    0.41157418489456177,
    0.4729486405849457,
    0.480807363986969,
    0.4053284823894501,
    0.3984966278076172,
    0.35711929202079773,
    0.3900402784347534,
    0.32313811779022217
  ],
  "proxy_improvements": [
    0.05871716886758804,
    -0.09260904788970947,
    0.0035349265672266483,
    0.15828774869441986,
    -0.1549917310476303,
    -0.1236988753080368,
    -0.18153232336044312,
    -0.16582752764225006,
    -0.30678296089172363,
    -0.15651020407676697,
    -0.11497367173433304,
    -0.05789875611662865,
    -0.23756927251815796,
    -0.20166821777820587,
    -0.3376135528087616,
    -0.25162839889526367,
    -0.24126651883125305,
    -0.34692856669425964,
    -0.3572521209716797,
    -0.42307525873184204,
    -0.370231956243515,
    -0.4820607900619507
  ],
  "floor_reward_flags": [
    0.0,
    0.0,
    0.0,
    0.0,
    0.0,
    0.0,
    0.0,
    0.0,
    0.0,
    0.0,
    0.0,
    0.0,
    0.0,
    0.0,
    0.0,
    0.0,
    0.0,
    0.0,
    0.0,
    0.0,
    0.0,
    0.0
  ],
  "step_reward_std": [
    0.07322648167610168,
    0.07430455833673477,
    0.10699202120304108,
    0.060211434960365295,
    0.08282443135976791,
    0.06734547019004822,
    0.04244774207472801,
    0.05850619077682495,
    0.04717443883419037,
    0.0709846243262291,
    0.06074079871177673,
    0.08130008727312088,
    0.06682875752449036,
    0.06810221076011658,
    0.04394497722387314,
    0.052569661289453506,
    0.02932143397629261,
    0.081137515604496,
    0.044439125806093216,
    0.03728597238659859,
    0.05261729285120964,
    0.03256038948893547
  ],
  "step_improvement_std": [
    0.08156651258468628,
    0.09888233989477158,
    0.13540156185626984,
    0.05512614920735359,
    0.12546512484550476,
    0.09264319390058517,
    0.057301536202430725,
    0.0919584408402443,
    0.08331209421157837,
    0.1365586817264557,
    0.12721484899520874,
    0.12974174320697784,
    0.12492749094963074,
    0.1091359481215477,
    0.08381162583827972,
    0.10745298117399216,
    0.04685429483652115,
    0.1864013373851776,
    0.08460002392530441,
    0.08090993016958237,
    0.12242480367422104,
    0.0714007019996643
  ],
  "same_mask_repeat_std": [
    0.04086017236113548,
    0.035660501569509506,
    0.09549130499362946,
    0.07045654952526093,
    0.08513377606868744,
    0.04328501597046852,
    0.05470903962850571,
    0.03473876416683197,
    0.06947527080774307,
    0.049980808049440384,
    0.04484465345740318,
    0.09879609942436218,
    0.06726068258285522,
    0.032810647040605545,
    0.1200193241238594,
    0.026708919554948807,
    0.06333135068416595,
    0.027040252462029457,
    0.09637109935283661,
    0.1232672855257988,
    0.054667938500642776,
    0.04995299130678177
  ],
  "proxy_actual_gain_corr": -0.040441554052301265,
  "surrogate_train_times_sec": [
    0.13426904380321503,
    0.1277567446231842,
    0.12324337661266327,
    0.12981471419334412,
    0.12066216766834259,
    0.12123441696166992,
    0.11462162435054779,
    0.12459108233451843,
    0.13837383687496185,
    0.11972066760063171,
    0.11478391289710999,
    0.12962941825389862,
    0.12460774928331375,
    0.12923599779605865,
    0.12681542336940765,
    0.12729878723621368,
    0.13263079524040222,
    0.11722591519355774,
    0.12761583924293518,
    0.12169095873832703,
    0.1355612874031067,
    0.12497062236070633
  ],
  "gfn_train_times_sec": [
    18.614091873168945,
    18.362560272216797,
    18.720115661621094,
    18.90705108642578,
    18.768991470336914,
    19.155582427978516,
    19.169288635253906,
    19.095731735229492,
    18.92829132080078,
    18.943828582763672,
    18.533184051513672,
    18.62906265258789,
    19.072023391723633,
    19.09612464904785,
    18.885915756225586,
    18.64692497253418,
    18.724857330322266,
    18.788379669189453,
    18.845848083496094,
    18.60153579711914,
    18.62731170654297,
    18.86628532409668
  ],
  "proposal_times_sec": [
    19.005949020385742,
    18.726451873779297,
    19.130908966064453,
    19.28558921813965,
    19.162811279296875,
    19.543241500854492,
    19.56525993347168,
    19.516504287719727,
    19.34713363647461,
    19.330602645874023,
    18.92554473876953,
    19.017559051513672,
    19.46614646911621,
    19.48644256591797,
    19.27558135986328,
    19.041255950927734,
    19.1246337890625,
    19.18861961364746,
    19.22735023498535,
    18.990880966186523,
    19.016321182250977,
    19.2648868560791
  ],
  "iteration_times_sec": [
    19.15515899658203,
    18.86857032775879,
    19.27111053466797,
    19.43119239807129,
    19.298656463623047,
    19.67927360534668,
    19.69582748413086,
    19.660242080688477,
    19.501169204711914,
    19.466344833374023,
    19.057493209838867,
    19.16301155090332,
    19.605981826782227,
    19.63165283203125,
    19.417837142944336,
    19.18438720703125,
    19.27439308166504,
    19.322553634643555,
    19.370363235473633,
    19.128538131713867,
    19.16832733154297,
    19.407373428344727
  ],
  "total_wall_time_sec": 425.7605995419435
}
