{
  "seed": 1,
  "method": "random",
  "benchmark": "hartmann6",
  "spec_name": "reward_protocol_softplus_scaled_v2",
  "regrets": [
    2.2348580360412598,
    2.2348580360412598,
    2.2348580360412598,
    2.2348580360412598,
    2.2348580360412598,
    2.2348580360412598,
    1.9899356365203857,
    1.9899356365203857,
    1.1124716997146606,
    0.7941159009933472,
    0.7941159009933472,
    0.7941159009933472,
    0.7941159009933472,
    0.7941159009933472,
    0.7941159009933472,
    0.7941159009933472,
    0.7941159009933472,
    0.7941159009933472,
    0.6004844903945923,
    0.6004844903945923,
    0.6004844903945923,
    0.6004844903945923
  ],
  "best_values": [
    1.0875098705291748,
    1.0875098705291748,
    1.0875098705291748,
    1.0875098705291748,
    1.0875098705291748,
    1.0875098705291748,
    1.3324323892593384,
    1.3324323892593384,
    2.2098963260650635,
    2.528252124786377,
    2.528252124786377,
    2.528252124786377,
    2.528252124786377,
    2.528252124786377,
    2.528252124786377,
    2.528252124786377,
    2.528252124786377,
    2.528252124786377,
    2.721883535385132,
    2.721883535385132,
    2.721883535385132,
    2.721883535385132
  ],
  "queried_values": [
    0.14529754221439362,
    0.40915030241012573,
    0.6044576168060303,
    0.6052642464637756,
    0.18893489241600037,
    0.15774758160114288,
    1.3324323892593384,
    0.3014536201953888,
    2.2098963260650635,
    2.528252124786377,
    2.2308080196380615,
    1.200569748878479,
    0.7218236327171326,
    1.484815001487732,
    1.6233235597610474,
    2.48268461227417,
    2.030005693435669,
    2.471611976623535,
    2.721883535385132,
    1.5690882205963135,
    1.1363062858581543,
    2.5150108337402344
  ],
  "actual_gains": [
    -0.9422123432159424,
    -0.6783595681190491,
    -0.48305225372314453,
    -0.48224562406539917,
    -0.898574948310852,
    -0.9297623038291931,
    0.24492251873016357,
    -1.030978798866272,
    0.8774639368057251,
    0.3183557987213135,
    -0.29744410514831543,
    -1.327682375907898,
    -1.8064284324645996,
    -1.043437123298645,
    -0.9049285650253296,
    -0.04556751251220703,
    -0.498246431350708,
    -0.0566401481628418,
    0.19363141059875488,
    -1.1527953147888184,
    -1.5855772495269775,
    -0.20687270164489746
  ],
  "proxy_rewards": [
    0.8889590501785278,
    0.7452667355537415,
    0.7246531844139099,
    0.5240650177001953,
    0.43650269508361816,
    0.4884420335292816,
    0.3845756947994232,
    0.4213337004184723,
    0.36094966530799866,
    0.5047808885574341,
    0.6123911738395691,
    0.572203516960144,
    0.3431524932384491,
    0.26033055782318115,
    0.1689673513174057,
    0.2905067503452301,
    0.2215714007616043,
    0.20826543867588043,
    0.4776802659034729,
    0.24936650693416595,
    0.26983359456062317,
    0.27337950468063354
  ],
  "proxy_improvements": [
    0.1796591877937317,
    0.050733163952827454,
    0.03092777356505394,
    -0.18646737933158875,
    -0.3015328347682953,
    -0.2313256412744522,
    -0.3787425756454468,
    -0.3232841491699219,
    -0.41672465205192566,
    -0.21044915914535522,
    -0.08441471308469772,
    -0.12939149141311646,
    -0.44672340154647827,
    -0.6066259145736694,
    -0.846510112285614,
    -0.5438789129257202,
    -0.6973416209220886,
    -0.7317672967910767,
    -0.2453737109899521,
    -0.6310058832168579,
    -0.5862119793891907,
    -0.5787553191184998
  ],
  "floor_reward_flags": [
    0.0,
    0.0,
    0.0,
    0.0,
    0.0,
    0.0,
    0.0,
    0.0,
    0.0,
    0.0,
    0.0,
    0.0,
    0.0,
    0.0,
    0.0,
    0.0,
    0.0,
    0.0,
    0.0,
    0.0,
    0.0,
    0.0
  ],
  "step_reward_std": [
    0.028341664001345634,
    0.02277899906039238,
    0.01538623496890068,
    0.007793075405061245,
    0.01935780607163906,
    0.025320788845419884,
    0.009979326277971268,
    0.021178359165787697,
    0.015100603923201561,
    0.018733114004135132,
    1.1102230246251565e-16,
    0.021065618842840195,
    0.006585291121155024,
    0.014626318588852882,
    0.007805266417562962,
    0.01852651685476303,
    0.026827137917280197,
    0.010879498906433582,
    0.022682834416627884,
    0.011695049703121185,
    0.030851321294903755,
    5.551115123125783e-17
  ],
  "step_improvement_std": [
    0.025153031572699547,
    0.022452309727668762,
    0.015293245203793049,
    0.009909010492265224,
    0.0300949364900589,
    0.04024656489491463,
    0.016733096912503242,
    0.03543880209326744,
    0.02681560069322586,
    0.028105709701776505,
    0.0,
    0.025864604860544205,
    0.012110513634979725,
    0.036596398800611496,
    0.02888495661318302,
    0.04142593964934349,
    0.0985460877418518,
    0.03101452626287937,
    0.03318296745419502,
    0.028437267988920212,
    0.1196059063076973,
    0.0
  ],
  "same_mask_repeat_std": [
    0.036618348211050034,
    0.04942191019654274,
    0.05004067346453667,
    0.03763332590460777,
    0.012529744766652584,
    0.03555329889059067,
    0.021632526069879532,
    0.05340494588017464,
    0.07760842889547348,
    0.2602623701095581,
    0.15162310004234314,
    0.15835542976856232,
    0.1069304496049881,
    0.1262124478816986,
    0.035030536353588104,
    0.21481874585151672,
    0.13788355886936188,
    0.1557159274816513,
    0.09965374320745468,
    0.17990952730178833,
    0.10371630638837814,
    0.15774403512477875
  ],
  "proxy_actual_gain_corr": 0.03335668421954621,
  "surrogate_train_times_sec": [
    0.14706312119960785,
    0.1475067436695099,
    0.13260050117969513,
    0.13925078511238098,
    0.1197725385427475,
    0.1329769641160965,
    0.13163191080093384,
    0.1494511216878891,
    0.12958471477031708,
    0.14999671280384064,
    0.1437685787677765,
    0.1283825784921646,
    0.12105175107717514,
    0.12075625360012054,
    0.11671128869056702,
    0.14001967012882233,
    0.1411360800266266,
    0.1166551262140274,
    0.1292639970779419,
    0.11764645576477051,
    0.15261520445346832,
    0.11527296155691147
  ],
  "gfn_train_times_sec": [
    0.0,
    0.0,
    0.0,
    0.0,
    0.0,
    0.0,
    0.0,
    0.0,
    0.0,
    0.0,
    0.0,
    0.0,
    0.0,
    0.0,
    0.0,
    0.0,
    0.0,
    0.0,
    0.0,
    0.0,
    0.0,
    0.0
  ],
  "proposal_times_sec": [
    0.26694509387016296,
    0.25654181838035583,
    0.24463117122650146,
    0.2663644552230835,
    0.24302320182323456,
    0.2669345438480377,
    0.24476537108421326,
    0.2505633234977722,
    0.24140824377536774,
    0.25518327951431274,
    0.2492460012435913,
    0.22975613176822662,
    0.23018421232700348,
    0.23134420812129974,
    0.23159316182136536,
    0.27300846576690674,
    0.25648579001426697,
    0.23060832917690277,
    0.2288416624069214,
    0.24126720428466797,
    0.24291475117206573,
    0.2283119112253189
  ],
  "iteration_times_sec": [
    0.4317190945148468,
    0.4200190305709839,
    0.39379245042800903,
    0.4226251244544983,
    0.3790110945701599,
    0.4160902500152588,
    0.39845436811447144,
    0.4143580496311188,
    0.38772478699684143,
    0.4215867817401886,
    0.4073840081691742,
    0.3724079132080078,
    0.365496426820755,
    0.3655329942703247,
    0.36483511328697205,
    0.4304499924182892,
    0.41300708055496216,
    0.3616848289966583,
    0.37295976281166077,
    0.3735041320323944,
    0.4110364615917206,
    0.35734912753105164
  ],
  "total_wall_time_sec": 8.682019541040063
}
