{
  "seed": 2,
  "method": "random",
  "benchmark": "hartmann6",
  "spec_name": "reward_protocol_softplus_scaled_v2",
  "regrets": [
    2.146317958831787,
    2.146317958831787,
    2.146317958831787,
    2.146317958831787,
    2.146317958831787,
    2.106086492538452,
    2.106086492538452,
    2.106086492538452,
    2.106086492538452,
    2.106086492538452,
    2.106086492538452,
    2.106086492538452,
    2.106086492538452,
    1.9654182195663452,
    1.9654182195663452,
    1.540588617324829,
    1.540588617324829,
    1.5132149457931519,
    1.5132149457931519,
    1.5132149457931519,
    1.5132149457931519,
    1.5132149457931519
  ],
  "best_values": [
    1.1760499477386475,
    1.1760499477386475,
    1.1760499477386475,
    1.1760499477386475,
    1.1760499477386475,
    1.216281533241272,
    1.216281533241272,
    1.216281533241272,
    1.216281533241272,
    1.216281533241272,
    1.216281533241272,
    1.216281533241272,
    1.216281533241272,
    1.356949806213379,
    1.356949806213379,
    1.781779408454895,
    1.781779408454895,
    1.8091530799865723,
    1.8091530799865723,
    1.8091530799865723,
    1.8091530799865723,
    1.8091530799865723
  ],
  "queried_values": [
    1.1760499477386475,
    0.3462335765361786,
    0.6029416918754578,
    0.6646378636360168,
    1.1363978385925293,
    1.216281533241272,
    1.0001775026321411,
    1.0541021823883057,
    0.4876721501350403,
    0.6885892152786255,
    1.1326968669891357,
    0.7860615849494934,
    0.8327394723892212,
    1.356949806213379,
    0.7327861189842224,
    1.781779408454895,
    0.2841326594352722,
    1.8091530799865723,
    1.3162448406219482,
    1.6837230920791626,
    0.9929361939430237,
    0.7777500748634338
  ],
  "actual_gains": [
    0.18569177389144897,
    -0.8298163414001465,
    -0.5731082558631897,
    -0.5114120841026306,
    -0.039652109146118164,
    0.04023158550262451,
    -0.21610403060913086,
    -0.1621793508529663,
    -0.7286093831062317,
    -0.5276923179626465,
    -0.08358466625213623,
    -0.43021994829177856,
    -0.3835420608520508,
    0.14066827297210693,
    -0.6241636872291565,
    0.4248296022415161,
    -1.4976468086242676,
    0.027373671531677246,
    -0.492908239364624,
    -0.12542998790740967,
    -0.8162168860435486,
    -1.0314030647277832
  ],
  "proxy_rewards": [
    1.0126663446426392,
    0.9473658800125122,
    0.9666450023651123,
    0.6919641494750977,
    0.636156439781189,
    0.6132007241249084,
    0.5847830772399902,
    0.6170189380645752,
    0.5490835309028625,
    0.5492960214614868,
    0.5461350083351135,
    0.5921512842178345,
    0.506875216960907,
    0.49360063672065735,
    0.4364507496356964,
    0.42373737692832947,
    0.47304567694664,
    0.3731830418109894,
    0.3698451817035675,
    0.40520352125167847,
    0.5959095358848572,
    0.4829491376876831
  ],
  "proxy_improvements": [
    0.2805662155151367,
    0.22828491032123566,
    0.24393589794635773,
    -0.0012839004630222917,
    -0.05881965160369873,
    -0.08353116363286972,
    -0.11507012695074081,
    -0.07937516272068024,
    -0.15633442997932434,
    -0.15608297288417816,
    -0.1598311811685562,
    -0.1067868247628212,
    -0.20781104266643524,
    -0.22467683255672455,
    -0.30160626769065857,
    -0.31979602575302124,
    -0.25149965286254883,
    -0.3968099057674408,
    -0.40218934416770935,
    -0.3471161723136902,
    -0.1025908812880516,
    -0.23846544325351715
  ],
  "floor_reward_flags": [
    0.0,
    0.0,
    0.0,
    0.0,
    0.0,
    0.0,
    0.0,
    0.0,
    0.0,
    0.0,
    0.0,
    0.0,
    0.0,
    0.0,
    0.0,
    0.0,
    0.0,
    0.0,
    0.0,
    0.0,
    0.0,
    0.0
  ],
  "step_reward_std": [
    0.031013447791337967,
    1.1102230246251565e-16,
    0.026770295575261116,
    0.021790817379951477,
    0.013261362910270691,
    0.007438519038259983,
    0.02602626569569111,
    0.005787614732980728,
    0.008876406587660313,
    0.030674777925014496,
    0.03797256574034691,
    1.1102230246251565e-16,
    0.026939645409584045,
    0.006074463948607445,
    0.01676822640001774,
    0.010385382920503616,
    0.03167453780770302,
    0.018455633893609047,
    0.019123326987028122,
    0.018711216747760773,
    1.1102230246251565e-16,
    0.025325993075966835
  ],
  "step_improvement_std": [
    0.025336062535643578,
    8.326672684688674e-17,
    0.023465923964977264,
    0.022776391357183456,
    0.015297621488571167,
    0.00827561505138874,
    0.031859390437603,
    0.006441831588745117,
    0.010814126580953598,
    0.03837845101952553,
    0.05328952521085739,
    0.0,
    0.037233155220746994,
    0.007956336252391338,
    0.024898558855056763,
    0.01540992222726345,
    0.04682106897234917,
    0.035405248403549194,
    0.034611307084560394,
    0.02958858758211136,
    0.0,
    0.03704105690121651
  ],
  "same_mask_repeat_std": [
    0.03892665356397629,
    0.04368378967046738,
    0.019270572811365128,
    0.008662900887429714,
    0.024841517210006714,
    0.04803760349750519,
    0.06273139268159866,
    0.018864374607801437,
    0.015470887534320354,
    0.03960014507174492,
    0.0866250991821289,
    0.037180881947278976,
    0.05809362232685089,
    0.054876912385225296,
    0.031400494277477264,
    0.029817920178174973,
    0.07066436856985092,
    0.04919341951608658,
    0.027417689561843872,
    0.0604405552148819,
    0.04595033451914787,
    0.05328293517231941
  ],
  "proxy_actual_gain_corr": -0.03095404049346013,
  "surrogate_train_times_sec": [
    0.16063208878040314,
    0.14448578655719757,
    0.12657108902931213,
    0.11540237814188004,
    0.12679925560951233,
    0.12036587297916412,
    0.12227804213762283,
    0.12783032655715942,
    0.12512120604515076,
    0.13266728818416595,
    0.12279008328914642,
    0.12088199704885483,
    0.1331363320350647,
    0.13421174883842468,
    0.11693474650382996,
    0.13050758838653564,
    0.12522438168525696,
    0.11965899914503098,
    0.12679503858089447,
    0.135706827044487,
    0.1315414160490036,
    0.13066957890987396
  ],
  "gfn_train_times_sec": [
    0.0,
    0.0,
    0.0,
    0.0,
    0.0,
    0.0,
    0.0,
    0.0,
    0.0,
    0.0,
    0.0,
    0.0,
    0.0,
    0.0,
    0.0,
    0.0,
    0.0,
    0.0,
    0.0,
    0.0,
    0.0,
    0.0
  ],
  "proposal_times_sec": [
    0.2579641342163086,
    0.28528550267219543,
    0.2415129542350769,
    0.2341657429933548,
    0.22349953651428223,
    0.22706541419029236,
    0.23506562411785126,
    0.23145058751106262,
    0.23091717064380646,
    0.24308378994464874,
    0.23056524991989136,
    0.2362222522497177,
    0.3254345953464508,
    0.2420267015695572,
    0.2257542461156845,
    0.23894283175468445,
    0.23455683887004852,
    0.22649267315864563,
    0.24411053955554962,
    0.2259577512741089,
    0.2395617514848709,
    0.2582613229751587
  ],
  "iteration_times_sec": [
    0.43316999077796936,
    0.44632670283317566,
    0.38305428624153137,
    0.36408087611198425,
    0.365520715713501,
    0.3626590073108673,
    0.3727089464664459,
    0.37414005398750305,
    0.3706408739089966,
    0.39094486832618713,
    0.3673221170902252,
    0.37266096472740173,
    0.47281888127326965,
    0.39302507042884827,
    0.3586130738258362,
    0.38517409563064575,
    0.37548452615737915,
    0.36085957288742065,
    0.38573625683784485,
    0.37687909603118896,
    0.3855961561203003,
    0.4044639468193054
  ],
  "total_wall_time_sec": 8.502841374953277
}
