{
  "seed": 0,
  "method": "random",
  "benchmark": "hartmann6",
  "spec_name": "reward_protocol_softplus_scaled_v2",
  "regrets": [
    2.330576181411743,
    2.219883918762207,
    2.0399045944213867,
    2.0399045944213867,
    2.0399045944213867,
    2.0399045944213867,
    2.0399045944213867,
    2.0399045944213867,
    2.0399045944213867,
    2.0399045944213867,
    1.8920040130615234,
    1.8920040130615234,
    1.6003789901733398,
    1.6003789901733398,
    1.6003789901733398,
    1.6003789901733398,
    1.6003789901733398,
    1.6003789901733398,
    1.6003789901733398,
    1.486499309539795,
    1.486499309539795,
    1.486499309539795
  ],
  "best_values": [
    0.9917917847633362,
    1.1024839878082275,
    1.2824634313583374,
    1.2824634313583374,
    1.2824634313583374,
    1.2824634313583374,
    1.2824634313583374,
    1.2824634313583374,
    1.2824634313583374,
    1.2824634313583374,
    1.4303640127182007,
    1.4303640127182007,
    1.7219890356063843,
    1.7219890356063843,
    1.7219890356063843,
    1.7219890356063843,
    1.7219890356063843,
    1.7219890356063843,
    1.7219890356063843,
    1.8358687162399292,
    1.8358687162399292,
    1.8358687162399292
  ],
  "queried_values": [
    0.660136342048645,
    1.1024839878082275,
    1.2824634313583374,
    0.220097154378891,
    1.020125150680542,
    1.117110252380371,
    1.0775625705718994,
    0.7602211236953735,
    1.1725157499313354,
    1.0573925971984863,
    1.4303640127182007,
    0.8330366015434265,
    1.7219890356063843,
    0.911797821521759,
    1.1686372756958008,
    1.1275005340576172,
    1.0699632167816162,
    1.206034779548645,
    0.6387232542037964,
    1.8358687162399292,
    0.8436404466629028,
    0.892387330532074
  ],
  "actual_gains": [
    -0.33165544271469116,
    0.11069220304489136,
    0.17997944355010986,
    -1.062366247177124,
    -0.2623382806777954,
    -0.1653531789779663,
    -0.204900860786438,
    -0.5222423076629639,
    -0.10994768142700195,
    -0.22507083415985107,
    0.14790058135986328,
    -0.5973274111747742,
    0.2916250228881836,
    -0.8101912140846252,
    -0.5533517599105835,
    -0.5944885015487671,
    -0.6520258188247681,
    -0.5159542560577393,
    -1.083265781402588,
    0.11387968063354492,
    -0.9922282695770264,
    -0.9434813857078552
  ],
  "proxy_rewards": [
    0.7536872625350952,
    0.6370893120765686,
    0.7429884672164917,
    0.7458516359329224,
    0.5937341451644897,
    0.4654236137866974,
    0.507908284664154,
    0.5357282161712646,
    0.4304974675178528,
    0.5508086085319519,
    0.5603201985359192,
    0.5526737570762634,
    0.43755581974983215,
    0.4201834499835968,
    0.3484501242637634,
    0.3074679672718048,
    0.350426584482193,
    0.31685563921928406,
    0.2981920540332794,
    0.34753838181495667,
    0.3827764093875885,
    0.322569340467453
  ],
  "proxy_improvements": [
    0.05871716886758804,
    -0.057829082012176514,
    0.048562560230493546,
    0.05128971487283707,
    -0.1050172820687294,
    -0.2616773247718811,
    -0.20651283860206604,
    -0.17228761315345764,
    -0.3100703954696655,
    -0.1542951762676239,
    -0.1431361585855484,
    -0.15209564566612244,
    -0.30004531145095825,
    -0.3249589800834656,
    -0.4376605451107025,
    -0.5110461115837097,
    -0.43430882692337036,
    -0.4935348331928253,
    -0.5288035869598389,
    -0.43921202421188354,
    -0.38156646490097046,
    -0.4830917716026306
  ],
  "floor_reward_flags": [
    0.0,
    0.0,
    0.0,
    0.0,
    0.0,
    0.0,
    0.0,
    0.0,
    0.0,
    0.0,
    0.0,
    0.0,
    0.0,
    0.0,
    0.0,
    0.0,
    0.0,
    0.0,
    0.0,
    0.0,
    0.0,
    0.0
  ],
  "step_reward_std": [
    0.03528724983334541,
    1.1102230246251565e-16,
    1.1102230246251565e-16,
    0.017642337828874588,
    0.007362239062786102,
    0.005724759306758642,
    0.010060979053378105,
    0.011097216047346592,
    0.021979063749313354,
    0.0148167097941041,
    0.009821342304348946,
    1.1102230246251565e-16,
    0.011183743365108967,
    1.6653345369377348e-16,
    0.01647406630218029,
    0.010967383161187172,
    0.00959653127938509,
    0.018429629504680634,
    0.009847496636211872,
    0.010646018199622631,
    0.014181487262248993,
    0.022434866055846214
  ],
  "step_improvement_std": [
    0.034726180136203766,
    0.0,
    0.0,
    0.017841335386037827,
    0.008624357171356678,
    0.007829270325601101,
    0.012904373928904533,
    0.013774687424302101,
    0.033887870609760284,
    0.018237698823213577,
    0.011750921607017517,
    0.0,
    0.016223233193159103,
    0.0,
    0.03049863688647747,
    0.022304603829979897,
    0.01680929586291313,
    0.03961215913295746,
    0.020039420574903488,
    0.02102929912507534,
    0.023613490164279938,
    0.04648889601230621
  ],
  "same_mask_repeat_std": [
    0.024118782952427864,
    0.04265663027763367,
    0.023823758587241173,
    0.03098313696682453,
    0.029155554249882698,
    0.02220011316239834,
    0.025331804528832436,
    0.03639815375208855,
    0.03234577551484108,
    0.04345431551337242,
    0.027415767312049866,
    0.026952393352985382,
    0.04764024168252945,
    0.060196563601493835,
    0.051612067967653275,
    0.015919335186481476,
    0.026886751875281334,
    0.03133973106741905,
    0.07728929072618484,
    0.05802532285451889,
    0.043982215225696564,
    0.0592067614197731
  ],
  "proxy_actual_gain_corr": 0.3509446366391771,
  "surrogate_train_times_sec": [
    0.13965600728988647,
    0.12512925267219543,
    0.12112404406070709,
    0.13731203973293304,
    0.11742574721574783,
    0.11362520605325699,
    0.12197012454271317,
    0.13731220364570618,
    0.11702775210142136,
    0.12009495496749878,
    0.1293448805809021,
    0.13708528876304626,
    0.13635291159152985,
    0.14062733948230743,
    0.14482012391090393,
    0.13281695544719696,
    0.12259179353713989,
    0.13029932975769043,
    0.14459942281246185,
    0.1260778307914734,
    0.1293068379163742,
    0.12980924546718597
  ],
  "gfn_train_times_sec": [
    0.0,
    0.0,
    0.0,
    0.0,
    0.0,
    0.0,
    0.0,
    0.0,
    0.0,
    0.0,
    0.0,
    0.0,
    0.0,
    0.0,
    0.0,
    0.0,
    0.0,
    0.0,
    0.0,
    0.0,
    0.0,
    0.0
  ],
  "proposal_times_sec": [
    0.25402769446372986,
    0.2296885848045349,
    0.24339154362678528,
    0.24050745368003845,
    0.22808662056922913,
    0.23454412817955017,
    0.24052812159061432,
    0.2406642884016037,
    0.24495261907577515,
    0.23846620321273804,
    0.2504303455352783,
    0.2465008795261383,
    0.2555798888206482,
    0.2438325434923172,
    0.24867120385169983,
    0.24919067323207855,
    0.24932482838630676,
    0.2723585069179535,
    0.26002201437950134,
    0.2570975124835968,
    0.24288274347782135,
    0.25163617730140686
  ],
  "iteration_times_sec": [
    0.40814292430877686,
    0.37007325887680054,
    0.3790268003940582,
    0.39334386587142944,
    0.3609752357006073,
    0.36368197202682495,
    0.37681204080581665,
    0.39391854405403137,
    0.3767043650150299,
    0.37489473819732666,
    0.39481788873672485,
    0.39948412775993347,
    0.40865203738212585,
    0.4006193280220032,
    0.4079066216945648,
    0.3975245952606201,
    0.38796350359916687,
    0.41966405510902405,
    0.42322880029678345,
    0.3999326527118683,
    0.388433575630188,
    0.3967123329639435
  ],
  "total_wall_time_sec": 8.623482665978372
}
