{
  "seed": 4,
  "method": "random",
  "benchmark": "hartmann6",
  "spec_name": "reward_protocol_softplus_scaled_v2",
  "regrets": [
    0.7045868635177612,
    0.7045868635177612,
    0.7045868635177612,
    0.7045868635177612,
    0.7045868635177612,
    0.7045868635177612,
    0.7045868635177612,
    0.7045868635177612,
    0.7045868635177612,
    0.7045868635177612,
    0.7045868635177612,
    0.6772187948226929,
    0.6772187948226929,
    0.6772187948226929,
    0.6772187948226929,
    0.6772187948226929,
    0.6772187948226929,
    0.6772187948226929,
    0.6772187948226929,
    0.6772187948226929,
    0.6772187948226929,
    0.6772187948226929
  ],
  "best_values": [
    2.617781162261963,
    2.617781162261963,
    2.617781162261963,
    2.617781162261963,
    2.617781162261963,
    2.617781162261963,
    2.617781162261963,
    2.617781162261963,
    2.617781162261963,
    2.617781162261963,
    2.617781162261963,
    2.6451492309570312,
    2.6451492309570312,
    2.6451492309570312,
    2.6451492309570312,
    2.6451492309570312,
    2.6451492309570312,
    2.6451492309570312,
    2.6451492309570312,
    2.6451492309570312,
    2.6451492309570312,
    2.6451492309570312
  ],
  "queried_values": [
    1.0963666439056396,
    0.4080813527107239,
    1.182147741317749,
    2.2682127952575684,
    2.0638575553894043,
    2.3877477645874023,
    2.100168228149414,
    2.4389002323150635,
    1.6175864934921265,
    2.6176531314849854,
    1.7181742191314697,
    2.6451492309570312,
    2.3508148193359375,
    1.1624016761779785,
    1.6002287864685059,
    2.4545044898986816,
    1.7480236291885376,
    2.495789051055908,
    1.7123677730560303,
    2.46628737449646,
    2.346262216567993,
    1.5009775161743164
  ],
  "actual_gains": [
    -1.5214145183563232,
    -2.209699869155884,
    -1.4356334209442139,
    -0.34956836700439453,
    -0.5539236068725586,
    -0.23003339767456055,
    -0.5176129341125488,
    -0.17888092994689941,
    -1.0001946687698364,
    -0.00012803077697753906,
    -0.8996069431304932,
    0.02736806869506836,
    -0.29433441162109375,
    -1.4827475547790527,
    -1.0449204444885254,
    -0.1906447410583496,
    -0.8971256017684937,
    -0.14936017990112305,
    -0.932781457901001,
    -0.1788618564605713,
    -0.2988870143890381,
    -1.1441717147827148
  ],
  "proxy_rewards": [
    1.351509928703308,
    0.814487636089325,
    0.3491716682910919,
    0.3523041903972626,
    0.37982380390167236,
    0.3558986186981201,
    0.44564929604530334,
    0.6105930209159851,
    0.41510868072509766,
    0.422870397567749,
    0.4838421642780304,
    0.4370245933532715,
    0.3844781517982483,
    0.37950703501701355,
    0.42651650309562683,
    0.3999771475791931,
    0.36606737971305847,
    0.37296056747436523,
    0.3691248893737793,
    0.3093818128108978,
    0.28640350699424744,
    0.35755425691604614
  ],
  "proxy_improvements": [
    0.5259119272232056,
    0.11467914283275604,
    -0.43643510341644287,
    -0.43113937973976135,
    -0.38622424006462097,
    -0.42511093616485596,
    -0.2887074947357178,
    -0.08638031780719757,
    -0.33239269256591797,
    -0.32105228304862976,
    -0.23730039596557617,
    -0.3007953464984894,
    -0.3788953721523285,
    -0.38672569394111633,
    -0.315782755613327,
    -0.3550027906894684,
    -0.40832653641700745,
    -0.3971672058105469,
    -0.4033554792404175,
    -0.5074394941329956,
    -0.5520689487457275,
    -0.422351211309433
  ],
  "floor_reward_flags": [
    0.0,
    0.0,
    0.0,
    0.0,
    0.0,
    0.0,
    0.0,
    0.0,
    0.0,
    0.0,
    0.0,
    0.0,
    0.0,
    0.0,
    0.0,
    0.0,
    0.0,
    0.0,
    0.0,
    0.0,
    0.0,
    0.0
  ],
  "step_reward_std": [
    0.047164615243673325,
    0.04647210240364075,
    0.03749404475092888,
    0.0326082818210125,
    0.012011646293103695,
    0.03527561202645302,
    0.01911100186407566,
    0.03511327505111694,
    1.6653345369377348e-16,
    0.018123459070920944,
    0.02331279031932354,
    0.006768450140953064,
    0.03451337665319443,
    0.019526580348610878,
    0.022271065041422844,
    0.05515574291348457,
    0.04108411818742752,
    0.06411300599575043,
    0.02734428457915783,
    0.009482834488153458,
    0.033070486038923264,
    0.022333281114697456
  ],
  "step_improvement_std": [
    0.03286109119653702,
    0.044980574399232864,
    0.07607869058847427,
    0.06505285203456879,
    0.022114980965852737,
    0.08173088729381561,
    0.027866752818226814,
    0.04264140501618385,
    0.0,
    0.027578603476285934,
    0.03886406496167183,
    0.009887367486953735,
    0.06448789685964584,
    0.03445547819137573,
    0.03560261055827141,
    0.10819468647241592,
    0.09595980495214462,
    0.14236058294773102,
    0.055128760635852814,
    0.018720313906669617,
    0.08828148990869522,
    0.04061851650476456
  ],
  "same_mask_repeat_std": [
    0.12717582285404205,
    0.10884833335876465,
    0.11057984083890915,
    0.10690715163946152,
    0.05571164935827255,
    0.09671302139759064,
    0.059870850294828415,
    0.1113106831908226,
    0.062443025410175323,
    0.1133245974779129,
    0.12153752893209457,
    0.0565057210624218,
    0.04350769519805908,
    0.18805429339408875,
    0.10647121071815491,
    0.04854798689484596,
    0.07187968492507935,
    0.08268094062805176,
    0.08202169090509415,
    0.059804487973451614,
    0.07127618044614792,
    0.082898810505867
  ],
  "proxy_actual_gain_corr": -0.47212781325016867,
  "surrogate_train_times_sec": [
    0.13368146121501923,
    0.11634008586406708,
    0.12129224836826324,
    0.1132085844874382,
    0.11288570612668991,
    0.11845000088214874,
    0.12028912454843521,
    0.12671904265880585,
    0.13517563045024872,
    0.13760986924171448,
    0.12264812737703323,
    0.12543116509914398,
    0.12937046587467194,
    0.11654945462942123,
    0.13045991957187653,
    0.12135037779808044,
    0.12841704487800598,
    0.1276874989271164,
    0.1291474997997284,
    0.11489175260066986,
    0.1257561296224594,
    0.13251279294490814
  ],
  "gfn_train_times_sec": [
    0.0,
    0.0,
    0.0,
    0.0,
    0.0,
    0.0,
    0.0,
    0.0,
    0.0,
    0.0,
    0.0,
    0.0,
    0.0,
    0.0,
    0.0,
    0.0,
    0.0,
    0.0,
    0.0,
    0.0,
    0.0,
    0.0
  ],
  "proposal_times_sec": [
    0.23663511872291565,
    0.2497895359992981,
    0.24245503544807434,
    0.2333374172449112,
    0.2289898693561554,
    0.23774509131908417,
    0.24790999293327332,
    0.2534438371658325,
    0.2462431639432907,
    0.24677161872386932,
    0.2409280389547348,
    0.24029645323753357,
    0.22833216190338135,
    0.24453574419021606,
    0.24552741646766663,
    0.2317252904176712,
    0.23418983817100525,
    0.24037350714206696,
    0.23308971524238586,
    0.23864220082759857,
    0.25170671939849854,
    0.24511316418647766
  ],
  "iteration_times_sec": [
    0.3855980336666107,
    0.38296228647232056,
    0.3786267042160034,
    0.3609405755996704,
    0.35624974966049194,
    0.371443510055542,
    0.3840691149234772,
    0.3945476710796356,
    0.397765576839447,
    0.3993954658508301,
    0.37931886315345764,
    0.3809869587421417,
    0.3724247217178345,
    0.37691470980644226,
    0.391671746969223,
    0.3681434690952301,
    0.3770506680011749,
    0.3828090727329254,
    0.37686052918434143,
    0.3690001964569092,
    0.3929322063922882,
    0.3930947780609131
  ],
  "total_wall_time_sec": 8.37372079200577
}
