{
  "seed": 3,
  "method": "random",
  "benchmark": "hartmann6",
  "spec_name": "reward_protocol_softplus_scaled_v2",
  "regrets": [
    1.8671106100082397,
    1.8671106100082397,
    1.8671106100082397,
    1.8671106100082397,
    1.8671106100082397,
    1.8671106100082397,
    1.8671106100082397,
    1.8671106100082397,
    1.8671106100082397,
    1.8671106100082397,
    1.5935275554656982,
    1.5935275554656982,
    1.5935275554656982,
    1.5935275554656982,
    1.5935275554656982,
    1.5675448179244995,
    1.5675448179244995,
    1.5675448179244995,
    1.4515076875686646,
    1.4515076875686646,
    1.4515076875686646,
    1.4515076875686646
  ],
  "best_values": [
    1.4552574157714844,
    1.4552574157714844,
    1.4552574157714844,
    1.4552574157714844,
    1.4552574157714844,
    1.4552574157714844,
    1.4552574157714844,
    1.4552574157714844,
    1.4552574157714844,
    1.4552574157714844,
    1.7288404703140259,
    1.7288404703140259,
    1.7288404703140259,
    1.7288404703140259,
    1.7288404703140259,
    1.7548232078552246,
    1.7548232078552246,
    1.7548232078552246,
    1.8708603382110596,
    1.8708603382110596,
    1.8708603382110596,
    1.8708603382110596
  ],
  "queried_values": [
    0.768438994884491,
    1.181379795074463,
    0.17521600425243378,
    0.3217775821685791,
    0.16302770376205444,
    1.403510332107544,
    1.0664345026016235,
    0.39956560730934143,
    0.18663401901721954,
    0.6505281329154968,
    1.7288404703140259,
    0.5111517906188965,
    1.564322590827942,
    1.3906749486923218,
    0.9760679006576538,
    1.7548232078552246,
    1.3462104797363281,
    1.5466725826263428,
    1.8708603382110596,
    1.6413553953170776,
    1.1040321588516235,
    1.2318612337112427
  ],
  "actual_gains": [
    -0.6868184208869934,
    -0.2738776206970215,
    -1.2800414562225342,
    -1.1334798336029053,
    -1.2922296524047852,
    -0.05174708366394043,
    -0.38882291316986084,
    -1.0556918382644653,
    -1.2686233520507812,
    -0.8047292828559875,
    0.2735830545425415,
    -1.2176886796951294,
    -0.16451787948608398,
    -0.3381655216217041,
    -0.7527725696563721,
    0.02598273754119873,
    -0.4086127281188965,
    -0.20815062522888184,
    0.11603713035583496,
    -0.22950494289398193,
    -0.766828179359436,
    -0.6389991044998169
  ],
  "proxy_rewards": [
    1.0430392026901245,
    0.7608526349067688,
    0.6606510281562805,
    0.7379472851753235,
    0.6054918766021729,
    0.4628993272781372,
    0.6567801237106323,
    0.7112256288528442,
    0.5403892993927002,
    0.5054709911346436,
    0.43882277607917786,
    0.7342466115951538,
    0.3369506597518921,
    0.3905334770679474,
    0.6811739206314087,
    0.3851233422756195,
    0.4685707688331604,
    0.4582235515117645,
    0.43177708983421326,
    0.4349775016307831,
    0.481241911649704,
    0.4880162179470062
  ],
  "proxy_improvements": [
    0.3042151629924774,
    0.06546418368816376,
    -0.03314540535211563,
    0.04374364763498306,
    -0.0919795110821724,
    -0.26507681608200073,
    -0.03715724125504494,
    0.017819682136178017,
    -0.16668619215488434,
    -0.2095789760351181,
    -0.29825955629348755,
    0.04019196331501007,
    -0.4574834108352661,
    -0.36946868896484375,
    -0.012147048488259315,
    -0.37788519263267517,
    -0.25745922327041626,
    -0.2714124917984009,
    -0.3082432448863983,
    -0.3036923110485077,
    -0.24069742858409882,
    -0.2318768948316574
  ],
  "floor_reward_flags": [
    0.0,
    0.0,
    0.0,
    0.0,
    0.0,
    0.0,
    0.0,
    0.0,
    0.0,
    0.0,
    0.0,
    0.0,
    0.0,
    0.0,
    0.0,
    0.0,
    0.0,
    0.0,
    0.0,
    0.0,
    0.0,
    0.0
  ],
  "step_reward_std": [
    0.007296016439795494,
    0.031963758170604706,
    0.015366381034255028,
    0.03701262176036835,
    0.021156160160899162,
    0.017211072146892548,
    0.008202790282666683,
    0.04036502540111542,
    0.054132331162691116,
    0.02463540993630886,
    0.023965153843164444,
    0.01839374750852585,
    0.006100330501794815,
    0.023608993738889694,
    1.1102230246251565e-16,
    0.022589493542909622,
    0.023457320407032967,
    0.038656871765851974,
    0.0309886634349823,
    0.029644425958395004,
    0.025049950927495956,
    0.015044771134853363
  ],
  "step_improvement_std": [
    0.0057492307387292385,
    0.03259548544883728,
    0.016311584040522575,
    0.04287520423531532,
    0.0253297071903944,
    0.024158813059329987,
    0.008799741975963116,
    0.04609169438481331,
    0.0729871466755867,
    0.033068880438804626,
    0.03631219267845154,
    0.01830022595822811,
    0.010855880565941334,
    0.04464835301041603,
    0.0,
    0.04106889292597771,
    0.033338919281959534,
    0.06211664527654648,
    0.049233581870794296,
    0.04559440165758133,
    0.03438622131943703,
    0.02052263356745243
  ],
  "same_mask_repeat_std": [
    0.038261886686086655,
    0.07267104089260101,
    0.04417763277888298,
    0.08008445054292679,
    0.030529236420989037,
    0.02992778830230236,
    0.02744240313768387,
    0.05105772614479065,
    0.06713053584098816,
    0.04423312842845917,
    0.04612920433282852,
    0.05232539400458336,
    0.09258772432804108,
    0.06163289025425911,
    0.10525547713041306,
    0.07609045505523682,
    0.10656124353408813,
    0.05388455465435982,
    0.05392419546842575,
    0.10178721696138382,
    0.0453808456659317,
    0.06417062133550644
  ],
  "proxy_actual_gain_corr": -0.5755642214586135,
  "surrogate_train_times_sec": [
    0.13390162587165833,
    0.1405509114265442,
    0.12101729214191437,
    0.12465149909257889,
    0.11945487558841705,
    0.13263371586799622,
    0.12947353720664978,
    0.12648487091064453,
    0.12650224566459656,
    0.12887446582317352,
    0.1400790810585022,
    0.12396816909313202,
    0.14159125089645386,
    0.12458233535289764,
    0.12362521141767502,
    0.1285482943058014,
    0.13258129358291626,
    0.12860654294490814,
    0.118709996342659,
    0.13614054024219513,
    0.1338338702917099,
    0.12852567434310913
  ],
  "gfn_train_times_sec": [
    0.0,
    0.0,
    0.0,
    0.0,
    0.0,
    0.0,
    0.0,
    0.0,
    0.0,
    0.0,
    0.0,
    0.0,
    0.0,
    0.0,
    0.0,
    0.0,
    0.0,
    0.0,
    0.0,
    0.0,
    0.0,
    0.0
  ],
  "proposal_times_sec": [
    0.23933720588684082,
    0.2453557848930359,
    0.24272207915782928,
    0.23614341020584106,
    0.23387391865253448,
    0.2366112917661667,
    0.23566187918186188,
    0.24855974316596985,
    0.24098679423332214,
    0.24827058613300323,
    0.24021416902542114,
    0.22496050596237183,
    0.22392109036445618,
    0.22354061901569366,
    0.24150550365447998,
    0.22376033663749695,
    0.23430220782756805,
    0.2198963761329651,
    0.2276519536972046,
    0.23716887831687927,
    0.22786320745944977,
    0.2330237478017807
  ],
  "iteration_times_sec": [
    0.387788861989975,
    0.40027666091918945,
    0.3801157772541046,
    0.3761022090911865,
    0.3689684271812439,
    0.38404738903045654,
    0.3814862370491028,
    0.39070168137550354,
    0.3836587071418762,
    0.39346349239349365,
    0.39580386877059937,
    0.3640703856945038,
    0.38060030341148376,
    0.3619636595249176,
    0.3799087107181549,
    0.3670460283756256,
    0.3815194070339203,
    0.36281079053878784,
    0.36096256971359253,
    0.38711538910865784,
    0.37498554587364197,
    0.37592074275016785
  ],
  "total_wall_time_sec": 8.340258917072788
}
