{
  "summary": {
    "random": {
      "mean_regret": [
        4.603847026824951,
        2.8278422355651855,
        2.0861849784851074,
        0.5226982831954956
      ],
      "std_regret": [
        0.1547245979309082,
        1.2463213205337524,
        1.987978458404541,
        0.42449188232421875
      ],
      "mean_best_value": [
        -5.001734256744385,
        -3.225729465484619,
        -2.484072208404541,
        -0.9205856323242188
      ],
      "std_best_value": [
        0.1547245979309082,
        1.246321201324463,
        1.987978458404541,
        0.42449188232421875
      ],
      "mean_query_value": [
        -9.400882720947266,
        -3.225729465484619,
        -5.420376300811768,
        -1.7326576709747314
      ],
      "std_query_value": [
        4.2444233894348145,
        1.246321201324463,
        4.924282550811768,
        0.38758015632629395
      ],
      "final_regret_mean": 0.5226982831954956,
      "final_regret_std": 0.42449188232421875,
      "floor_reward_fraction_mean": 0.0,
      "step_reward_std_mean": 0.048359062522649765,
      "step_improvement_std_mean": 0.006293272599577904,
      "same_mask_repeat_std_mean": 1.3012293577194214,
      "proxy_actual_gain_corr_mean": 0.3460177779197693,
      "total_time_mean_sec": 0.4881270210025832
    },
    "gfn": {
      "mean_regret": [
        4.603847026824951,
        2.7786202430725098,
        2.0861849784851074,
        0.5226982831954956
      ],
      "std_regret": [
        0.1547245979309082,
        1.2955433130264282,
        1.987978458404541,
        0.42449188232421875
      ],
      "mean_best_value": [
        -5.001734256744385,
        -3.1765074729919434,
        -2.484072208404541,
        -0.9205856323242188
      ],
      "std_best_value": [
        0.1547245979309082,
        1.2955431938171387,
        1.987978458404541,
        0.42449188232421875
      ],
      "mean_query_value": [
        -9.400882720947266,
        -3.1765074729919434,
        -10.009571075439453,
        -2.967658042907715
      ],
      "std_query_value": [
        4.2444233894348145,
        1.2955431938171387,
        9.513477325439453,
        1.6225805282592773
      ],
      "final_regret_mean": 0.5226982831954956,
      "final_regret_std": 0.42449188232421875,
      "floor_reward_fraction_mean": 0.0,
      "step_reward_std_mean": 0.28964483737945557,
      "step_improvement_std_mean": 2.9049012660980225,
      "same_mask_repeat_std_mean": 1.1364195346832275,
      "proxy_actual_gain_corr_mean": -0.015776634216308594,
      "total_time_mean_sec": 0.47023568756412715
    },
    "tradeoff": {
      "regret_gain_of_gfn": 0.0,
      "slowdown_factor": 0.9633469718564066
    }
  },
  "random_trials": [
    {
      "seed": 0,
      "method": "random",
      "benchmark": "branin",
      "spec_name": "main_v2",
      "regrets": [
        4.449122428894043,
        4.074163436889648,
        4.074163436889648,
        0.9471901655197144
      ],
      "best_values": [
        -4.847009658813477,
        -4.472050666809082,
        -4.472050666809082,
        -1.3450775146484375
      ],
      "queried_values": [
        -13.645305633544922,
        -4.472050666809082,
        -10.344658851623535,
        -1.3450775146484375
      ],
      "actual_gains": [
        -8.798295974731445,
        0.37495899200439453,
        -5.872608184814453,
        3.1269731521606445
      ],
      "proxy_rewards": [
        1.0,
        1.0,
        1.0,
        1.0
      ],
      "proxy_improvements": [
        -40.7185173034668,
        -25.041011810302734,
        -26.717998504638672,
        -30.02627182006836
      ],
      "floor_reward_flags": [
        0.0,
        0.0,
        0.0,
        0.0
      ],
      "step_reward_std": [
        0.0,
        0.0,
        0.32475951313972473,
        0.0
      ],
      "step_improvement_std": [
        0.0,
        3.552713678800501e-15,
        0.026985494419932365,
        7.105427357601002e-15
      ],
      "same_mask_repeat_std": [
        1.3131295442581177,
        1.2684742212295532,
        1.3001047372817993,
        1.41243577003479
      ],
      "proxy_actual_gain_corr": 0.6014425986888268,
      "surrogate_train_times_sec": [
        0.8302054405212402,
        0.013196375221014023,
        0.01234170887619257,
        0.012173250317573547
      ],
      "gfn_train_times_sec": [
        0.0,
        0.0,
        0.0,
        0.0
      ],
      "proposal_times_sec": [
        0.005327375140041113,
        0.004705458879470825,
        0.004721417091786861,
        0.004547541961073875
      ],
      "iteration_times_sec": [
        0.8382142186164856,
        0.020886292681097984,
        0.019858790561556816,
        0.01966220885515213
      ],
      "total_wall_time_sec": 0.8988489169860259
    },
    {
      "seed": 1,
      "method": "random",
      "benchmark": "branin",
      "spec_name": "main_v2",
      "regrets": [
        4.758571624755859,
        1.581520915031433,
        0.09820639342069626,
        0.09820639342069626
      ],
      "best_values": [
        -5.156458854675293,
        -1.9794082641601562,
        -0.49609375,
        -0.49609375
      ],
      "queried_values": [
        -5.156458854675293,
        -1.9794082641601562,
        -0.49609375,
        -2.1202378273010254
      ],
      "actual_gains": [
        5.072325706481934,
        3.1770505905151367,
        1.4833145141601562,
        -1.6241440773010254
      ],
      "proxy_rewards": [
        1.0,
        1.0,
        1.0,
        1.0
      ],
      "proxy_improvements": [
        -17.797080993652344,
        -19.71343994140625,
        -24.961820602416992,
        -18.038549423217773
      ],
      "floor_reward_flags": [
        0.0,
        0.0,
        0.0,
        0.0
      ],
      "step_reward_std": [
        0.062112998217344284,
        0.0,
        0.0,
        0.0
      ],
      "step_improvement_std": [
        0.023360684514045715,
        3.552713678800501e-15,
        0.0,
        3.552713678800501e-15
      ],
      "same_mask_repeat_std": [
        1.0144301652908325,
        2.389955520629883,
        1.1587064266204834,
        0.5525979399681091
      ],
      "proxy_actual_gain_corr": 0.09059296898676311,
      "surrogate_train_times_sec": [
        0.01221112534403801,
        0.012538292445242405,
        0.011514457874000072,
        0.011562124826014042
      ],
      "gfn_train_times_sec": [
        0.0,
        0.0,
        0.0,
        0.0
      ],
      "proposal_times_sec": [
        0.005599792115390301,
        0.004449124913662672,
        0.004386249929666519,
        0.004552790895104408
      ],
      "iteration_times_sec": [
        0.02119862474501133,
        0.019328750669956207,
        0.0182304996997118,
        0.018501749262213707
      ],
      "total_wall_time_sec": 0.07740512501914054
    }
  ],
  "gfn_trials": [
    {
      "seed": 0,
      "method": "gfn",
      "benchmark": "branin",
      "spec_name": "main_v2",
      "regrets": [
        4.449122428894043,
        4.074163436889648,
        4.074163436889648,
        0.9471901655197144
      ],
      "best_values": [
        -4.847009658813477,
        -4.472050666809082,
        -4.472050666809082,
        -1.3450775146484375
      ],
      "queried_values": [
        -13.645305633544922,
        -4.472050666809082,
        -19.523048400878906,
        -1.3450775146484375
      ],
      "actual_gains": [
        -8.798295974731445,
        0.37495899200439453,
        -15.050997734069824,
        3.1269731521606445
      ],
      "proxy_rewards": [
        1.0,
        1.0,
        1.0,
        1.0
      ],
      "proxy_improvements": [
        -40.7185173034668,
        -20.605504989624023,
        -29.697673797607422,
        -28.77184295654297
      ],
      "floor_reward_flags": [
        0.0,
        0.0,
        0.0,
        0.0
      ],