{
  "branin": {
    "config": {
      "n_init": 8,
      "n_iter": 4,
      "seeds": [
        0,
        1
      ],
      "surrogate_hidden_dim": 64,
      "surrogate_epochs": 40,
      "n_candidates": 256,
      "heldout_mask_samples": 6,
      "random_mask_samples": 12,
      "gfn_mask_samples": 12,
      "gfn_steps": 8,
      "gfn_batch_size": 6
    },
    "random": {
      "trials": [
        {
          "seed": 0,
          "method": "random",
          "benchmark": "branin",
          "regrets": [
            0.28463447093963623,
            0.28463447093963623,
            0.28463447093963623,
            0.28463447093963623
          ],
          "best_values": [
            -0.6825218200683594,
            -0.6825218200683594,
            -0.6825218200683594,
            -0.6825218200683594
          ],
          "queried_values": [
            -0.6825218200683594,
            -9.182250022888184,
            -19.33790397644043,
            -14.417391777038574
          ],
          "proxy_rewards": [
            9.999999747378752e-05,
            9.999999747378752e-05,
            9.999999747378752e-05,
            9.999999747378752e-05
          ],
          "proxy_improvements": [
            -66.76532745361328,
            -62.120208740234375,
            -59.1505012512207,
            -51.96825408935547
          ],
          "gfn_training_rewards": [],
          "gfn_training_losses": [],
          "iteration_times_sec": [
            0.5344778299331665,
            0.014561542309820652,
            0.014441332779824734,
            0.01402041595429182
          ],
          "surrogate_train_times_sec": [
            0.5302988290786743,
            0.010714375413954258,
            0.01041837502270937,
            0.01011387538164854
          ],
          "gfn_train_times_sec": [
            0.0,
            0.0,
            0.0,
            0.0
          ],
          "proposal_times_sec": [
            0.004057582933455706,
            0.0037794578820466995,
            0.003950875252485275,
            0.0038455829489976168
          ],
          "oracle_eval_times_sec": [
            1.0165967978537083e-05,
            7.707974873483181e-06,
            1.0416959412395954e-05,
            6.959075108170509e-06
          ],
          "total_wall_time_sec": 0.5775516249705106
        },
        {
          "seed": 1,
          "method": "random",
          "benchmark": "branin",
          "regrets": [
            17.004226684570312,
            14.201544761657715,
            14.201544761657715,
            3.575068712234497
          ],
          "best_values": [
            -17.402114868164062,
            -14.599431991577148,
            -14.599431991577148,
            -3.9729561805725098
          ],
          "queried_values": [
            -20.212039947509766,
            -14.599431991577148,
            -20.368154525756836,
            -3.9729561805725098
          ],
          "proxy_rewards": [
            9.999999747378752e-05,
            9.999999747378752e-05,
            9.999999747378752e-05,
            9.999999747378752e-05
          ],
          "proxy_improvements": [
            -70.69963073730469,
            -66.64962768554688,
            -42.6418571472168,
            -41.03140640258789
          ],
          "gfn_training_rewards": [],
          "gfn_training_losses": [],
          "iteration_times_sec": [
            0.01403450034558773,
            0.013881833292543888,
            0.013752250000834465,
            0.014138459227979183
          ],
          "surrogate_train_times_sec": [
            0.009893165901303291,
            0.010112125426530838,
            0.00998983345925808,
            0.010356457903981209
          ],
          "gfn_train_times_sec": [
            0.0,
            0.0,
            0.0,
            0.0
          ],
          "proposal_times_sec": [
            0.004056375008076429,
            0.0037211249582469463,
            0.0037131670396775007,
            0.0037367078475654125
          ],
          "oracle_eval_times_sec": [
            6.334041245281696e-06,
            7.582944817841053e-06,
            6.708083674311638e-06,
            5.832989700138569e-06
          ],
          "total_wall_time_sec": 0.05584437504876405
        }
      ],
      "summary": {
        "final_regret_mean": 1.9298515915870667,
        "final_regret_std": 1.6452171206474304,
        "final_best_mean": -2.3277390003204346,
        "final_best_std": 1.6452171802520752,
        "total_time_mean_sec": 0.3166980000096373,
        "total_time_std_sec": 0.2608536249608733,
        "iter_time_mean_sec": 0.07916352059692144,
        "surrogate_time_mean_sec": 0.07523712702095509,
        "gfn_train_time_mean_sec": 0.0,
        "proposal_time_mean_sec": 0.00385760935023427
      }
    },
    "gfn": {
      "trials": [
        {
          "seed": 0,
          "method": "gfn",
          "benchmark": "branin",
          "regrets": [
            1.8710039854049683,
            1.8710039854049683,
            1.8710039854049683,
            1.8710039854049683
          ],
          "best_values": [
            -2.2688913345336914,
            -2.2688913345336914,
            -2.2688913345336914,
            -2.2688913345336914
          ],
          "queried_values": [
            -2.2688913345336914,
            -9.376951217651367,
            -3.116882801055908,
            -15.052712440490723
          ],
          "proxy_rewards": [
            9.999999747378752e-05,
            9.999999747378752e-05,
            9.999999747378752e-05,
            9.999999747378752e-05
          ],
          "proxy_improvements": [
            -68.22504425048828,
            -63.525978088378906,
            -51.75799560546875,
            -47.414249420166016
          ],
          "gfn_training_rewards": [
            9.999999747378752e-05,
            9.999999747378752e-05,
            9.999999747378752e-05,
            9.999999747378752e-05
          ],
          "gfn_training_losses": [
            3.234193801879883,
            2.251824378967285,
            1.7689844369888306,
            1.1138906478881836
          ],
          "iteration_times_sec": [
            0.09954137355089188,
            0.09891791641712189,
            0.09896799921989441,
            0.09805949777364731
          ],
          "surrogate_train_times_sec": [
            0.00989537499845028,
            0.010729041881859303,
            0.010677332989871502,
            0.010557042434811592
          ],
          "gfn_train_times_sec": [
            0.07849983125925064,
            0.07725166529417038,
            0.07720683515071869,
            0.07651091367006302
          ],
          "proposal_times_sec": [
            0.011093624867498875,
            0.010883750393986702,
            0.010983332991600037,
            0.01088087446987629
          ],
          "oracle_eval_times_sec": [
            8.00006091594696e-06,
            7.500057108700275e-06,
            9.499955922365189e-06,
            7.999944500625134e-06
          ],
          "total_wall_time_sec": 0.3955380419502035
        },
        {
          "seed": 1,
          "method": "gfn",
          "benchmark": "branin",
          "regrets": [
            17.004226684570312,
            3.9480721950531006,
            3.9480721950531006,
            3.9480721950531006
          ],
          "best_values": [
            -17.402114868164062,
            -4.345959663391113,
            -4.345959663391113,
            -4.345959663391113
          ],
          "queried_values": [
            -20.574087142944336,
            -4.345959663391113,
            -5.4261794090271,
            -5.702359676361084
          ],
          "proxy_rewards": [
            9.999999747378752e-05,
            9.999999747378752e-05,
            9.999999747378752e-05,
            9.999999747378752e-05
          ],