benchmark,method,seed,final_regret,final_best_value,total_wall_time_sec,mean_iteration_time_sec,mean_surrogate_train_time_sec,mean_gfn_train_time_sec,mean_proposal_time_sec,mean_oracle_eval_time_sec
branin,random,0,0.28463447093963623,-0.6825218200683594,0.5775516249705106,0.144375279545784,0.14038635790348053,0.0,0.003908374812453985,8.812494343146682e-06
branin,random,1,3.575068712234497,-3.9729561805725098,0.05584437504876405,0.013951761648058891,0.010087896138429642,0.0,0.003806843888014555,6.614514859393239e-06
branin,gfn,0,1.8710039854049683,-2.2688913345336914,0.3955380419502035,0.09887170046567917,0.010464698076248169,0.07736731320619583,0.010960396379232407,8.25000461190939e-06
branin,gfn,1,3.9480721950531006,-4.345959663391113,0.40785325004253536,0.10194604843854904,0.011110822670161724,0.07906518876552582,0.011689302511513233,9.385490557178855e-06
