{
  "summary": {
    "random": {
      "mean_regret": [
        3.4088594913482666,
        2.7749688625335693,
        2.7749688625335693,
        2.7749688625335693
      ],
      "std_regret": [
        0.5745749473571777,
        0.05931568145751953,
        0.05931568145751953,
        0.05931568145751953
      ],
      "mean_best_value": [
        -3.8067469596862793,
        -3.172856330871582,
        -3.172856330871582,
        -3.172856330871582
      ],
      "std_best_value": [
        0.5745749473571777,
        0.05931568145751953,
        0.05931568145751953,
        0.05931568145751953
      ],
      "mean_query_value": [
        -13.847650527954102,
        -148.49337768554688,
        -12.709524154663086,
        -11.05430793762207
      ],
      "std_query_value": [
        6.61104154586792,
        145.3798370361328,
        6.520566940307617,
        2.458914279937744
      ],
      "final_regret_mean": 2.7749688625335693,
      "final_regret_std": 0.05931568145751953,
      "floor_reward_fraction_mean": 0.0,
      "step_reward_std_mean": 0.09794153273105621,
      "same_mask_repeat_std_mean": 2.1010446548461914,
      "total_time_mean_sec": 0.4218865829752758
    },
    "gfn": {
      "mean_regret": [
        3.4088594913482666,
        2.7749688625335693,
        2.7749688625335693,
        2.7749688625335693
      ],
      "std_regret": [
        0.5745749473571777,
        0.05931568145751953,
        0.05931568145751953,
        0.05931568145751953
      ],
      "mean_best_value": [
        -3.8067469596862793,
        -3.172856330871582,
        -3.172856330871582,
        -3.172856330871582
      ],
      "std_best_value": [
        0.5745749473571777,
        0.05931568145751953,
        0.05931568145751953,
        0.05931568145751953
      ],
      "mean_query_value": [
        -13.847650527954102,
        -148.49337768554688,
        -12.709524154663086,
        -11.05430793762207
      ],
      "std_query_value": [
        6.61104154586792,
        145.3798370361328,
        6.520566940307617,
        2.458914279937744
      ],
      "final_regret_mean": 2.7749688625335693,
      "final_regret_std": 0.05931568145751953,
      "floor_reward_fraction_mean": 0.0,
      "step_reward_std_mean": 0.15804846584796906,
      "same_mask_repeat_std_mean": 1.49807608127594,
      "total_time_mean_sec": 0.45724589604651555
    },
    "tradeoff": {
      "regret_gain_of_gfn": 0.0,
      "slowdown_factor": 1.0838123668732833
    }
  },
  "random_trials": [
    {
      "seed": 0,
      "method": "random",
      "benchmark": "branin",
      "spec_name": "main_v2",
      "regrets": [
        3.9834344387054443,
        2.71565318107605,
        2.71565318107605,
        2.71565318107605
      ],
      "best_values": [
        -4.381321907043457,
        -3.1135406494140625,
        -3.1135406494140625,
        -3.1135406494140625
      ],
      "queried_values": [
        -7.236608982086182,
        -3.1135406494140625,
        -6.188957214355469,
        -8.595394134521484
      ],
      "proxy_rewards": [
        1.0,
        1.0,
        1.0,
        1.0
      ],
      "proxy_improvements": [
        -10.878085136413574,
        -9.301936149597168,
        -2.9414801597595215,
        -5.534555435180664
      ],
      "floor_reward_flags": [
        0.0,
        0.0,
        0.0,
        0.0
      ],
      "step_reward_std": [
        0.0,
        0.0,
        0.0,
        0.0
      ],
      "same_mask_repeat_std": [
        1.7754007577896118,
        0.9779189229011536,
        1.0671355724334717,
        1.6441305875778198
      ],
      "surrogate_train_times_sec": [
        0.7071621417999268,
        0.011966750025749207,
        0.011115833185613155,
        0.011815374717116356
      ],
      "gfn_train_times_sec": [
        0.0,
        0.0,
        0.0,
        0.0
      ],
      "proposal_times_sec": [
        0.0050272089429199696,
        0.004519832786172628,
        0.004591207951307297,
        0.004454249981790781
      ],
      "iteration_times_sec": [
        0.7148401141166687,
        0.018855750560760498,
        0.018160583451390266,
        0.018609624356031418
      ],
      "total_wall_time_sec": 0.7704731250414625
    },
    {
      "seed": 1,
      "method": "random",
      "benchmark": "branin",
      "spec_name": "main_v2",
      "regrets": [
        2.834284543991089,
        2.834284543991089,
        2.834284543991089,
        2.834284543991089
      ],
      "best_values": [
        -3.2321720123291016,
        -3.2321720123291016,
        -3.2321720123291016,
        -3.2321720123291016
      ],
      "queried_values": [
        -20.45869255065918,
        -293.87322998046875,
        -19.230091094970703,
        -13.513222694396973
      ],
      "proxy_rewards": [
        1.0,
        1.0,
        1.0,
        1.0
      ],
      "proxy_improvements": [
        -53.18031311035156,
        -40.77174377441406,
        -48.07609558105469,
        -36.536956787109375
      ],
      "floor_reward_flags": [
        0.0,
        0.0,
        0.0,
        0.0
      ],
      "step_reward_std": [
        0.20541943609714508,
        0.32475951313972473,
        0.0,
        0.2533532679080963
      ],
      "same_mask_repeat_std": [
        1.480523705482483,
        1.1959764957427979,
        2.8770291805267334,
        5.7902421951293945
      ],
      "surrogate_train_times_sec": [
        0.011342541314661503,
        0.011884166859090328,
        0.010903624817728996,
        0.011858416721224785
      ],
      "gfn_train_times_sec": [
        0.0,
        0.0,
        0.0,
        0.0
      ],
      "proposal_times_sec": [
        0.0045807501301169395,
        0.004454708192497492,
        0.004371250048279762,
        0.004462167154997587
      ],
      "iteration_times_sec": [
        0.018308749422430992,
        0.018608499318361282,
        0.01759137585759163,
        0.018783874809741974
      ],
      "total_wall_time_sec": 0.07330004090908915
    }
  ],
  "gfn_trials": [
    {
      "seed": 0,
      "method": "gfn",
      "benchmark": "branin",
      "spec_name": "main_v2",
      "regrets": [
        3.9834344387054443,
        2.71565318107605,
        2.71565318107605,
        2.71565318107605
      ],
      "best_values": [
        -4.381321907043457,
        -3.1135406494140625,
        -3.1135406494140625,
        -3.1135406494140625
      ],
      "queried_values": [
        -7.236608982086182,
        -3.1135406494140625,
        -6.188957214355469,
        -8.595394134521484
      ],
      "proxy_rewards": [
        1.0,
        1.0,
        1.0,
        1.0
      ],
      "proxy_improvements": [
        -10.878085136413574,
        -6.259682655334473,
        -5.352994918823242,
        -9.891709327697754
      ],
      "floor_reward_flags": [
        0.0,
        0.0,
        0.0,
        0.0
      ],
      "step_reward_std": [
        0.0,
        0.0,
        0.0,
        0.2533532679080963
      ],
      "same_mask_repeat_std": [
        1.8494187593460083,
        1.3745445013046265,
        0.7506879568099976,
        1.2965261936187744
      ],
      "surrogate_train_times_sec": [
        0.012059333734214306,
        0.012281250208616257,
        0.012374709360301495,
        0.012294375337660313
      ],
      "gfn_train_times_sec": [
        0.08932033181190491,
        0.09247487783432007,
        0.09282812476158142,
        0.09057783335447311
      ],
      "proposal_times_sec": [
        0.10272837430238724,
        0.10572179406881332,
        0.1057247519493103,
        0.10372591763734818
      ],
      "iteration_times_sec": [
        0.11729537695646286,
        0.1206580400466919,
        0.1205672100186348,
        0.11857292056083679
      ],
      "total_wall_time_sec": 0.4771002500783652
    },
    {
      "seed": 1,
      "method": "gfn",
      "benchmark": "branin",
      "spec_name": "main_v2",