{
  "suite": "main_v2",
  "profile": "smoke",
  "runs": [
    {
      "spec_name": "main_v2",
      "benchmark": "branin",
      "artifact_dir": "/Users/ayana.mussabayeva/projects/domaha/sequential_desicion_project/artifacts_v2/main_v2/branin/20260422_213726_307294",
      "summary": {
        "random": {
          "mean_regret": [
            5.3708930015563965,
            2.3227453231811523,
            2.278179407119751,
            2.278179407119751
          ],
          "std_regret": [
            6.01145076751709,
            1.3123157024383545,
            1.2664045095443726,
            1.2664045095443726
          ],
          "mean_best_value": [
            -5.768780708312988,
            -2.720633029937744,
            -2.6760668754577637,
            -2.6760668754577637
          ],
          "std_best_value": [
            6.011451721191406,
            1.3123157024383545,
            1.266404628753662,
            1.266404628753662
          ],
          "mean_query_value": [
            -66.38130950927734,
            -9.640472412109375,
            -6.878911018371582,
            -8.057836532592773
          ],
          "std_query_value": [
            69.67948150634766,
            6.869945049285889,
            4.194128513336182,
            5.24285888671875
          ],
          "final_regret_mean": 2.278179407119751,
          "final_regret_std": 1.2664045095443726,
          "floor_reward_fraction_mean": 0.0,
          "step_reward_std_mean": 0.13138166069984436,
          "step_improvement_std_mean": 0.1323084533214569,
          "same_mask_repeat_std_mean": 0.8094016313552856,
          "proxy_actual_gain_corr_mean": -0.44493818283081055,
          "total_time_mean_sec": 0.25077158340718597
        },
        "gfn": {
          "mean_regret": [
            5.3708930015563965,
            2.626485824584961,
            2.5819199085235596,
            2.373882532119751
          ],
          "std_regret": [
            6.01145076751709,
            1.724717617034912,
            1.6980377435684204,
            1.3882739543914795
          ],
          "mean_best_value": [
            -5.768780708312988,
            -3.0243732929229736,
            -2.9798073768615723,
            -2.7717700004577637
          ],
          "std_best_value": [
            6.011451721191406,
            1.724717617034912,
            1.6980377435684204,
            1.38827383518219
          ],
          "mean_query_value": [
            -66.38130950927734,
            -7.768838405609131,
            -10.005842208862305,
            -8.697427749633789
          ],
          "std_query_value": [
            69.67948150634766,
            4.021507263183594,
            5.101541996002197,
            5.006566524505615
          ],
          "final_regret_mean": 2.373882532119751,
          "final_regret_std": 1.3882739543914795,
          "floor_reward_fraction_mean": 0.0,
          "step_reward_std_mean": 0.2639285922050476,
          "step_improvement_std_mean": 1.8988239765167236,
          "same_mask_repeat_std_mean": 0.9397592544555664,
          "proxy_actual_gain_corr_mean": -0.48043546080589294,
          "total_time_mean_sec": 0.4170797081897035
        },
        "tradeoff": {
          "regret_gain_of_gfn": -0.095703125,
          "slowdown_factor": 1.663185686842666
        }
      }
    },
    {
      "spec_name": "main_v2",
      "benchmark": "hartmann6",
      "artifact_dir": "/Users/ayana.mussabayeva/projects/domaha/sequential_desicion_project/artifacts_v2/main_v2/hartmann6/20260422_213729_842243",
      "summary": {
        "random": {
          "mean_regret": [
            2.1894147396087646,
            2.1894147396087646,
            2.1894147396087646,
            2.1894147396087646
          ],
          "std_regret": [
            0.38266506791114807,
            0.38266506791114807,
            0.38266506791114807,
            0.38266506791114807
          ],
          "mean_best_value": [
            1.1329530477523804,
            1.1329530477523804,
            1.1329530477523804,
            1.1329530477523804
          ],
          "std_best_value": [
            0.38266506791114807,
            0.38266506791114807,
            0.38266506791114807,
            0.38266506791114807
          ],
          "mean_query_value": [
            0.4654662609100342,
            0.3663909435272217,
            0.5129172205924988,
            0.6487554311752319
          ],
          "std_query_value": [
            0.31174373626708984,
            0.29195305705070496,
            0.4908595681190491,
            0.4166888892650604
          ],
          "final_regret_mean": 2.1894147396087646,
          "final_regret_std": 0.38266506791114807,
          "floor_reward_fraction_mean": 0.0,
          "step_reward_std_mean": 0.15035615861415863,
          "step_improvement_std_mean": 0.001863024546764791,
          "same_mask_repeat_std_mean": 0.020408371463418007,
          "proxy_actual_gain_corr_mean": -0.24117200076580048,
          "total_time_mean_sec": 0.07867228321265429
        },
        "gfn": {
          "mean_regret": [
            2.1894147396087646,
            2.1894147396087646,
            2.1894147396087646,
            2.1894147396087646
          ],
          "std_regret": [
            0.38266506791114807,
            0.38266506791114807,
            0.38266506791114807,
            0.38266506791114807
          ],
          "mean_best_value": [
            1.1329530477523804,
            1.1329530477523804,
            1.1329530477523804,
            1.1329530477523804
          ],
          "std_best_value": [
            0.38266506791114807,
            0.38266506791114807,
            0.38266506791114807,
            0.38266506791114807
          ],
          "mean_query_value": [
            0.4654662609100342,
            0.42343807220458984,
            0.4281858801841736,
            0.4897865355014801
          ],
          "std_query_value": [
            0.31174373626708984,
            0.24784409999847412,
            0.5169242024421692,
            0.44003939628601074
          ],
          "final_regret_mean": 2.1894147396087646,
          "final_regret_std": 0.38266506791114807,
          "floor_reward_fraction_mean": 0.0,
          "step_reward_std_mean": 0.3125342130661011,
          "step_improvement_std_mean": 0.019977064803242683,
          "same_mask_repeat_std_mean": 0.023533469066023827,
          "proxy_actual_gain_corr_mean": -0.35454025864601135,
          "total_time_mean_sec": 0.6030955165857449
        },
        "tradeoff": {
          "regret_gain_of_gfn": 0.0,
          "slowdown_factor": 7.665921109160565
        }
      }
    },
    {
      "spec_name": "main_v2",
      "benchmark": "ackley10",
      "artifact_dir": "/Users/ayana.mussabayeva/projects/domaha/sequential_desicion_project/artifacts_v2/main_v2/ackley10/20260422_213733_318773",
      "summary": {
        "random": {
          "mean_regret": [
            20.190319061279297,
            20.190319061279297,
            20.190319061279297,
            20.190319061279297
          ],
          "std_regret": [
            0.08981966972351074,
            0.08981966972351074,
            0.08981966972351074,
            0.08981966972351074
          ],
          "mean_best_value": [
            -20.190319061279297,
            -20.190319061279297,
            -20.190319061279297,
            -20.190319061279297
          ],
          "std_best_value": [
            0.08981966972351074,
            0.08981966972351074,
            0.08981966972351074,
            0.08981966972351074
          ],
          "mean_query_value": [
            -21.23160171508789,
            -21.45818519592285,
            -21.303619384765625,
            -21.2028865814209
          ],