{
  "seed": 3,
  "method": "gfn",
  "benchmark": "ackley10",
  "spec_name": "main_v2",
  "regrets": [
    20.226505279541016,
    20.226505279541016,
    20.226505279541016,
    20.226505279541016
  ],
  "best_values": [
    -20.226505279541016,
    -20.226505279541016,
    -20.226505279541016,
    -20.226505279541016
  ],
  "queried_values": [
    -21.434436798095703,
    -21.44139862060547,
    -21.449935913085938,
    -21.22149658203125
  ],
  "actual_gains": [
    -1.2079315185546875,
    -1.2148933410644531,
    -1.2234306335449219,
    -0.9949913024902344
  ],
  "proxy_rewards": [
    1.0,
    1.0,
    1.0,
    1.0
  ],
  "proxy_improvements": [
    -0.20624318718910217,
    -0.44393107295036316,
    -0.6216751337051392,
    -0.6654996871948242
  ],
  "floor_reward_flags": [
    0.0,
    0.0,
    0.0,
    0.0
  ],
  "step_reward_std": [
    0.3265365958213806,
    0.29747846722602844,
    0.362444132566452,
    0.32244962453842163
  ],
  "step_improvement_std": [
    0.016783060505986214,
    0.034354012459516525,
    0.03159518912434578,
    0.007070822641253471
  ],
  "same_mask_repeat_std": [
    0.0700431764125824,
    0.03622885420918465,
    0.022339046001434326,
    0.014422552660107613
  ],
  "proxy_actual_gain_corr": -0.5314300250329898,
  "surrogate_train_times_sec": [
    0.015817791223526,
    0.01631733402609825,
    0.013217332772910595,
    0.014076292514801025
  ],
  "gfn_train_times_sec": [
    0.16628475487232208,
    0.15799550712108612,
    0.1561983823776245,
    0.16014520823955536
  ],
  "proposal_times_sec": [
    0.187861368060112,
    0.17944954335689545,
    0.17787745594978333,
    0.18254254758358002
  ],
  "iteration_times_sec": [
    0.20635992288589478,
    0.1986938714981079,
    0.1939980834722519,
    0.19991403818130493
  ],
  "total_wall_time_sec": 0.7991544160759076
}
