{
  "seed": 0,
  "method": "gfn",
  "benchmark": "ackley10",
  "spec_name": "main_v2",
  "regrets": [
    20.701297760009766,
    20.701297760009766,
    20.701297760009766,
    20.701297760009766
  ],
  "best_values": [
    -20.701297760009766,
    -20.701297760009766,
    -20.701297760009766,
    -20.701297760009766
  ],
  "queried_values": [
    -21.50250244140625,
    -21.87920379638672,
    -21.096786499023438,
    -21.814895629882812
  ],
  "actual_gains": [
    -0.8012046813964844,
    -1.1779060363769531,
    -0.3954887390136719,
    -1.1135978698730469
  ],
  "proxy_rewards": [
    1.0,
    1.0,
    1.0,
    1.0
  ],
  "proxy_improvements": [
    -0.23788946866989136,
    -0.37329912185668945,
    -0.41333281993865967,
    -0.3793027400970459
  ],
  "floor_reward_flags": [
    0.0,
    0.0,
    0.0,
    0.0
  ],
  "step_reward_std": [
    0.2752489149570465,
    0.0,
    0.3170197904109955,
    0.362444132566452
  ],
  "step_improvement_std": [
    0.01070988830178976,
    0.0,
    0.010463704355061054,
    0.009055132046341896
  ],
  "same_mask_repeat_std": [
    0.03464280441403389,
    0.011998800560832024,
    0.020754467695951462,
    0.033263981342315674
  ],
  "proxy_actual_gain_corr": -0.09670639039892888,
  "surrogate_train_times_sec": [
    0.014906874857842922,
    0.014189416542649269,
    0.014146791771054268,
    0.013605167157948017
  ],
  "gfn_train_times_sec": [
    0.16536550223827362,
    0.1548345386981964,
    0.15781325101852417,
    0.1550656259059906
  ],
  "proposal_times_sec": [
    0.18829816579818726,
    0.17614658176898956,
    0.17839182913303375,
    0.17640221118927002
  ],
  "iteration_times_sec": [
    0.20647595822811127,
    0.19317732751369476,
    0.19549058377742767,
    0.19282062351703644
  ],
  "total_wall_time_sec": 0.7881526671117172
}
