{
  "seed": 4,
  "method": "gfn",
  "benchmark": "ackley10",
  "spec_name": "main_v2",
  "regrets": [
    20.157058715820312,
    20.157058715820312,
    20.157058715820312,
    20.157058715820312
  ],
  "best_values": [
    -20.157058715820312,
    -20.157058715820312,
    -20.157058715820312,
    -20.157058715820312
  ],
  "queried_values": [
    -21.33026885986328,
    -21.09857177734375,
    -20.84109115600586,
    -21.47970199584961
  ],
  "actual_gains": [
    -1.1732101440429688,
    -0.9415130615234375,
    -0.6840324401855469,
    -1.3226432800292969
  ],
  "proxy_rewards": [
    1.0,
    1.0,
    1.0,
    1.0
  ],
  "proxy_improvements": [
    -0.31657442450523376,
    -0.3515531122684479,
    -0.568428099155426,
    -0.538996160030365
  ],
  "floor_reward_flags": [
    0.0,
    0.0,
    0.0,
    0.0
  ],
  "step_reward_std": [
    0.362444132566452,
    0.34098565578460693,
    0.3493683636188507,
    0.29158398509025574
  ],
  "step_improvement_std": [
    0.03224652260541916,
    0.04699607938528061,
    0.023215100169181824,
    0.033998485654592514
  ],
  "same_mask_repeat_std": [
    0.02864360623061657,
    0.05730655789375305,
    0.016416162252426147,
    0.04299353435635567
  ],
  "proxy_actual_gain_corr": -0.23589292754692798,
  "surrogate_train_times_sec": [
    0.016317332163453102,
    0.01634812541306019,
    0.015790000557899475,
    0.014396917074918747
  ],
  "gfn_train_times_sec": [
    0.1615404188632965,
    0.16102103888988495,
    0.15874621272087097,
    0.15567916631698608
  ],
  "proposal_times_sec": [
    0.18319721519947052,
    0.18234679102897644,
    0.179169163107872,
    0.17717479169368744
  ],
  "iteration_times_sec": [
    0.20250795781612396,
    0.20158949494361877,
    0.19753745198249817,
    0.19410571455955505
  ],
  "total_wall_time_sec": 0.7959195419680327
}
