{
  "seed": 2,
  "method": "gfn",
  "benchmark": "ackley10",
  "spec_name": "main_v2",
  "regrets": [
    20.76622772216797,
    20.76622772216797,
    20.76622772216797,
    20.76622772216797
  ],
  "best_values": [
    -20.76622772216797,
    -20.76622772216797,
    -20.76622772216797,
    -20.76622772216797
  ],
  "queried_values": [
    -21.779067993164062,
    -21.191749572753906,
    -21.552356719970703,
    -20.898841857910156
  ],
  "actual_gains": [
    -1.0128402709960938,
    -0.4255218505859375,
    -0.7861289978027344,
    -0.1326141357421875
  ],
  "proxy_rewards": [
    1.0,
    1.0,
    1.0,
    1.0
  ],
  "proxy_improvements": [
    -0.3571130037307739,
    -0.34239450097084045,
    -0.36402902007102966,
    -0.3951093554496765
  ],
  "floor_reward_flags": [
    0.0,
    0.0,
    0.0,
    0.0
  ],
  "step_reward_std": [
    0.2906728982925415,
    0.2667064368724823,
    0.36137810349464417,
    0.37749940156936646
  ],
  "step_improvement_std": [
    0.014421341009438038,
    0.005050229839980602,
    0.022866925224661827,
    0.01890593208372593
  ],
  "same_mask_repeat_std": [
    0.02674699015915394,
    0.022745905444025993,
    0.023942306637763977,
    0.006716384086757898
  ],
  "proxy_actual_gain_corr": -0.5241179510214614,
  "surrogate_train_times_sec": [
    0.016738958656787872,
    0.015527375042438507,
    0.014218958094716072,
    0.014803250320255756
  ],
  "gfn_train_times_sec": [
    0.1634572148323059,
    0.16406041383743286,
    0.15787386894226074,
    0.16120712459087372
  ],
  "proposal_times_sec": [
    0.1854299157857895,
    0.18539653718471527,
    0.1790243685245514,
    0.18266479671001434
  ],
  "iteration_times_sec": [
    0.205339714884758,
    0.2038513720035553,
    0.19623583555221558,
    0.20043253898620605
  ],
  "total_wall_time_sec": 0.8060449999757111
}
