{
  "seed": 1,
  "method": "gfn",
  "benchmark": "ackley10",
  "spec_name": "main_v2",
  "regrets": [
    20.643970489501953,
    20.643970489501953,
    20.643970489501953,
    20.643970489501953
  ],
  "best_values": [
    -20.643970489501953,
    -20.643970489501953,
    -20.643970489501953,
    -20.643970489501953
  ],
  "queried_values": [
    -20.990928649902344,
    -21.902511596679688,
    -21.37889862060547,
    -21.385398864746094
  ],
  "actual_gains": [
    -0.3469581604003906,
    -1.2585411071777344,
    -0.7349281311035156,
    -0.7414283752441406
  ],
  "proxy_rewards": [
    1.0,
    1.0,
    1.0,
    1.0
  ],
  "proxy_improvements": [
    -0.2537844479084015,
    -0.4060795307159424,
    -0.45761922001838684,
    -0.4763241708278656
  ],
  "floor_reward_flags": [
    0.0,
    0.0,
    0.0,
    0.0
  ],
  "step_reward_std": [
    0.0,
    0.36297595500946045,
    0.34603965282440186,
    0.29626011848449707
  ],
  "step_improvement_std": [
    0.0,
    0.019089940935373306,
    0.04146936163306236,
    0.03525392338633537
  ],
  "same_mask_repeat_std": [
    0.04888263717293739,
    0.022084053605794907,
    0.03507925197482109,
    0.035517945885658264
  ],
  "proxy_actual_gain_corr": 0.5354096038183149,
  "surrogate_train_times_sec": [
    0.014481917023658752,
    0.015856999903917313,
    0.016129959374666214,
    0.01689950004220009
  ],
  "gfn_train_times_sec": [
    0.16416524350643158,
    0.16347482800483704,
    0.1640031635761261,
    0.16232849657535553
  ],
  "proposal_times_sec": [
    0.18623675405979156,
    0.18555212020874023,
    0.18689866364002228,
    0.18483957648277283
  ],
  "iteration_times_sec": [
    0.20379570126533508,
    0.20424433052539825,
    0.20708246529102325,
    0.20482087135314941
  ],
  "total_wall_time_sec": 0.8201606660149992
}
