{
  "seed": 3,
  "method": "random",
  "benchmark": "ackley10",
  "spec_name": "main_v2",
  "regrets": [
    20.226505279541016,
    20.226505279541016,
    20.226505279541016,
    20.226505279541016
  ],
  "best_values": [
    -20.226505279541016,
    -20.226505279541016,
    -20.226505279541016,
    -20.226505279541016
  ],
  "queried_values": [
    -21.434436798095703,
    -21.44139862060547,
    -20.860382080078125,
    -21.405868530273438
  ],
  "actual_gains": [
    -1.2079315185546875,
    -1.2148933410644531,
    -0.6338768005371094,
    -1.1793632507324219
  ],
  "proxy_rewards": [
    1.0,
    1.0,
    1.0,
    1.0
  ],
  "proxy_improvements": [
    -0.20624318718910217,
    -0.483601450920105,
    -0.6856982707977295,
    -0.5606035590171814
  ],
  "floor_reward_flags": [
    0.0,
    0.0,
    0.0,
    0.0
  ],
  "step_reward_std": [
    0.0,
    0.0,
    0.3199723958969116,
    0.0
  ],
  "step_improvement_std": [
    0.0,
    0.0,
    0.026458922773599625,
    0.0
  ],
  "same_mask_repeat_std": [
    0.05091913044452667,
    0.015671726316213608,
    0.021599886938929558,
    0.030666952952742577
  ],
  "proxy_actual_gain_corr": -0.6821736664548566,
  "surrogate_train_times_sec": [
    0.01592308282852173,
    0.012839624658226967,
    0.01522454246878624,
    0.015765415504574776
  ],
  "gfn_train_times_sec": [
    0.0,
    0.0,
    0.0,
    0.0
  ],
  "proposal_times_sec": [
    0.005000540986657143,
    0.00547820795327425,
    0.005516999866813421,
    0.005841792095452547
  ],
  "iteration_times_sec": [
    0.02388574928045273,
    0.02129424922168255,
    0.0237339586019516,
    0.024617625400424004
  ],
  "total_wall_time_sec": 0.09371379110962152
}
