{
  "seed": 4,
  "method": "random",
  "benchmark": "ackley10",
  "spec_name": "main_v2",
  "regrets": [
    20.157058715820312,
    20.157058715820312,
    20.157058715820312,
    20.157058715820312
  ],
  "best_values": [
    -20.157058715820312,
    -20.157058715820312,
    -20.157058715820312,
    -20.157058715820312
  ],
  "queried_values": [
    -21.33026885986328,
    -21.45931625366211,
    -20.84109115600586,
    -20.934314727783203
  ],
  "actual_gains": [
    -1.1732101440429688,
    -1.3022575378417969,
    -0.6840324401855469,
    -0.7772560119628906
  ],
  "proxy_rewards": [
    1.0,
    1.0,
    1.0,
    1.0
  ],
  "proxy_improvements": [
    -0.31657442450523376,
    -0.4242551326751709,
    -0.5445924401283264,
    -0.563141405582428
  ],
  "floor_reward_flags": [
    0.0,
    0.0,
    0.0,
    0.0
  ],
  "step_reward_std": [
    0.32475951313972473,
    0.34603965282440186,
    0.0,
    0.25
  ],
  "step_improvement_std": [
    0.008634593337774277,
    0.01989140547811985,
    0.0,
    0.0007114177569746971
  ],
  "same_mask_repeat_std": [
    0.0285907331854105,
    0.02312607876956463,
    0.02619214728474617,
    0.01683415286242962
  ],
  "proxy_actual_gain_corr": -0.8241387661319661,
  "surrogate_train_times_sec": [
    0.015043750405311584,
    0.013289209455251694,
    0.012449500150978565,
    0.013421166688203812
  ],
  "gfn_train_times_sec": [
    0.0,
    0.0,
    0.0,
    0.0
  ],
  "proposal_times_sec": [
    0.005071165971457958,
    0.005312750115990639,
    0.0056082080118358135,
    0.005004958249628544
  ],
  "iteration_times_sec": [
    0.023058583959937096,
    0.02160549908876419,
    0.021087000146508217,
    0.02140391618013382
  ],
  "total_wall_time_sec": 0.08734241710044444
}
