{
  "seed": 1,
  "method": "random",
  "benchmark": "ackley10",
  "spec_name": "main_v2",
  "regrets": [
    20.643970489501953,
    20.643970489501953,
    20.643970489501953,
    20.643970489501953
  ],
  "best_values": [
    -20.643970489501953,
    -20.643970489501953,
    -20.643970489501953,
    -20.643970489501953
  ],
  "queried_values": [
    -20.990928649902344,
    -21.413070678710938,
    -21.58755874633789,
    -21.719242095947266
  ],
  "actual_gains": [
    -0.3469581604003906,
    -0.7691001892089844,
    -0.9435882568359375,
    -1.0752716064453125
  ],
  "proxy_rewards": [
    1.0,
    1.0,
    1.0,
    1.0
  ],
  "proxy_improvements": [
    -0.2537844479084015,
    -0.350934773683548,
    -0.32079482078552246,
    -0.45797231793403625
  ],
  "floor_reward_flags": [
    0.0,
    0.0,
    0.0,
    0.0
  ],
  "step_reward_std": [
    0.0,
    0.36871010065078735,
    0.0,
    0.20541943609714508
  ],
  "step_improvement_std": [
    0.0,
    0.005675846710801125,
    0.0,
    0.000594562035985291
  ],
  "same_mask_repeat_std": [
    0.02291467972099781,
    0.025393329560756683,
    0.03435422480106354,
    0.008367004804313183
  ],
  "proxy_actual_gain_corr": 0.8507597837706172,
  "surrogate_train_times_sec": [
    0.023063000291585922,
    0.014042500406503677,
    0.013545040972530842,
    0.014764582738280296
  ],
  "gfn_train_times_sec": [
    0.0,
    0.0,
    0.0,
    0.0
  ],
  "proposal_times_sec": [
    0.005610374733805656,
    0.005347792059183121,
    0.005472791846841574,
    0.005687749944627285
  ],
  "iteration_times_sec": [
    0.031804248690605164,
    0.02247520722448826,
    0.021879959851503372,
    0.02347058244049549
  ],
  "total_wall_time_sec": 0.09979462495539337
}
