{
  "seed": 0,
  "method": "random",
  "benchmark": "ackley10",
  "spec_name": "main_v2",
  "regrets": [
    20.701297760009766,
    20.701297760009766,
    20.701297760009766,
    20.701297760009766
  ],
  "best_values": [
    -20.701297760009766,
    -20.701297760009766,
    -20.701297760009766,
    -20.701297760009766
  ],
  "queried_values": [
    -21.50250244140625,
    -21.87920379638672,
    -21.096786499023438,
    -20.870723724365234
  ],
  "actual_gains": [
    -0.8012046813964844,
    -1.1779060363769531,
    -0.3954887390136719,
    -0.16942596435546875
  ],
  "proxy_rewards": [
    1.0,
    1.0,
    1.0,
    1.0
  ],
  "proxy_improvements": [
    -0.23788946866989136,
    -0.2743802070617676,
    -0.39043623208999634,
    -0.41279828548431396
  ],
  "floor_reward_flags": [
    0.0,
    0.0,
    0.0,
    0.0
  ],
  "step_reward_std": [
    0.31426969170570374,
    0.0,
    0.0,
    0.2533532679080963
  ],
  "step_improvement_std": [
    0.00278779910877347,
    0.0,
    0.0,
    0.006369521375745535
  ],
  "same_mask_repeat_std": [
    0.03264172002673149,
    0.03444302827119827,
    0.01767391711473465,
    0.0213630311191082
  ],
  "proxy_actual_gain_corr": -0.858489197432446,
  "surrogate_train_times_sec": [
    0.01415225025266409,
    0.014238082803785801,
    0.01560400053858757,
    0.014380541630089283
  ],
  "gfn_train_times_sec": [
    0.0,
    0.0,
    0.0,
    0.0
  ],
  "proposal_times_sec": [
    0.005415750201791525,
    0.005398834124207497,
    0.005406124982982874,
    0.005642583128064871
  ],
  "iteration_times_sec": [
    0.022632917389273643,
    0.02258787490427494,
    0.023963749408721924,
    0.022975750267505646
  ],
  "total_wall_time_sec": 0.09233029105234891
}
