{
  "seed": 2,
  "method": "random",
  "benchmark": "ackley10",
  "spec_name": "main_v2",
  "regrets": [
    20.76622772216797,
    20.76622772216797,
    20.76622772216797,
    20.76622772216797
  ],
  "best_values": [
    -20.76622772216797,
    -20.76622772216797,
    -20.76622772216797,
    -20.76622772216797
  ],
  "queried_values": [
    -21.490497589111328,
    -21.624488830566406,
    -21.209514617919922,
    -21.288490295410156
  ],
  "actual_gains": [
    -0.7242698669433594,
    -0.8582611083984375,
    -0.4432868957519531,
    -0.5222625732421875
  ],
  "proxy_rewards": [
    1.0,
    1.0,
    1.0,
    1.0
  ],
  "proxy_improvements": [
    -0.3568025827407837,
    -0.30823612213134766,
    -0.4095402657985687,
    -0.372160404920578
  ],
  "floor_reward_flags": [
    0.0,
    0.0,
    0.0,
    0.0
  ],
  "step_reward_std": [
    0.2642541229724884,
    0.2533532679080963,
    0.2875872254371643,
    0.3105649948120117
  ],
  "step_improvement_std": [
    0.004974985960870981,
    0.009204781614243984,
    0.0043352036736905575,
    0.0014864905970171094
  ],
  "same_mask_repeat_std": [
    0.012140725739300251,
    0.020337844267487526,
    0.017509449273347855,
    0.013334625400602818
  ],
  "proxy_actual_gain_corr": -0.9548431782626546,
  "surrogate_train_times_sec": [
    0.013090457767248154,
    0.01506625022739172,
    0.013384166173636913,
    0.014972499571740627
  ],
  "gfn_train_times_sec": [
    0.0,
    0.0,
    0.0,
    0.0
  ],
  "proposal_times_sec": [
    0.0048406668938696384,
    0.005786292254924774,
    0.005959209054708481,
    0.0054336669854819775
  ],
  "iteration_times_sec": [
    0.020985959097743034,
    0.023870542645454407,
    0.022571250796318054,
    0.02364574931561947
  ],
  "total_wall_time_sec": 0.09126000001560897
}
