{
  "summary": {
    "random": {
      "mean_regret": [
        2.049184799194336,
        1.902785301208496,
        1.902785301208496,
        1.902785301208496
      ],
      "std_regret": [
        0.20999348163604736,
        0.35639309883117676,
        0.35639309883117676,
        0.35639309883117676
      ],
      "mean_best_value": [
        1.2731831073760986,
        1.4195826053619385,
        1.4195826053619385,
        1.4195826053619385
      ],
      "std_best_value": [
        0.20999354124069214,
        0.35639315843582153,
        0.35639315843582153,
        0.35639315843582153
      ],
      "mean_query_value": [
        0.3186618983745575,
        0.9767618775367737,
        0.31954431533813477,
        0.6801369190216064
      ],
      "std_query_value": [
        0.12095002084970474,
        0.7992139458656311,
        0.29693055152893066,
        0.23102140426635742
      ],
      "final_regret_mean": 1.902785301208496,
      "final_regret_std": 0.35639309883117676,
      "floor_reward_fraction_mean": 0.0,
      "step_reward_std_mean": 0.15464767813682556,
      "same_mask_repeat_std_mean": 0.03283213451504707,
      "total_time_mean_sec": 0.080673020449467
    },
    "gfn": {
      "mean_regret": [
        2.049184799194336,
        2.049184799194336,
        2.049184799194336,
        2.049184799194336
      ],
      "std_regret": [
        0.20999348163604736,
        0.20999348163604736,
        0.20999348163604736,
        0.20999348163604736
      ],
      "mean_best_value": [
        1.2731831073760986,
        1.2731831073760986,
        1.2731831073760986,
        1.2731831073760986
      ],
      "std_best_value": [
        0.20999354124069214,
        0.20999354124069214,
        0.20999354124069214,
        0.20999354124069214
      ],
      "mean_query_value": [
        0.3186618983745575,
        0.32341259717941284,
        0.3094758689403534,
        0.4588541090488434
      ],
      "std_query_value": [
        0.12095002084970474,
        0.08130030333995819,
        0.2868621051311493,
        0.00973859429359436
      ],
      "final_regret_mean": 2.049184799194336,
      "final_regret_std": 0.20999348163604736,
      "floor_reward_fraction_mean": 0.0,
      "step_reward_std_mean": 0.3316608965396881,
      "same_mask_repeat_std_mean": 0.029604855924844742,
      "total_time_mean_sec": 0.6180108124972321
    },
    "tradeoff": {
      "regret_gain_of_gfn": -0.14639949798583984,
      "slowdown_factor": 7.660687663037851
    }
  },
  "random_trials": [
    {
      "seed": 0,
      "method": "random",
      "benchmark": "hartmann6",
      "spec_name": "reward_protocol_rank_v2",
      "regrets": [
        1.8391914367675781,
        1.5463922023773193,
        1.5463922023773193,
        1.5463922023773193
      ],
      "best_values": [
        1.483176589012146,
        1.7759758234024048,
        1.7759758234024048,
        1.7759758234024048
      ],
      "queried_values": [
        0.43961191177368164,
        1.7759758234024048,
        0.6164748668670654,
        0.9111583232879639
      ],
      "proxy_rewards": [
        1.0,
        1.0,
        1.0,
        1.0
      ],
      "proxy_improvements": [
        -0.7300242185592651,
        -0.7757025361061096,
        -0.8351485133171082,
        -0.9528443217277527
      ],
      "floor_reward_flags": [
        0.0,
        0.0,
        0.0,
        0.0
      ],
      "step_reward_std": [
        0.0,
        0.31426969170570374,
        0.0,
        0.0
      ],
      "same_mask_repeat_std": [
        0.04629436507821083,
        0.02268996648490429,
        0.04290800541639328,
        0.03338514640927315
      ],
      "surrogate_train_times_sec": [
        0.012864124961197376,
        0.011729042045772076,
        0.011338334530591965,
        0.011563916690647602
      ],
      "gfn_train_times_sec": [
        0.0,
        0.0,
        0.0,
        0.0
      ],
      "proposal_times_sec": [
        0.00490291602909565,
        0.0049586668610572815,
        0.005422708112746477,
        0.004944957792758942
      ],
      "iteration_times_sec": [
        0.020408667623996735,
        0.019337499514222145,
        0.019558124244213104,
        0.019367791712284088
      ],
      "total_wall_time_sec": 0.07867920794524252
    },
    {
      "seed": 1,
      "method": "random",
      "benchmark": "hartmann6",
      "spec_name": "reward_protocol_rank_v2",
      "regrets": [
        2.259178400039673,
        2.259178400039673,
        2.259178400039673,
        2.259178400039673
      ],
      "best_values": [
        1.0631895065307617,
        1.0631895065307617,
        1.0631895065307617,
        1.0631895065307617
      ],
      "queried_values": [
        0.19771187007427216,
        0.17754791676998138,
        0.022613750770688057,
        0.449115514755249
      ],
      "proxy_rewards": [
        1.0,
        1.0,
        1.0,
        1.0
      ],
      "proxy_improvements": [
        -0.600227952003479,
        -0.5949242115020752,
        -0.6902651786804199,
        -0.6565564274787903
      ],
      "floor_reward_flags": [
        0.0,
        0.0,
        0.0,
        0.0
      ],
      "step_reward_std": [
        0.0,
        0.32475951313972473,
        0.2875872254371643,
        0.3105649948120117
      ],
      "same_mask_repeat_std": [
        0.03974520415067673,
        0.05479049310088158,
        0.012282231822609901,
        0.010561673901975155
      ],
      "surrogate_train_times_sec": [
        0.011286208406090736,
        0.013454250060021877,
        0.013149833306670189,
        0.01248450018465519
      ],
      "gfn_train_times_sec": [
        0.0,
        0.0,
        0.0,
        0.0
      ],
      "proposal_times_sec": [
        0.004993249662220478,
        0.005358332768082619,
        0.005320708267390728,
        0.005470416974276304
      ],
      "iteration_times_sec": [
        0.01880512572824955,
        0.021684832870960236,
        0.02129562571644783,
        0.020874999463558197
      ],
      "total_wall_time_sec": 0.08266683295369148
    }
  ],
  "gfn_trials": [
    {
      "seed": 0,
      "method": "gfn",
      "benchmark": "hartmann6",
      "spec_name": "reward_protocol_rank_v2",
      "regrets": [
        1.8391914367675781,
        1.8391914367675781,
        1.8391914367675781,
        1.8391914367675781
      ],
      "best_values": [
        1.483176589012146,
        1.483176589012146,
        1.483176589012146,
        1.483176589012146
      ],
      "queried_values": [
        0.43961191177368164,
        0.24211227893829346,
        0.5963379740715027,
        0.46859270334243774
      ],
      "proxy_rewards": [
        1.0,
        1.0,
        1.0,
        1.0
      ],
      "proxy_improvements": [
        -0.7300242185592651,
        -0.8162980079650879,
        -0.9179677367210388,
        -0.8887860774993896
      ],
      "floor_reward_flags": [
        0.0,
        0.0,
        0.0,
        0.0
      ],
      "step_reward_std": [
        0.3510209023952484,
        0.31936895847320557,
        0.36297595500946045,
        0.29158398509025574
      ],
      "same_mask_repeat_std": [
        0.051479216665029526,
        0.01773039624094963,
        0.021972041577100754,
        0.014945524744689465
      ],
      "surrogate_train_times_sec": [
        0.012568749487400055,
        0.013926833868026733,
        0.013907584361732006,
        0.013259749859571457
      ],
      "gfn_train_times_sec": [
        0.12495183199644089,
        0.1218835860490799,
        0.11810783296823502,
        0.11527899652719498
      ],
      "proposal_times_sec": [
        0.14201679825782776,
        0.13904695212841034,
        0.13393087685108185,
        0.13199537992477417
      ],
      "iteration_times_sec": [
        0.15730449557304382,
        0.15565671026706696,
        0.1502522975206375,
        0.1477670818567276
      ],