{
  "summary": {
    "random": {
      "mean_regret": [
        19.85475730895996,
        19.85475730895996,
        19.85475730895996,
        19.85475730895996
      ],
      "std_regret": [
        0.5635471343994141,
        0.5635471343994141,
        0.5635471343994141,
        0.5635471343994141
      ],
      "mean_best_value": [
        -19.85475730895996,
        -19.85475730895996,
        -19.85475730895996,
        -19.85475730895996
      ],
      "std_best_value": [
        0.5635471343994141,
        0.5635471343994141,
        0.5635471343994141,
        0.5635471343994141
      ],
      "mean_query_value": [
        -21.575584411621094,
        -21.477188110351562,
        -21.53192710876465,
        -20.551748275756836
      ],
      "std_query_value": [
        0.00165557861328125,
        0.039947509765625,
        0.0010585784912109375,
        0.5239238739013672
      ],
      "final_regret_mean": 19.85475730895996,
      "final_regret_std": 0.5635471343994141,
      "floor_reward_fraction_mean": 0.0,
      "step_reward_std_mean": 0.0013303058221936226,
      "same_mask_repeat_std_mean": 0.028260303661227226,
      "total_time_mean_sec": 0.08406260400079191
    },
    "gfn": {
      "mean_regret": [
        19.85475730895996,
        19.85475730895996,
        19.85475730895996,
        19.85475730895996
      ],
      "std_regret": [
        0.5635471343994141,
        0.5635471343994141,
        0.5635471343994141,
        0.5635471343994141
      ],
      "mean_best_value": [
        -19.85475730895996,
        -19.85475730895996,
        -19.85475730895996,
        -19.85475730895996
      ],
      "std_best_value": [
        0.5635471343994141,
        0.5635471343994141,
        0.5635471343994141,
        0.5635471343994141
      ],
      "mean_query_value": [
        -21.575584411621094,
        -21.286439895629883,
        -21.562057495117188,
        -20.99842071533203
      ],
      "std_query_value": [
        0.00165557861328125,
        0.1508007049560547,
        0.029071807861328125,
        0.01908111572265625
      ],
      "final_regret_mean": 19.85475730895996,
      "final_regret_std": 0.5635471343994141,
      "floor_reward_fraction_mean": 0.0,
      "step_reward_std_mean": 0.019475921988487244,
      "same_mask_repeat_std_mean": 0.04362229257822037,
      "total_time_mean_sec": 0.7619513335521333
    },
    "tradeoff": {
      "regret_gain_of_gfn": 0.0,
      "slowdown_factor": 9.06409386919486
    }
  },
  "random_trials": [
    {
      "seed": 0,
      "method": "random",
      "benchmark": "ackley10",
      "spec_name": "reward_protocol_softplus_scaled_v2",
      "regrets": [
        19.291210174560547,
        19.291210174560547,
        19.291210174560547,
        19.291210174560547
      ],
      "best_values": [
        -19.291210174560547,
        -19.291210174560547,
        -19.291210174560547,
        -19.291210174560547
      ],
      "queried_values": [
        -21.577239990234375,
        -21.517135620117188,
        -21.530868530273438,
        -20.02782440185547
      ],
      "proxy_rewards": [
        0.20046992599964142,
        0.08835631608963013,
        0.07370823621749878,
        0.05248429253697395
      ],
      "proxy_improvements": [
        -0.7528663873672485,
        -1.1915286779403687,
        -1.2859842777252197,
        -1.461421012878418
      ],
      "floor_reward_flags": [
        0.0,
        0.0,
        0.0,
        0.0
      ],
      "step_reward_std": [
        0.0,
        0.0018588138045743108,
        0.000946276297327131,
        0.0009624786325730383
      ],
      "same_mask_repeat_std": [
        0.035454828292131424,
        0.044426679611206055,
        0.030662324279546738,
        0.035803619772195816
      ],
      "surrogate_train_times_sec": [
        0.01367233321070671,
        0.01300795841962099,
        0.012678166851401329,
        0.013723833486437798
      ],
      "gfn_train_times_sec": [
        0.0,
        0.0,
        0.0,
        0.0
      ],
      "proposal_times_sec": [
        0.005431917030364275,
        0.005100540816783905,
        0.00521400012075901,
        0.005415124818682671
      ],
      "iteration_times_sec": [
        0.022238124161958694,
        0.020710833370685577,
        0.021218208596110344,
        0.021773500367999077
      ],
      "total_wall_time_sec": 0.08594662498217076
    },
    {
      "seed": 1,
      "method": "random",
      "benchmark": "ackley10",
      "spec_name": "reward_protocol_softplus_scaled_v2",
      "regrets": [
        20.418304443359375,
        20.418304443359375,
        20.418304443359375,
        20.418304443359375
      ],
      "best_values": [
        -20.418304443359375,
        -20.418304443359375,
        -20.418304443359375,
        -20.418304443359375
      ],
      "queried_values": [
        -21.573928833007812,
        -21.437240600585938,
        -21.53298568725586,
        -21.075672149658203
      ],
      "proxy_rewards": [
        0.5629847049713135,
        0.5115892887115479,
        0.4100078344345093,
        0.2793648838996887
      ],
      "proxy_improvements": [
        -0.14003559947013855,
        -0.20190341770648956,
        -0.3399388790130615,
        -0.5663573145866394
      ],
      "floor_reward_flags": [
        0.0,
        0.0,
        0.0,
        0.0
      ],
      "step_reward_std": [
        1.1102230246251565e-16,
        1.1102230246251565e-16,
        5.551115123125783e-17,
        0.006874877493828535
      ],
      "same_mask_repeat_std": [
        0.03813544660806656,
        0.01904374174773693,
        0.018109526485204697,
        0.004446265287697315
      ],
      "surrogate_train_times_sec": [
        0.013180750422179699,
        0.01271879207342863,
        0.012810999527573586,
        0.012357625178992748
      ],
      "gfn_train_times_sec": [
        0.0,
        0.0,
        0.0,
        0.0
      ],
      "proposal_times_sec": [
        0.005110499914735556,
        0.005029541905969381,
        0.005099624861031771,
        0.005113708786666393
      ],
      "iteration_times_sec": [
        0.02097083255648613,
        0.020415082573890686,
        0.02071520872414112,
        0.020072000101208687
      ],
      "total_wall_time_sec": 0.08217858301941305
    }
  ],
  "gfn_trials": [
    {
      "seed": 0,
      "method": "gfn",
      "benchmark": "ackley10",
      "spec_name": "reward_protocol_softplus_scaled_v2",
      "regrets": [
        19.291210174560547,
        19.291210174560547,
        19.291210174560547,
        19.291210174560547
      ],
      "best_values": [
        -19.291210174560547,
        -19.291210174560547,
        -19.291210174560547,
        -19.291210174560547
      ],
      "queried_values": [
        -21.577239990234375,
        -21.135639190673828,
        -21.591129302978516,
        -20.979339599609375
      ],
      "proxy_rewards": [
        0.20046992599964142,
        0.08087100833654404,
        0.07532763481140137,
        0.06321704387664795
      ],
      "proxy_improvements": [
        -0.7528663873672485,
        -1.23773992061615,
        -1.274693489074707,
        -1.3655200004577637
      ],
      "floor_reward_flags": [
        0.0,
        0.0,
        0.0,
        0.0
      ],
      "step_reward_std": [
        0.008539823815226555,
        0.0028319968841969967,
        0.008808429352939129,
        0.004215607885271311
      ],
      "same_mask_repeat_std": [
        0.05012639984488487,
        0.054396916180849075,
        0.025057891383767128,
        0.0439879484474659
      ],
      "surrogate_train_times_sec": [
        0.013529917225241661,
        0.014408665709197521,
        0.015167709439992905,
        0.01377495750784874
      ],
      "gfn_train_times_sec": [
        0.15563158690929413,
        0.14787499606609344,
        0.15101534128189087,
        0.16122791171073914
      ],