{
  "summary": {
    "random": {
      "mean_regret": [
        2.049184799194336,
        1.902785301208496,
        1.902785301208496,
        1.902785301208496
      ],
      "std_regret": [
        0.20999348163604736,
        0.35639309883117676,
        0.35639309883117676,
        0.35639309883117676
      ],
      "mean_best_value": [
        1.2731831073760986,
        1.4195826053619385,
        1.4195826053619385,
        1.4195826053619385
      ],
      "std_best_value": [
        0.20999354124069214,
        0.35639315843582153,
        0.35639315843582153,
        0.35639315843582153
      ],
      "mean_query_value": [
        0.3186618983745575,
        0.9767618775367737,
        0.31954431533813477,
        0.6801369190216064
      ],
      "std_query_value": [
        0.12095002084970474,
        0.7992139458656311,
        0.29693055152893066,
        0.23102140426635742
      ],
      "final_regret_mean": 1.902785301208496,
      "final_regret_std": 0.35639309883117676,
      "floor_reward_fraction_mean": 0.0,
      "step_reward_std_mean": 0.001308163395151496,
      "same_mask_repeat_std_mean": 0.03283213451504707,
      "total_time_mean_sec": 0.07520356250461191
    },
    "gfn": {
      "mean_regret": [
        2.049184799194336,
        2.049184799194336,
        2.049184799194336,
        2.049184799194336
      ],
      "std_regret": [
        0.20999348163604736,
        0.20999348163604736,
        0.20999348163604736,
        0.20999348163604736
      ],
      "mean_best_value": [
        1.2731831073760986,
        1.2731831073760986,
        1.2731831073760986,
        1.2731831073760986
      ],
      "std_best_value": [
        0.20999354124069214,
        0.20999354124069214,
        0.20999354124069214,
        0.20999354124069214
      ],
      "mean_query_value": [
        0.3186618983745575,
        0.32341259717941284,
        0.3094758689403534,
        0.4588541090488434
      ],
      "std_query_value": [
        0.12095002084970474,
        0.08130030333995819,
        0.2868621051311493,
        0.00973859429359436
      ],
      "final_regret_mean": 2.049184799194336,
      "final_regret_std": 0.20999348163604736,
      "floor_reward_fraction_mean": 0.0,
      "step_reward_std_mean": 0.011254007928073406,
      "same_mask_repeat_std_mean": 0.029604855924844742,
      "total_time_mean_sec": 0.605882270494476
    },
    "tradeoff": {
      "regret_gain_of_gfn": -0.14639949798583984,
      "slowdown_factor": 8.056563416890254
    }
  },
  "random_trials": [
    {
      "seed": 0,
      "method": "random",
      "benchmark": "hartmann6",
      "spec_name": "reward_protocol_softplus_scaled_v2",
      "regrets": [
        1.8391914367675781,
        1.5463922023773193,
        1.5463922023773193,
        1.5463922023773193
      ],
      "best_values": [
        1.483176589012146,
        1.7759758234024048,
        1.7759758234024048,
        1.7759758234024048
      ],
      "queried_values": [
        0.43961191177368164,
        1.7759758234024048,
        0.6164748668670654,
        0.9111583232879639
      ],
      "proxy_rewards": [
        0.20892150700092316,
        0.19233059883117676,
        0.1725321263074875,
        0.13874845206737518
      ],
      "proxy_improvements": [
        -0.7300242185592651,
        -0.7757025361061096,
        -0.8351485133171082,
        -0.9528443217277527
      ],
      "floor_reward_flags": [
        0.0,
        0.0,
        0.0,
        0.0
      ],
      "step_reward_std": [
        0.0,
        0.0016837174771353602,
        0.0,
        0.0
      ],
      "same_mask_repeat_std": [
        0.04629436507821083,
        0.02268996648490429,
        0.04290800541639328,
        0.03338514640927315
      ],
      "surrogate_train_times_sec": [
        0.013233915902674198,
        0.011999375186860561,
        0.011273332871496677,
        0.011034375056624413
      ],
      "gfn_train_times_sec": [
        0.0,
        0.0,
        0.0,
        0.0
      ],
      "proposal_times_sec": [
        0.005595208145678043,
        0.004732457920908928,
        0.004837333224713802,
        0.004709125030785799
      ],
      "iteration_times_sec": [
        0.02183862403035164,
        0.019214875996112823,
        0.018588125705718994,
        0.01839499920606613
      ],
      "total_wall_time_sec": 0.07804258400574327
    },
    {
      "seed": 1,
      "method": "random",
      "benchmark": "hartmann6",
      "spec_name": "reward_protocol_softplus_scaled_v2",
      "regrets": [
        2.259178400039673,
        2.259178400039673,
        2.259178400039673,
        2.259178400039673
      ],
      "best_values": [
        1.0631895065307617,
        1.0631895065307617,
        1.0631895065307617,
        1.0631895065307617
      ],
      "queried_values": [
        0.19771187007427216,
        0.17754791676998138,
        0.022613750770688057,
        0.449115514755249
      ],
      "proxy_rewards": [
        0.26327693462371826,
        0.2657414674758911,
        0.22439903020858765,
        0.23831458389759064
      ],
      "proxy_improvements": [
        -0.600227952003479,
        -0.5949242115020752,
        -0.6902651786804199,
        -0.6565564274787903
      ],
      "floor_reward_flags": [
        0.0,
        0.0,
        0.0,
        0.0
      ],
      "step_reward_std": [
        5.551115123125783e-17,
        0.003973769955337048,
        0.0016320111462846398,
        0.003175807883962989
      ],
      "same_mask_repeat_std": [
        0.03974520415067673,
        0.05479049310088158,
        0.012282231822609901,
        0.010561673901975155
      ],
      "surrogate_train_times_sec": [
        0.010639124549925327,
        0.010579042136669159,
        0.010792874731123447,
        0.010999041609466076
      ],
      "gfn_train_times_sec": [
        0.0,
        0.0,
        0.0,
        0.0
      ],
      "proposal_times_sec": [
        0.004696500021964312,
        0.004703375045210123,
        0.004980625119060278,
        0.004718416836112738
      ],
      "iteration_times_sec": [
        0.017881957814097404,
        0.017837541177868843,
        0.01835787482559681,
        0.018281083554029465
      ],
      "total_wall_time_sec": 0.07236454100348055
    }
  ],
  "gfn_trials": [
    {
      "seed": 0,
      "method": "gfn",
      "benchmark": "hartmann6",
      "spec_name": "reward_protocol_softplus_scaled_v2",
      "regrets": [
        1.8391914367675781,
        1.8391914367675781,
        1.8391914367675781,
        1.8391914367675781
      ],
      "best_values": [
        1.483176589012146,
        1.483176589012146,
        1.483176589012146,
        1.483176589012146
      ],
      "queried_values": [
        0.43961191177368164,
        0.24211227893829346,
        0.5963379740715027,
        0.46859270334243774
      ],
      "proxy_rewards": [
        0.20892150700092316,
        0.17859892547130585,
        0.14805805683135986,
        0.15628980100154877
      ],
      "proxy_improvements": [
        -0.7300242185592651,
        -0.8162980079650879,
        -0.9179677367210388,
        -0.8887860774993896
      ],
      "floor_reward_flags": [
        0.0,
        0.0,
        0.0,
        0.0
      ],
      "step_reward_std": [
        0.008018608205020428,
        0.006911369506269693,
        0.006174818146973848,
        0.004806393291801214
      ],
      "same_mask_repeat_std": [
        0.051479216665029526,
        0.01773039624094963,
        0.021972041577100754,
        0.014945524744689465
      ],
      "surrogate_train_times_sec": [
        0.010603416711091995,
        0.011987416073679924,
        0.013647583313286304,
        0.013118624687194824
      ],
      "gfn_train_times_sec": [
        0.11727920919656754,
        0.11936395615339279,
        0.12712058424949646,
        0.12208820879459381
      ],