{
  "summary": {
    "random": {
      "mean_regret": [
        13.306511878967285,
        4.611563205718994,
        4.611563205718994,
        4.611563205718994
      ],
      "std_regret": [
        7.995150089263916,
        0.21018743515014648,
        0.21018743515014648,
        0.21018743515014648
      ],
      "mean_best_value": [
        -13.704400062561035,
        -5.009450435638428,
        -5.009450435638428,
        -5.009450435638428
      ],
      "std_best_value": [
        7.995150566101074,
        0.21018743515014648,
        0.21018743515014648,
        0.21018743515014648
      ],
      "mean_query_value": [
        -121.41339874267578,
        -5.009450435638428,
        -8.320024490356445,
        -8.6613187789917
      ],
      "std_query_value": [
        115.70415496826172,
        0.21018743515014648,
        2.3009402751922607,
        3.801846504211426
      ],
      "final_regret_mean": 4.611563205718994,
      "final_regret_std": 0.21018743515014648,
      "floor_reward_fraction_mean": 0.0,
      "step_reward_std_mean": 0.10723252594470978,
      "same_mask_repeat_std_mean": 1.459271788597107,
      "total_time_mean_sec": 0.08262991649098694
    },
    "gfn": {
      "mean_regret": [
        13.306511878967285,
        4.611563205718994,
        4.611563205718994,
        4.611563205718994
      ],
      "std_regret": [
        7.995150089263916,
        0.21018743515014648,
        0.21018743515014648,
        0.21018743515014648
      ],
      "mean_best_value": [
        -13.704400062561035,
        -5.009450435638428,
        -5.009450435638428,
        -5.009450435638428
      ],
      "std_best_value": [
        7.995150566101074,
        0.21018743515014648,
        0.21018743515014648,
        0.21018743515014648
      ],
      "mean_query_value": [
        -121.41339874267578,
        -5.009450435638428,
        -8.320024490356445,
        -8.6613187789917
      ],
      "std_query_value": [
        115.70415496826172,
        0.21018743515014648,
        2.3009402751922607,
        3.801846504211426
      ],
      "final_regret_mean": 4.611563205718994,
      "final_regret_std": 0.21018743515014648,
      "floor_reward_fraction_mean": 0.0,
      "step_reward_std_mean": 0.32899361848831177,
      "same_mask_repeat_std_mean": 1.591685175895691,
      "total_time_mean_sec": 0.46389214548980817
    },
    "tradeoff": {
      "regret_gain_of_gfn": 0.0,
      "slowdown_factor": 5.61409432793519
    }
  },
  "random_trials": [
    {
      "seed": 0,
      "method": "random",
      "benchmark": "branin",
      "spec_name": "reward_protocol_zscore_v2",
      "regrets": [
        21.30166244506836,
        4.821750640869141,
        4.821750640869141,
        4.821750640869141
      ],
      "best_values": [
        -21.69955062866211,
        -5.219637870788574,
        -5.219637870788574,
        -5.219637870788574
      ],
      "queried_values": [
        -237.1175537109375,
        -5.219637870788574,
        -10.620965003967285,
        -12.463165283203125
      ],
      "proxy_rewards": [
        0.9635527729988098,
        0.9416329264640808,
        0.4797578454017639,
        0.9467563629150391
      ],
      "proxy_improvements": [
        -17.6954402923584,
        -35.52899169921875,
        -41.87921905517578,
        -44.61814880371094
      ],
      "floor_reward_flags": [
        0.0,
        0.0,
        0.0,
        0.0
      ],
      "step_reward_std": [
        0.3182991147041321,
        0.31304609775543213,
        5.551115123125783e-17,
        1.1102230246251565e-16
      ],
      "same_mask_repeat_std": [
        1.3727105855941772,
        1.2393215894699097,
        2.0637247562408447,
        1.7282397747039795
      ],
      "surrogate_train_times_sec": [
        0.01098695956170559,
        0.01138191670179367,
        0.011623292230069637,
        0.01188962534070015
      ],
      "gfn_train_times_sec": [
        0.0,
        0.0,
        0.0,
        0.0
      ],
      "proposal_times_sec": [
        0.004826458171010017,
        0.004597207996994257,
        0.004893417004495859,
        0.005160791799426079
      ],
      "iteration_times_sec": [
        0.01842433214187622,
        0.01840374991297722,
        0.01918637566268444,
        0.020002000033855438
      ],
      "total_wall_time_sec": 0.07602379098534584
    },
    {
      "seed": 1,
      "method": "random",
      "benchmark": "branin",
      "spec_name": "reward_protocol_zscore_v2",
      "regrets": [
        5.311361789703369,
        4.401375770568848,
        4.401375770568848,
        4.401375770568848
      ],
      "best_values": [
        -5.709249019622803,
        -4.799263000488281,
        -4.799263000488281,
        -4.799263000488281
      ],
      "queried_values": [
        -5.709249019622803,
        -4.799263000488281,
        -6.019084453582764,
        -4.859472274780273
      ],
      "proxy_rewards": [
        0.8552967309951782,
        0.6466999053955078,
        0.5392005443572998,
        1.277967929840088
      ],
      "proxy_improvements": [
        -11.473834037780762,
        -17.443769454956055,
        -21.712177276611328,
        -21.01852035522461
      ],
      "floor_reward_flags": [
        0.0,
        0.0,
        0.0,
        0.0
      ],
      "step_reward_std": [
        0.2265150099992752,
        1.1102230246251565e-16,
        1.1102230246251565e-16,
        0.0
      ],
      "same_mask_repeat_std": [
        1.5700902938842773,
        1.8074262142181396,
        0.8756279349327087,
        1.0170332193374634
      ],
      "surrogate_train_times_sec": [
        0.01214983407407999,
        0.012797582894563675,
        0.012109166011214256,
        0.01222304254770279
      ],
      "gfn_train_times_sec": [
        0.0,
        0.0,
        0.0,
        0.0
      ],
      "proposal_times_sec": [
        0.0054690418764948845,
        0.005240874830633402,
        0.005159458145499229,
        0.005031624808907509
      ],
      "iteration_times_sec": [
        0.022690707817673683,
        0.020800916478037834,
        0.025570375844836235,
        0.02016487531363964
      ],
      "total_wall_time_sec": 0.08923604199662805
    }
  ],
  "gfn_trials": [
    {
      "seed": 0,
      "method": "gfn",
      "benchmark": "branin",
      "spec_name": "reward_protocol_zscore_v2",
      "regrets": [
        21.30166244506836,
        4.821750640869141,
        4.821750640869141,
        4.821750640869141
      ],
      "best_values": [
        -21.69955062866211,
        -5.219637870788574,
        -5.219637870788574,
        -5.219637870788574
      ],
      "queried_values": [
        -237.1175537109375,
        -5.219637870788574,
        -10.620965003967285,
        -12.463165283203125
      ],
      "proxy_rewards": [
        0.9800919890403748,
        1.3133612871170044,
        1.0602260828018188,
        0.9762037992477417
      ],
      "proxy_improvements": [
        -17.6954402923584,
        -24.68899154663086,
        -49.136878967285156,
        -34.75529861450195
      ],
      "floor_reward_flags": [
        0.0,
        0.0,
        0.0,
        0.0
      ],
      "step_reward_std": [
        0.3169516324996948,
        0.49999645352363586,
        0.3584568500518799,
        0.32576248049736023
      ],
      "same_mask_repeat_std": [
        1.3727105855941772,
        1.2412161827087402,
        1.285890817642212,
        2.6583287715911865
      ],
      "surrogate_train_times_sec": [
        0.012163249775767326,
        0.01186550036072731,
        0.011425040662288666,
        0.01272437535226345
      ],
      "gfn_train_times_sec": [
        0.08880612254142761,
        0.08863925188779831,
        0.08493220806121826,
        0.09359070658683777
      ],
      "proposal_times_sec": [
        0.10083895921707153,
        0.10058154165744781,
        0.09773328900337219,
        0.10668466985225677
      ],