{
  "summary": {
    "random": {
      "mean_regret": [
        2.4336585998535156,
        2.4336585998535156,
        2.4336585998535156,
        2.4336585998535156
      ],
      "std_regret": [
        0.38929152488708496,
        0.38929152488708496,
        0.38929152488708496,
        0.38929152488708496
      ],
      "mean_best_value": [
        0.8887093663215637,
        0.8887093663215637,
        0.8887093663215637,
        0.8887093663215637
      ],
      "std_best_value": [
        0.3892914652824402,
        0.3892914652824402,
        0.3892914652824402,
        0.3892914652824402
      ],
      "mean_query_value": [
        0.30610090494155884,
        0.5148740410804749,
        0.5384503602981567,
        0.27209600806236267
      ],
      "std_query_value": [
        0.19240324199199677,
        0.2901703119277954,
        0.403129518032074,
        0.2664758265018463
      ],
      "final_regret_mean": 2.4336585998535156,
      "final_regret_std": 0.38929152488708496,
      "floor_reward_fraction_mean": 0.0,
      "step_reward_std_mean": 0.14863601326942444,
      "step_improvement_std_mean": 0.0013965265825390816,
      "same_mask_repeat_std_mean": 0.018018078058958054,
      "proxy_actual_gain_corr_mean": -0.3787073791027069,
      "total_time_mean_sec": 0.07523231254890561
    },
    "gfn": {
      "mean_regret": [
        2.4336585998535156,
        2.4336585998535156,
        2.4336585998535156,
        1.6009986400604248
      ],
      "std_regret": [
        0.38929152488708496,
        0.38929152488708496,
        0.38929152488708496,
        0.4433683753013611
      ],
      "mean_best_value": [
        0.8887093663215637,
        0.8887093663215637,
        0.8887093663215637,
        1.7213692665100098
      ],
      "std_best_value": [
        0.3892914652824402,
        0.3892914652824402,
        0.3892914652824402,
        0.44336843490600586
      ],
      "mean_query_value": [
        0.30610090494155884,
        0.4875066876411438,
        0.1072828471660614,
        1.3516547679901123
      ],
      "std_query_value": [
        0.19240324199199677,
        0.31753766536712646,
        0.012880288064479828,
        0.8130829334259033
      ],
      "final_regret_mean": 1.6009986400604248,
      "final_regret_std": 0.4433683753013611,
      "floor_reward_fraction_mean": 0.0,
      "step_reward_std_mean": 0.3183419704437256,
      "step_improvement_std_mean": 0.019109323620796204,
      "same_mask_repeat_std_mean": 0.01385694369673729,
      "proxy_actual_gain_corr_mean": 0.42029866576194763,
      "total_time_mean_sec": 0.5899789789691567
    },
    "tradeoff": {
      "regret_gain_of_gfn": 0.8326599597930908,
      "slowdown_factor": 7.842095490360399
    }
  },
  "random_trials": [
    {
      "seed": 0,
      "method": "random",
      "benchmark": "hartmann6",
      "spec_name": "main_v2",
      "regrets": [
        2.8229501247406006,
        2.8229501247406006,
        2.8229501247406006,
        2.8229501247406006
      ],
      "best_values": [
        0.4994179308414459,
        0.4994179308414459,
        0.4994179308414459,
        0.4994179308414459
      ],
      "queried_values": [
        0.11369766294956207,
        0.22470375895500183,
        0.13532087206840515,
        0.005620192736387253
      ],
      "actual_gains": [
        -0.38572025299072266,
        -0.2747141718864441,
        -0.36409705877304077,
        -0.49379774928092957
      ],
      "proxy_rewards": [
        1.0,
        1.0,
        1.0,
        1.0
      ],
      "proxy_improvements": [
        -0.22583505511283875,
        -0.2508101761341095,
        -0.23442776501178741,
        -0.24662162363529205
      ],
      "floor_reward_flags": [
        0.0,
        0.0,
        0.0,
        0.0
      ],
      "step_reward_std": [
        0.2533532679080963,
        0.35762202739715576,
        0.32475951313972473,
        0.2533532679080963
      ],
      "step_improvement_std": [
        0.004389906767755747,
        0.0029116380028426647,
        0.000932183931581676,
        0.002938484540209174
      ],
      "same_mask_repeat_std": [
        0.010050376877188683,
        0.007988227531313896,
        0.007496086414903402,
        0.008424361236393452
      ],
      "proxy_actual_gain_corr": -0.12257174612257951,
      "surrogate_train_times_sec": [
        0.011418833397328854,
        0.011088541708886623,
        0.01059358287602663,
        0.010677041485905647
      ],
      "gfn_train_times_sec": [
        0.0,
        0.0,
        0.0,
        0.0
      ],
      "proposal_times_sec": [
        0.004711249843239784,
        0.004841791931539774,
        0.004751250147819519,
        0.005394166801124811
      ],
      "iteration_times_sec": [
        0.01866629160940647,
        0.018396791070699692,
        0.017905915156006813,
        0.01886112429201603
      ],
      "total_wall_time_sec": 0.07399108307436109
    },
    {
      "seed": 1,
      "method": "random",
      "benchmark": "hartmann6",
      "spec_name": "main_v2",
      "regrets": [
        2.0443670749664307,
        2.0443670749664307,
        2.0443670749664307,
        2.0443670749664307
      ],
      "best_values": [
        1.278000831604004,
        1.278000831604004,
        1.278000831604004,
        1.278000831604004
      ],
      "queried_values": [
        0.4985041320323944,
        0.8050443530082703,
        0.9415798783302307,
        0.538571834564209
      ],
      "actual_gains": [
        -0.7794966697692871,
        -0.47295647859573364,
        -0.3364209532737732,
        -0.7394289970397949
      ],
      "proxy_rewards": [
        1.0,
        1.0,
        1.0,
        1.0
      ],
      "proxy_improvements": [
        -0.6041871905326843,
        -0.5917717814445496,
        -0.6493708491325378,
        -0.4766139090061188
      ],
      "floor_reward_flags": [
        0.0,
        0.0,
        0.0,
        0.0
      ],
      "step_reward_std": [
        0.0,
        0.0,
        0.0,
        0.0
      ],
      "step_improvement_std": [
        0.0,
        1.1102230246251565e-16,
        1.1102230246251565e-16,
        0.0
      ],
      "same_mask_repeat_std": [
        0.015731167048215866,
        0.011647083796560764,
        0.021917978301644325,
        0.0608893558382988
      ],
      "proxy_actual_gain_corr": -0.634842997307464,
      "surrogate_train_times_sec": [
        0.011227416805922985,
        0.010996749624609947,
        0.011326459236443043,
        0.011678041890263557
      ],
      "gfn_train_times_sec": [
        0.0,
        0.0,
        0.0,
        0.0
      ],
      "proposal_times_sec": [
        0.0050451671704649925,
        0.005052249878644943,
        0.005408457946032286,
        0.004859500098973513
      ],
      "iteration_times_sec": [
        0.018982667475938797,
        0.018644040450453758,
        0.01939624920487404,
        0.019281083717942238
      ],
      "total_wall_time_sec": 0.07647354202345014
    }
  ],
  "gfn_trials": [
    {
      "seed": 0,
      "method": "gfn",
      "benchmark": "hartmann6",
      "spec_name": "main_v2",
      "regrets": [
        2.8229501247406006,
        2.8229501247406006,
        2.8229501247406006,
        1.1576303243637085
      ],
      "best_values": [
        0.4994179308414459,
        0.4994179308414459,
        0.4994179308414459,
        2.1647377014160156
      ],
      "queried_values": [
        0.11369766294956207,
        0.16996903717517853,
        0.12016313523054123,
        2.1647377014160156
      ],
      "actual_gains": [
        -0.38572025299072266,
        -0.3294488787651062,
        -0.3792547881603241,
        1.665319800376892
      ],
      "proxy_rewards": [
        1.0,
        1.0,
        1.0,
        1.0
      ],
      "proxy_improvements": [
        -0.22583505511283875,
        -0.25189200043678284,
        -0.27297669649124146,
        -0.24242796003818512
      ],