{
  "summary": {
    "random": {
      "mean_regret": [
        2.3200488090515137,
        2.3200488090515137,
        2.0889265537261963,
        2.0889265537261963
      ],
      "std_regret": [
        0.13411450386047363,
        0.13411450386047363,
        0.09700769931077957,
        0.09700769931077957
      ],
      "mean_best_value": [
        1.0023192167282104,
        1.0023192167282104,
        1.2334413528442383,
        1.2334413528442383
      ],
      "std_best_value": [
        0.13411441445350647,
        0.13411441445350647,
        0.09700775146484375,
        0.09700775146484375
      ],
      "mean_query_value": [
        0.24388578534126282,
        0.09229374676942825,
        0.6953494548797607,
        0.11175805330276489
      ],
      "std_query_value": [
        0.04282393306493759,
        0.04649128392338753,
        0.6350996494293213,
        0.09313666075468063
      ],
      "final_regret_mean": 2.0889265537261963,
      "final_regret_std": 0.09700769931077957,
      "floor_reward_fraction_mean": 0.0,
      "step_reward_std_mean": 0.15522071719169617,
      "step_improvement_std_mean": 0.0011761452769860625,
      "same_mask_repeat_std_mean": 0.018434111028909683,
      "proxy_actual_gain_corr_mean": 0.17264224588871002,
      "total_time_mean_sec": 0.0796330205630511
    },
    "gfn": {
      "mean_regret": [
        2.3200488090515137,
        2.3200488090515137,
        2.3200488090515137,
        2.3200488090515137
      ],
      "std_regret": [
        0.13411450386047363,
        0.13411450386047363,
        0.13411450386047363,
        0.13411450386047363
      ],
      "mean_best_value": [
        1.0023192167282104,
        1.0023192167282104,
        1.0023192167282104,
        1.0023192167282104
      ],
      "std_best_value": [
        0.13411441445350647,
        0.13411441445350647,
        0.13411441445350647,
        0.13411441445350647
      ],
      "mean_query_value": [
        0.24388578534126282,
        0.09229374676942825,
        0.5562686920166016,
        0.11175805330276489
      ],
      "std_query_value": [
        0.04282393306493759,
        0.04649128392338753,
        0.05676169693470001,
        0.09313666075468063
      ],
      "final_regret_mean": 2.3200488090515137,
      "final_regret_std": 0.13411450386047363,
      "floor_reward_fraction_mean": 0.0,
      "step_reward_std_mean": 0.22916731238365173,
      "step_improvement_std_mean": 0.009586572647094727,
      "same_mask_repeat_std_mean": 0.02531963400542736,
      "proxy_actual_gain_corr_mean": -0.6888708472251892,
      "total_time_mean_sec": 0.6274591669789515
    },
    "tradeoff": {
      "regret_gain_of_gfn": -0.23112225532531738,
      "slowdown_factor": 7.8793842371224345
    }
  },
  "random_trials": [
    {
      "seed": 0,
      "method": "random",
      "benchmark": "hartmann6",
      "spec_name": "finetune_restart_v2",
      "regrets": [
        2.4541633129119873,
        2.4541633129119873,
        1.991918921470642,
        1.991918921470642
      ],
      "best_values": [
        0.8682047724723816,
        0.8682047724723816,
        1.330449104309082,
        1.330449104309082
      ],
      "queried_values": [
        0.20106185972690582,
        0.13878503441810608,
        1.330449104309082,
        0.01862139254808426
      ],
      "actual_gains": [
        -0.667142927646637,
        -0.7294197082519531,
        0.46224433183670044,
        -1.3118276596069336
      ],
      "proxy_rewards": [
        1.0,
        1.0,
        1.0,
        1.0
      ],
      "proxy_improvements": [
        -0.4908663332462311,
        -0.5285742282867432,
        -0.5391654372215271,
        -0.8550386428833008
      ],
      "floor_reward_flags": [
        0.0,
        0.0,
        0.0,
        0.0
      ],
      "step_reward_std": [
        0.20541943609714508,
        0.30325841903686523,
        0.0,
        0.31426969170570374
      ],
      "step_improvement_std": [
        0.0004082242667209357,
        0.0013606033753603697,
        1.1102230246251565e-16,
        0.001258437056094408
      ],
      "same_mask_repeat_std": [
        0.017840050160884857,
        0.013691585510969162,
        0.010628040879964828,
        0.03914947807788849
      ],
      "proxy_actual_gain_corr": 0.6118404277089071,
      "surrogate_train_times_sec": [
        0.012144625186920166,
        0.011512666940689087,
        0.011865832842886448,
        0.011807083152234554
      ],
      "gfn_train_times_sec": [
        0.0,
        0.0,
        0.0,
        0.0
      ],
      "proposal_times_sec": [
        0.0054346248507499695,
        0.0052614170126616955,
        0.005109000019729137,
        0.005190583877265453
      ],
      "iteration_times_sec": [
        0.020498666912317276,
        0.01962154172360897,
        0.019838249310851097,
        0.019830375909805298
      ],
      "total_wall_time_sec": 0.07988458301406354
    },
    {
      "seed": 1,
      "method": "random",
      "benchmark": "hartmann6",
      "spec_name": "finetune_restart_v2",
      "regrets": [
        2.18593430519104,
        2.18593430519104,
        2.18593430519104,
        2.18593430519104
      ],
      "best_values": [
        1.1364336013793945,
        1.1364336013793945,
        1.1364336013793945,
        1.1364336013793945
      ],
      "queried_values": [
        0.286709725856781,
        0.045802462846040726,
        0.06024985760450363,
        0.20489472150802612
      ],
      "actual_gains": [
        -0.8497238755226135,
        -1.090631127357483,
        -1.076183795928955,
        -0.9315388798713684
      ],
      "proxy_rewards": [
        1.0,
        1.0,
        1.0,
        1.0
      ],
      "proxy_improvements": [
        -0.7659364342689514,
        -0.6939029097557068,
        -0.8071982860565186,
        -0.7785481810569763
      ],
      "floor_reward_flags": [
        0.0,
        0.0,
        0.0,
        0.0
      ],
      "step_reward_std": [
        0.3105649948120117,
        0.0,
        0.10825317353010178,
        0.0
      ],
      "step_improvement_std": [
        0.006370861548930407,
        0.0,
        1.1036332580260932e-05,
        0.0
      ],
      "same_mask_repeat_std": [
        0.015567991882562637,
        0.018766283988952637,
        0.014420414343476295,
        0.01740904152393341
      ],
      "proxy_actual_gain_corr": -0.26655593151685386,
      "surrogate_train_times_sec": [
        0.01141333393752575,
        0.012399790808558464,
        0.011807417497038841,
        0.011938000097870827
      ],
      "gfn_train_times_sec": [
        0.0,
        0.0,
        0.0,
        0.0
      ],
      "proposal_times_sec": [
        0.005019958131015301,
        0.004975832998752594,
        0.0049561671912670135,
        0.005311083979904652
      ],
      "iteration_times_sec": [
        0.019320499151945114,
        0.02021729201078415,
        0.019560208544135094,
        0.020191583782434464
      ],
      "total_wall_time_sec": 0.07938145811203867
    }
  ],
  "gfn_trials": [
    {
      "seed": 0,
      "method": "gfn",
      "benchmark": "hartmann6",
      "spec_name": "finetune_restart_v2",
      "regrets": [
        2.4541633129119873,
        2.4541633129119873,
        2.4541633129119873,
        2.4541633129119873
      ],
      "best_values": [
        0.8682047724723816,
        0.8682047724723816,
        0.8682047724723816,
        0.8682047724723816
      ],
      "queried_values": [
        0.20106185972690582,
        0.13878503441810608,
        0.6130303740501404,
        0.01862139254808426
      ],
      "actual_gains": [
        -0.667142927646637,
        -0.7294197082519531,
        -0.2551743984222412,
        -0.8495833873748779
      ],
      "proxy_rewards": [
        1.0,
        1.0,
        1.0,
        1.0
      ],