{
  "summary": {
    "random": {
      "mean_regret": [
        7.334597110748291,
        7.334597110748291,
        7.334597110748291,
        7.334597110748291
      ],
      "std_regret": [
        5.488650798797607,
        5.488650798797607,
        5.488650798797607,
        5.488650798797607
      ],
      "mean_best_value": [
        -7.732484340667725,
        -7.732484340667725,
        -7.732484340667725,
        -7.732484340667725
      ],
      "std_best_value": [
        5.488650798797607,
        5.488650798797607,
        5.488650798797607,
        5.488650798797607
      ],
      "mean_query_value": [
        -116.65467071533203,
        -37.435916900634766,
        -24.121522903442383,
        -18.085771560668945
      ],
      "std_query_value": [
        52.08409881591797,
        31.434932708740234,
        17.627988815307617,
        12.82158374786377
      ],
      "final_regret_mean": 7.334597110748291,
      "final_regret_std": 5.488650798797607,
      "floor_reward_fraction_mean": 0.0,
      "step_reward_std_mean": 0.20074766874313354,
      "step_improvement_std_mean": 0.12324922531843185,
      "same_mask_repeat_std_mean": 0.7783043384552002,
      "proxy_actual_gain_corr_mean": -0.5305284261703491,
      "total_time_mean_sec": 0.07674550003139302
    },
    "gfn": {
      "mean_regret": [
        7.334597110748291,
        7.334597110748291,
        7.334597110748291,
        7.334597110748291
      ],
      "std_regret": [
        5.488650798797607,
        5.488650798797607,
        5.488650798797607,
        5.488650798797607
      ],
      "mean_best_value": [
        -7.732484340667725,
        -7.732484340667725,
        -7.732484340667725,
        -7.732484340667725
      ],
      "std_best_value": [
        5.488650798797607,
        5.488650798797607,
        5.488650798797607,
        5.488650798797607
      ],
      "mean_query_value": [
        -116.65467071533203,
        -36.55256271362305,
        -24.121522903442383,
        -10.082060813903809
      ],
      "std_query_value": [
        52.08409881591797,
        32.31829071044922,
        17.627988815307617,
        4.817872047424316
      ],
      "final_regret_mean": 7.334597110748291,
      "final_regret_std": 5.488650798797607,
      "floor_reward_fraction_mean": 0.0,
      "step_reward_std_mean": 0.23049680888652802,
      "step_improvement_std_mean": 1.6720890998840332,
      "same_mask_repeat_std_mean": 0.8108304738998413,
      "proxy_actual_gain_corr_mean": -0.5105125308036804,
      "total_time_mean_sec": 0.4623587079695426
    },
    "tradeoff": {
      "regret_gain_of_gfn": 0.0,
      "slowdown_factor": 6.024570923121396
    }
  },
  "random_trials": [
    {
      "seed": 0,
      "method": "random",
      "benchmark": "branin",
      "spec_name": "finetune_restart_v2",
      "regrets": [
        12.823247909545898,
        12.823247909545898,
        12.823247909545898,
        12.823247909545898
      ],
      "best_values": [
        -13.221135139465332,
        -13.221135139465332,
        -13.221135139465332,
        -13.221135139465332
      ],
      "queried_values": [
        -168.73876953125,
        -68.870849609375,
        -41.74951171875,
        -30.90735626220703
      ],
      "actual_gains": [
        -155.51763916015625,
        -55.649715423583984,
        -28.528377532958984,
        -17.686222076416016
      ],
      "proxy_rewards": [
        1.0,
        1.0,
        1.0,
        1.0
      ],
      "proxy_improvements": [
        -34.55900573730469,
        -49.96174240112305,
        -61.54147720336914,
        -52.7668342590332
      ],
      "floor_reward_flags": [
        0.0,
        0.0,
        0.0,
        0.0
      ],
      "step_reward_std": [
        0.3105649948120117,
        0.32475951313972473,
        0.3493683636188507,
        0.34603965282440186
      ],
      "step_improvement_std": [
        0.07743857800960541,
        0.010611242614686489,
        0.3448082208633423,
        0.4234616756439209
      ],
      "same_mask_repeat_std": [
        1.1323264837265015,
        0.8558392524719238,
        1.4290276765823364,
        0.956950306892395
      ],
      "proxy_actual_gain_corr": -0.9202625364304975,
      "surrogate_train_times_sec": [
        0.012850625440478325,
        0.01199995819479227,
        0.011570625007152557,
        0.011110999621450901
      ],
      "gfn_train_times_sec": [
        0.0,
        0.0,
        0.0,
        0.0
      ],
      "proposal_times_sec": [
        0.005120290908962488,
        0.004813792183995247,
        0.004700708203017712,
        0.004825541749596596
      ],
      "iteration_times_sec": [
        0.020783500745892525,
        0.019543791189789772,
        0.018840249627828598,
        0.018624374642968178
      ],
      "total_wall_time_sec": 0.07788587501272559
    },
    {
      "seed": 1,
      "method": "random",
      "benchmark": "branin",
      "spec_name": "finetune_restart_v2",
      "regrets": [
        1.845946192741394,
        1.845946192741394,
        1.845946192741394,
        1.845946192741394
      ],
      "best_values": [
        -2.243833541870117,
        -2.243833541870117,
        -2.243833541870117,
        -2.243833541870117
      ],
      "queried_values": [
        -64.57057189941406,
        -6.0009846687316895,
        -6.493534088134766,
        -5.264188289642334
      ],
      "actual_gains": [
        -62.32673645019531,
        -3.7571511268615723,
        -4.249700546264648,
        -3.020354747772217
      ],
      "proxy_rewards": [
        1.0,
        1.0,
        1.0,
        1.0
      ],
      "proxy_improvements": [
        -25.934789657592773,
        -33.03274154663086,
        -26.07952308654785,
        -22.5937442779541
      ],
      "floor_reward_flags": [
        0.0,
        0.0,
        0.0,
        0.0
      ],
      "step_reward_std": [
        0.2752489149570465,
        0.0,
        0.0,
        0.0
      ],
      "step_improvement_std": [
        0.12967407703399658,
        7.105427357601002e-15,
        3.552713678800501e-15,
        0.0
      ],
      "same_mask_repeat_std": [
        0.5365446209907532,
        0.44574612379074097,
        0.6519432067871094,
        0.2180573046207428
      ],
      "proxy_actual_gain_corr": -0.14079438696294466,
      "surrogate_train_times_sec": [
        0.012223833240568638,
        0.011103875003755093,
        0.01149512454867363,
        0.011357583105564117
      ],
      "gfn_train_times_sec": [
        0.0,
        0.0,
        0.0,
        0.0
      ],
      "proposal_times_sec": [
        0.004785750061273575,
        0.004817625042051077,
        0.004683292005211115,
        0.004654916003346443
      ],
      "iteration_times_sec": [
        0.019681749865412712,
        0.018519625067710876,
        0.01875579170882702,
        0.01856795884668827
      ],
      "total_wall_time_sec": 0.07560512505006045
    }
  ],
  "gfn_trials": [
    {
      "seed": 0,
      "method": "gfn",
      "benchmark": "branin",
      "spec_name": "finetune_restart_v2",
      "regrets": [
        12.823247909545898,
        12.823247909545898,
        12.823247909545898,
        12.823247909545898
      ],
      "best_values": [
        -13.221135139465332,
        -13.221135139465332,
        -13.221135139465332,
        -13.221135139465332
      ],
      "queried_values": [
        -168.73876953125,
        -68.870849609375,
        -41.74951171875,
        -14.899932861328125
      ],
      "actual_gains": [
        -155.51763916015625,
        -55.649715423583984,
        -28.528377532958984,
        -1.678797721862793
      ],
      "proxy_rewards": [
        1.0,
        1.0,
        1.0,
        1.0
      ],
      "proxy_improvements": [
        -34.55900573730469,
        -49.974971771240234,
        -57.88593673706055,
        -53.427635192871094
      ],
      "floor_reward_flags": [
        0.0,
        0.0,
        0.0,
        0.0
      ],