{
  "summary": {
    "random": {
      "mean_regret": [
        2.03558349609375,
        1.6740820407867432,
        1.6740820407867432,
        1.6740820407867432
      ],
      "std_regret": [
        0.121559739112854,
        0.4830612540245056,
        0.4830612540245056,
        0.4830612540245056
      ],
      "mean_best_value": [
        1.2867844104766846,
        1.6482858657836914,
        1.6482858657836914,
        1.6482858657836914
      ],
      "std_best_value": [
        0.121559739112854,
        0.4830612540245056,
        0.4830612540245056,
        0.4830612540245056
      ],
      "mean_query_value": [
        0.1385526955127716,
        1.0858484506607056,
        0.2890077233314514,
        1.1026051044464111
      ],
      "std_query_value": [
        0.002544991672039032,
        1.0454988479614258,
        0.17229211330413818,
        0.9962698817253113
      ],
      "final_regret_mean": 1.6740820407867432,
      "final_regret_std": 0.4830612540245056,
      "floor_reward_fraction_mean": 0.0,
      "step_reward_std_mean": 0.2876710295677185,
      "step_improvement_std_mean": 0.03238580375909805,
      "same_mask_repeat_std_mean": 0.03095143288373947,
      "proxy_actual_gain_corr_mean": 0.2612088620662689,
      "total_time_mean_sec": 0.10989227093523368
    },
    "gfn": {
      "mean_regret": [
        2.03558349609375,
        2.03558349609375,
        1.8152399063110352,
        1.8152399063110352
      ],
      "std_regret": [
        0.121559739112854,
        0.121559739112854,
        0.09878391027450562,
        0.09878391027450562
      ],
      "mean_best_value": [
        1.2867844104766846,
        1.2867844104766846,
        1.5071280002593994,
        1.5071280002593994
      ],
      "std_best_value": [
        0.121559739112854,
        0.121559739112854,
        0.09878391027450562,
        0.09878391027450562
      ],
      "mean_query_value": [
        0.0831296443939209,
        0.6174031496047974,
        1.0633823871612549,
        0.44281309843063354
      ],
      "std_query_value": [
        0.042470987886190414,
        0.4958318769931793,
        0.5425296425819397,
        0.3259764313697815
      ],
      "final_regret_mean": 1.8152399063110352,
      "final_regret_std": 0.09878391027450562,
      "floor_reward_fraction_mean": 0.0,
      "step_reward_std_mean": 0.2876710295677185,
      "step_improvement_std_mean": 0.06321053206920624,
      "same_mask_repeat_std_mean": 0.03915245831012726,
      "proxy_actual_gain_corr_mean": -0.010965725407004356,
      "total_time_mean_sec": 0.6478581670089625
    },
    "tradeoff": {
      "regret_gain_of_gfn": -0.141157865524292,
      "slowdown_factor": 5.895393383860321
    }
  },
  "random_trials": [
    {
      "seed": 0,
      "method": "random",
      "benchmark": "hartmann6",
      "spec_name": "pool_fresh_v2",
      "regrets": [
        1.9140238761901855,
        1.1910208463668823,
        1.1910208463668823,
        1.1910208463668823
      ],
      "best_values": [
        1.4083441495895386,
        2.131347179412842,
        2.131347179412842,
        2.131347179412842
      ],
      "queried_values": [
        0.13600769639015198,
        2.131347179412842,
        0.4612998366355896,
        2.098875045776367
      ],
      "actual_gains": [
        -1.272336483001709,
        0.7230030298233032,
        -1.6700472831726074,
        -0.03247213363647461
      ],
      "proxy_rewards": [
        1.0,
        1.0,
        1.0,
        1.0
      ],
      "proxy_improvements": [
        -0.6089411973953247,
        -0.6070076823234558,
        -1.0936142206192017,
        -1.3436596393585205
      ],
      "floor_reward_flags": [
        0.0,
        0.0,
        0.0,
        0.0
      ],
      "step_reward_std": [
        0.2876710295677185,
        0.2876710295677185,
        0.2876710295677185,
        0.2876710295677185
      ],
      "step_improvement_std": [
        0.030738018453121185,
        0.041632700711488724,
        0.04904179647564888,
        0.026758667081594467
      ],
      "same_mask_repeat_std": [
        0.031436987221241,
        0.05860791727900505,
        0.035606127232313156,
        0.013380550779402256
      ],
      "proxy_actual_gain_corr": 0.12268641926819812,
      "surrogate_train_times_sec": [
        0.012290292419493198,
        0.013072749599814415,
        0.012234499678015709,
        0.011912374757230282
      ],
      "gfn_train_times_sec": [
        0.0,
        0.0,
        0.0,
        0.0
      ],
      "proposal_times_sec": [
        0.0520019568502903,
        0.0062865000218153,
        0.00620366632938385,
        0.00621837517246604
      ],
      "iteration_times_sec": [
        0.06727191805839539,
        0.02213737554848194,
        0.021139541640877724,
        0.02096683345735073
      ],
      "total_wall_time_sec": 0.1316013749456033
    },
    {
      "seed": 1,
      "method": "random",
      "benchmark": "hartmann6",
      "spec_name": "pool_fresh_v2",
      "regrets": [
        2.1571433544158936,
        2.1571433544158936,
        2.1571433544158936,
        2.1571433544158936
      ],
      "best_values": [
        1.1652246713638306,
        1.1652246713638306,
        1.1652246713638306,
        1.1652246713638306
      ],
      "queried_values": [
        0.14109767973423004,
        0.040349625051021576,
        0.11671561747789383,
        0.10633520036935806
      ],
      "actual_gains": [
        -1.0241270065307617,
        -1.1248750686645508,
        -1.0485090017318726,
        -1.0588895082473755
      ],
      "proxy_rewards": [
        1.0,
        1.0,
        1.0,
        1.0
      ],
      "proxy_improvements": [
        -0.3520183861255646,
        -0.5605244040489197,
        -0.6175272464752197,
        -0.6535686254501343
      ],
      "floor_reward_flags": [
        0.0,
        0.0,
        0.0,
        0.0
      ],
      "step_reward_std": [
        0.2876710295677185,
        0.2876710295677185,
        0.2876710295677185,
        0.2876710295677185
      ],
      "step_improvement_std": [
        0.0404638946056366,
        0.028534000739455223,
        0.025196122005581856,
        0.016721220687031746
      ],
      "same_mask_repeat_std": [
        0.047193966805934906,
        0.008442169055342674,
        0.026528872549533844,
        0.02641487866640091
      ],
      "proxy_actual_gain_corr": 0.3997313195390604,
      "surrogate_train_times_sec": [
        0.01220779214054346,
        0.012662041001021862,
        0.014476167038083076,
        0.0127723328769207
      ],
      "gfn_train_times_sec": [
        0.0,
        0.0,
        0.0,
        0.0
      ],
      "proposal_times_sec": [
        0.0063590407371521,
        0.0060259997844696045,
        0.006253958214074373,
        0.006034041754901409
      ],
      "iteration_times_sec": [
        0.021446749567985535,
        0.02148558385670185,
        0.023513583466410637,
        0.021658625453710556
      ],
      "total_wall_time_sec": 0.08818316692486405
    }
  ],
  "gfn_trials": [
    {
      "seed": 0,
      "method": "gfn",
      "benchmark": "hartmann6",
      "spec_name": "pool_fresh_v2",
      "regrets": [
        1.9140238761901855,
        1.9140238761901855,
        1.9140238761901855,
        1.9140238761901855
      ],
      "best_values": [
        1.4083441495895386,
        1.4083441495895386,
        1.4083441495895386,
        1.4083441495895386
      ],
      "queried_values": [
        0.04065866023302078,
        1.1132349967956543,
        0.5208526849746704,
        0.768789529800415
      ],
      "actual_gains": [
        -1.3676854372024536,
        -0.2951091527938843,
        -0.8874914646148682,
        -0.6395546197891235
      ],
      "proxy_rewards": [
        1.0,
        1.0,
        1.0,
        1.0
      ],