{
  "summary": {
    "random": {
      "mean_regret": [
        2.544907569885254,
        2.544907569885254,
        2.544907569885254,
        1.8615951538085938
      ],
      "std_regret": [
        0.14974963665008545,
        0.14974963665008545,
        0.14974963665008545,
        0.8330618739128113
      ],
      "mean_best_value": [
        0.7774605751037598,
        0.7774605751037598,
        0.7774605751037598,
        1.4607727527618408
      ],
      "std_best_value": [
        0.1497497260570526,
        0.1497497260570526,
        0.1497497260570526,
        0.833061933517456
      ],
      "mean_query_value": [
        0.016954056918621063,
        0.4025647044181824,
        0.40969568490982056,
        1.2693134546279907
      ],
      "std_query_value": [
        0.01646154373884201,
        0.23281367123126984,
        0.2063237577676773,
        1.0245212316513062
      ],
      "final_regret_mean": 1.8615951538085938,
      "final_regret_std": 0.8330618739128113,
      "floor_reward_fraction_mean": 0.0,
      "step_reward_std_mean": 0.19426751136779785,
      "step_improvement_std_mean": 0.0020798244513571262,
      "same_mask_repeat_std_mean": 0.016559958457946777,
      "proxy_actual_gain_corr_mean": 0.7696727514266968,
      "total_time_mean_sec": 0.07460920797893777
    },
    "gfn": {
      "mean_regret": [
        2.544907569885254,
        2.4227046966552734,
        2.4227046966552734,
        1.8615951538085938
      ],
      "std_regret": [
        0.14974963665008545,
        0.2719525098800659,
        0.2719525098800659,
        0.8330618739128113
      ],
      "mean_best_value": [
        0.7774605751037598,
        0.8996633887290955,
        0.8996633887290955,
        1.4607727527618408
      ],
      "std_best_value": [
        0.1497497260570526,
        0.2719525694847107,
        0.2719525694847107,
        0.833061933517456
      ],
      "mean_query_value": [
        0.016954056918621063,
        0.6706835031509399,
        0.40969568490982056,
        1.2693134546279907
      ],
      "std_query_value": [
        0.01646154373884201,
        0.5009324550628662,
        0.2063237577676773,
        1.0245212316513062
      ],
      "final_regret_mean": 1.8615951538085938,
      "final_regret_std": 0.8330618739128113,
      "floor_reward_fraction_mean": 0.0,
      "step_reward_std_mean": 0.28986209630966187,
      "step_improvement_std_mean": 0.015890149399638176,
      "same_mask_repeat_std_mean": 0.015044908039271832,
      "proxy_actual_gain_corr_mean": -0.16982045769691467,
      "total_time_mean_sec": 0.5857246250379831
    },
    "tradeoff": {
      "regret_gain_of_gfn": 0.0,
      "slowdown_factor": 7.850567522487753
    }
  },
  "random_trials": [
    {
      "seed": 0,
      "method": "random",
      "benchmark": "hartmann6",
      "spec_name": "main_v2",
      "regrets": [
        2.69465708732605,
        2.69465708732605,
        2.69465708732605,
        2.69465708732605
      ],
      "best_values": [
        0.6277108192443848,
        0.6277108192443848,
        0.6277108192443848,
        0.6277108192443848
      ],
      "queried_values": [
        0.0004925126559101045,
        0.16975103318691254,
        0.20337191224098206,
        0.244792178273201
      ],
      "actual_gains": [
        -0.6272183060646057,
        -0.45795977115631104,
        -0.4243389070034027,
        -0.38291865587234497
      ],
      "proxy_rewards": [
        1.0,
        1.0,
        1.0,
        1.0
      ],
      "proxy_improvements": [
        -0.4244244694709778,
        -0.380910724401474,
        -0.3933299779891968,
        -0.4058489203453064
      ],
      "floor_reward_flags": [
        0.0,
        0.0,
        0.0,
        0.0
      ],
      "step_reward_std": [
        0.29941752552986145,
        0.0,
        0.0,
        0.32475951313972473
      ],
      "step_improvement_std": [
        0.0033154322300106287,
        0.0,
        0.0,
        0.004179071635007858
      ],
      "same_mask_repeat_std": [
        0.003719875356182456,
        0.012542787939310074,
        0.008106489665806293,
        0.010494459420442581
      ],
      "proxy_actual_gain_corr": 0.6446698837203194,
      "surrogate_train_times_sec": [
        0.01164904236793518,
        0.0116799995303154,
        0.011585790663957596,
        0.011119499802589417
      ],
      "gfn_train_times_sec": [
        0.0,
        0.0,
        0.0,
        0.0
      ],
      "proposal_times_sec": [
        0.005158540792763233,
        0.005149458069354296,
        0.004610542207956314,
        0.004910917021334171
      ],
      "iteration_times_sec": [
        0.019399959594011307,
        0.01957879029214382,
        0.018738333135843277,
        0.018581541255116463
      ],
      "total_wall_time_sec": 0.07636941596865654
    },
    {
      "seed": 1,
      "method": "random",
      "benchmark": "hartmann6",
      "spec_name": "main_v2",
      "regrets": [
        2.395157814025879,
        2.395157814025879,
        2.395157814025879,
        1.0285333395004272
      ],
      "best_values": [
        0.92721027135849,
        0.92721027135849,
        0.92721027135849,
        2.293834686279297
      ],
      "queried_values": [
        0.033415600657463074,
        0.635378360748291,
        0.6160194277763367,
        2.293834686279297
      ],
      "actual_gains": [
        -0.8937946557998657,
        -0.291831910610199,
        -0.3111908435821533,
        1.366624355316162
      ],
      "proxy_rewards": [
        1.0,
        1.0,
        1.0,
        1.0
      ],
      "proxy_improvements": [
        -0.4603140652179718,
        -0.46620973944664,
        -0.48260533809661865,
        -0.3826748728752136
      ],
      "floor_reward_flags": [
        0.0,
        0.0,
        0.0,
        0.0
      ],
      "step_reward_std": [
        0.33181077241897583,
        0.2875872254371643,
        0.3105649948120117,
        0.0
      ],
      "step_improvement_std": [
        0.0020936073269695044,
        0.0008586964104324579,
        0.006191788241267204,
        5.551115123125783e-17
      ],
      "same_mask_repeat_std": [
        0.03446822240948677,
        0.018610384315252304,
        0.01647883653640747,
        0.0280586089938879
      ],
      "proxy_actual_gain_corr": 0.8946756364680263,
      "surrogate_train_times_sec": [
        0.01079545821994543,
        0.011069041676819324,
        0.010184542275965214,
        0.010733624920248985
      ],
      "gfn_train_times_sec": [
        0.0,
        0.0,
        0.0,
        0.0
      ],
      "proposal_times_sec": [
        0.005204957909882069,
        0.004809209145605564,
        0.004870041273534298,
        0.004777458030730486
      ],
      "iteration_times_sec": [
        0.01855349913239479,
        0.018453583121299744,
        0.017686665058135986,
        0.01808554120361805
      ],
      "total_wall_time_sec": 0.07284899998921901
    }
  ],
  "gfn_trials": [
    {
      "seed": 0,
      "method": "gfn",
      "benchmark": "hartmann6",
      "spec_name": "main_v2",
      "regrets": [
        2.69465708732605,
        2.69465708732605,
        2.69465708732605,
        2.69465708732605
      ],
      "best_values": [
        0.6277108192443848,
        0.6277108192443848,
        0.6277108192443848,
        0.6277108192443848
      ],
      "queried_values": [
        0.0004925126559101045,
        0.16975103318691254,
        0.20337191224098206,
        0.244792178273201
      ],
      "actual_gains": [
        -0.6272183060646057,
        -0.45795977115631104,
        -0.4243389070034027,
        -0.38291865587234497
      ],
      "proxy_rewards": [
        1.0,
        1.0,
        1.0,
        1.0
      ],
      "proxy_improvements": [
        -0.4244244694709778,
        -0.39536628127098083,
        -0.4392077922821045,
        -0.4160729646682739
      ],