{
  "summary": {
    "random": {
      "mean_regret": [
        13.306511878967285,
        4.611563205718994,
        4.611563205718994,
        4.611563205718994
      ],
      "std_regret": [
        7.995150089263916,
        0.21018743515014648,
        0.21018743515014648,
        0.21018743515014648
      ],
      "mean_best_value": [
        -13.704400062561035,
        -5.009450435638428,
        -5.009450435638428,
        -5.009450435638428
      ],
      "std_best_value": [
        7.995150566101074,
        0.21018743515014648,
        0.21018743515014648,
        0.21018743515014648
      ],
      "mean_query_value": [
        -121.41339874267578,
        -5.009450435638428,
        -8.320024490356445,
        -8.6613187789917
      ],
      "std_query_value": [
        115.70415496826172,
        0.21018743515014648,
        2.3009402751922607,
        3.801846504211426
      ],
      "final_regret_mean": 4.611563205718994,
      "final_regret_std": 0.21018743515014648,
      "floor_reward_fraction_mean": 0.0,
      "step_reward_std_mean": 0.11416082084178925,
      "same_mask_repeat_std_mean": 1.459271788597107,
      "total_time_mean_sec": 0.07292589597636834
    },
    "gfn": {
      "mean_regret": [
        13.306511878967285,
        4.611563205718994,
        4.611563205718994,
        4.611563205718994
      ],
      "std_regret": [
        7.995150089263916,
        0.21018743515014648,
        0.21018743515014648,
        0.21018743515014648
      ],
      "mean_best_value": [
        -13.704400062561035,
        -5.009450435638428,
        -5.009450435638428,
        -5.009450435638428
      ],
      "std_best_value": [
        7.995150566101074,
        0.21018743515014648,
        0.21018743515014648,
        0.21018743515014648
      ],
      "mean_query_value": [
        -121.41339874267578,
        -5.009450435638428,
        -8.320024490356445,
        -8.6613187789917
      ],
      "std_query_value": [
        115.70415496826172,
        0.21018743515014648,
        2.3009402751922607,
        3.801846504211426
      ],
      "final_regret_mean": 4.611563205718994,
      "final_regret_std": 0.21018743515014648,
      "floor_reward_fraction_mean": 0.0,
      "step_reward_std_mean": 0.3126560151576996,
      "same_mask_repeat_std_mean": 1.591685175895691,
      "total_time_mean_sec": 0.4521255004219711
    },
    "tradeoff": {
      "regret_gain_of_gfn": 0.0,
      "slowdown_factor": 6.1997935626115925
    }
  },
  "random_trials": [
    {
      "seed": 0,
      "method": "random",
      "benchmark": "branin",
      "spec_name": "reward_protocol_rank_v2",
      "regrets": [
        21.30166244506836,
        4.821750640869141,
        4.821750640869141,
        4.821750640869141
      ],
      "best_values": [
        -21.69955062866211,
        -5.219637870788574,
        -5.219637870788574,
        -5.219637870788574
      ],
      "queried_values": [
        -237.1175537109375,
        -5.219637870788574,
        -10.620965003967285,
        -12.463165283203125
      ],
      "proxy_rewards": [
        1.0,
        1.0,
        1.0,
        1.0
      ],
      "proxy_improvements": [
        -17.6954402923584,
        -35.52899169921875,
        -41.87921905517578,
        -44.61814880371094
      ],
      "floor_reward_flags": [
        0.0,
        0.0,
        0.0,
        0.0
      ],
      "step_reward_std": [
        0.3493683636188507,
        0.3105649948120117,
        0.0,
        0.0
      ],
      "same_mask_repeat_std": [
        1.3727105855941772,
        1.2393215894699097,
        2.0637247562408447,
        1.7282397747039795
      ],
      "surrogate_train_times_sec": [
        0.01285799965262413,
        0.011227957904338837,
        0.010824041441082954,
        0.010756459087133408
      ],
      "gfn_train_times_sec": [
        0.0,
        0.0,
        0.0,
        0.0
      ],
      "proposal_times_sec": [
        0.004482834134250879,
        0.004857250023633242,
        0.0047127921134233475,
        0.004579207859933376
      ],
      "iteration_times_sec": [
        0.019823124632239342,
        0.018591374158859253,
        0.017969375476241112,
        0.01782337576150894
      ],
      "total_wall_time_sec": 0.07421466696541756
    },
    {
      "seed": 1,
      "method": "random",
      "benchmark": "branin",
      "spec_name": "reward_protocol_rank_v2",
      "regrets": [
        5.311361789703369,
        4.401375770568848,
        4.401375770568848,
        4.401375770568848
      ],
      "best_values": [
        -5.709249019622803,
        -4.799263000488281,
        -4.799263000488281,
        -4.799263000488281
      ],
      "queried_values": [
        -5.709249019622803,
        -4.799263000488281,
        -6.019084453582764,
        -4.859472274780273
      ],
      "proxy_rewards": [
        1.0,
        1.0,
        1.0,
        1.0
      ],
      "proxy_improvements": [
        -11.473834037780762,
        -17.443769454956055,
        -21.712177276611328,
        -21.01852035522461
      ],
      "floor_reward_flags": [
        0.0,
        0.0,
        0.0,
        0.0
      ],
      "step_reward_std": [
        0.2533532679080963,
        0.0,
        0.0,
        0.0
      ],
      "same_mask_repeat_std": [
        1.5700902938842773,
        1.8074262142181396,
        0.8756279349327087,
        1.0170332193374634
      ],
      "surrogate_train_times_sec": [
        0.010974041186273098,
        0.011033332906663418,
        0.010434041731059551,
        0.01084029208868742
      ],
      "gfn_train_times_sec": [
        0.0,
        0.0,
        0.0,
        0.0
      ],
      "proposal_times_sec": [
        0.004565624985843897,
        0.004675209056586027,
        0.00465691601857543,
        0.004459667019546032
      ],
      "iteration_times_sec": [
        0.018074875697493553,
        0.01821812428534031,
        0.017611000686883926,
        0.017727792263031006
      ],
      "total_wall_time_sec": 0.07163712498731911
    }
  ],
  "gfn_trials": [
    {
      "seed": 0,
      "method": "gfn",
      "benchmark": "branin",
      "spec_name": "reward_protocol_rank_v2",
      "regrets": [
        21.30166244506836,
        4.821750640869141,
        4.821750640869141,
        4.821750640869141
      ],
      "best_values": [
        -21.69955062866211,
        -5.219637870788574,
        -5.219637870788574,
        -5.219637870788574
      ],
      "queried_values": [
        -237.1175537109375,
        -5.219637870788574,
        -10.620965003967285,
        -12.463165283203125
      ],
      "proxy_rewards": [
        1.0,
        1.0,
        1.0,
        1.0
      ],
      "proxy_improvements": [
        -17.6954402923584,
        -24.68899154663086,
        -49.136878967285156,
        -34.75529861450195
      ],
      "floor_reward_flags": [
        0.0,
        0.0,
        0.0,
        0.0
      ],
      "step_reward_std": [
        0.3042903244495392,
        0.25,
        0.34098565578460693,
        0.3493683636188507
      ],
      "same_mask_repeat_std": [
        1.3727105855941772,
        1.2412161827087402,
        1.285890817642212,
        2.6583287715911865
      ],
      "surrogate_train_times_sec": [
        0.010493249632418156,
        0.011417042464017868,
        0.011793292127549648,
        0.011844958178699017
      ],
      "gfn_train_times_sec": [
        0.08735008537769318,
        0.08714471012353897,
        0.08852758258581161,
        0.08284328877925873
      ],
      "proposal_times_sec": [
        0.09949541836977005,
        0.10020875185728073,
        0.10073308646678925,
        0.09452145546674728
      ],
      "iteration_times_sec": [
        0.1124623715877533,
        0.11402108520269394,
        0.11488741636276245,
        0.10876850038766861
      ],
      "total_wall_time_sec": 0.45014545891899616
    },
    {
      "seed": 1,
      "method": "gfn",
      "benchmark": "branin",