{
  "summary": {
    "random": {
      "mean_regret": [
        19.85475730895996,
        19.85475730895996,
        19.85475730895996,
        19.85475730895996
      ],
      "std_regret": [
        0.5635471343994141,
        0.5635471343994141,
        0.5635471343994141,
        0.5635471343994141
      ],
      "mean_best_value": [
        -19.85475730895996,
        -19.85475730895996,
        -19.85475730895996,
        -19.85475730895996
      ],
      "std_best_value": [
        0.5635471343994141,
        0.5635471343994141,
        0.5635471343994141,
        0.5635471343994141
      ],
      "mean_query_value": [
        -21.575584411621094,
        -21.477188110351562,
        -21.53192710876465,
        -20.551748275756836
      ],
      "std_query_value": [
        0.00165557861328125,
        0.039947509765625,
        0.0010585784912109375,
        0.5239238739013672
      ],
      "final_regret_mean": 19.85475730895996,
      "final_regret_std": 0.5635471343994141,
      "floor_reward_fraction_mean": 0.0,
      "step_reward_std_mean": 0.1643916815519333,
      "same_mask_repeat_std_mean": 0.028260303661227226,
      "total_time_mean_sec": 0.08123308297945186
    },
    "gfn": {
      "mean_regret": [
        19.85475730895996,
        19.85475730895996,
        19.85475730895996,
        19.85475730895996
      ],
      "std_regret": [
        0.5635471343994141,
        0.5635471343994141,
        0.5635471343994141,
        0.5635471343994141
      ],
      "mean_best_value": [
        -19.85475730895996,
        -19.85475730895996,
        -19.85475730895996,
        -19.85475730895996
      ],
      "std_best_value": [
        0.5635471343994141,
        0.5635471343994141,
        0.5635471343994141,
        0.5635471343994141
      ],
      "mean_query_value": [
        -21.575584411621094,
        -21.286439895629883,
        -21.562057495117188,
        -21.106769561767578
      ],
      "std_query_value": [
        0.00165557861328125,
        0.1508007049560547,
        0.029071807861328125,
        0.054798126220703125
      ],
      "final_regret_mean": 19.85475730895996,
      "final_regret_std": 0.5635471343994141,
      "floor_reward_fraction_mean": 0.0,
      "step_reward_std_mean": 0.29770487546920776,
      "same_mask_repeat_std_mean": 0.04336490109562874,
      "total_time_mean_sec": 0.7472148545202799
    },
    "tradeoff": {
      "regret_gain_of_gfn": 0.0,
      "slowdown_factor": 9.198405712476651
    }
  },
  "random_trials": [
    {
      "seed": 0,
      "method": "random",
      "benchmark": "ackley10",
      "spec_name": "reward_protocol_rank_v2",
      "regrets": [
        19.291210174560547,
        19.291210174560547,
        19.291210174560547,
        19.291210174560547
      ],
      "best_values": [
        -19.291210174560547,
        -19.291210174560547,
        -19.291210174560547,
        -19.291210174560547
      ],
      "queried_values": [
        -21.577239990234375,
        -21.517135620117188,
        -21.530868530273438,
        -20.02782440185547
      ],
      "proxy_rewards": [
        1.0,
        1.0,
        1.0,
        1.0
      ],
      "proxy_improvements": [
        -0.7528663873672485,
        -1.1915286779403687,
        -1.2859842777252197,
        -1.461421012878418
      ],
      "floor_reward_flags": [
        0.0,
        0.0,
        0.0,
        0.0
      ],
      "step_reward_std": [
        0.0,
        0.33181077241897583,
        0.3265365958213806,
        0.31242284178733826
      ],
      "same_mask_repeat_std": [
        0.035454828292131424,
        0.044426679611206055,
        0.030662324279546738,
        0.035803619772195816
      ],
      "surrogate_train_times_sec": [
        0.012419125065207481,
        0.012778165750205517,
        0.012359458953142166,
        0.012310583144426346
      ],
      "gfn_train_times_sec": [
        0.0,
        0.0,
        0.0,
        0.0
      ],
      "proposal_times_sec": [
        0.005371875129640102,
        0.005319332703948021,
        0.005293500144034624,
        0.004956915974617004
      ],
      "iteration_times_sec": [
        0.020485542714595795,
        0.021098917350172997,
        0.020304083824157715,
        0.020121082663536072
      ],
      "total_wall_time_sec": 0.08201583300251514
    },
    {
      "seed": 1,
      "method": "random",
      "benchmark": "ackley10",
      "spec_name": "reward_protocol_rank_v2",
      "regrets": [
        20.418304443359375,
        20.418304443359375,
        20.418304443359375,
        20.418304443359375
      ],
      "best_values": [
        -20.418304443359375,
        -20.418304443359375,
        -20.418304443359375,
        -20.418304443359375
      ],
      "queried_values": [
        -21.573928833007812,
        -21.437240600585938,
        -21.53298568725586,
        -21.075672149658203
      ],
      "proxy_rewards": [
        1.0,
        1.0,
        1.0,
        1.0
      ],
      "proxy_improvements": [
        -0.14003559947013855,
        -0.20190341770648956,
        -0.3399388790130615,
        -0.5663573145866394
      ],
      "floor_reward_flags": [
        0.0,
        0.0,
        0.0,
        0.0
      ],
      "step_reward_std": [
        0.0,
        0.0,
        0.0,
        0.3443632423877716
      ],
      "same_mask_repeat_std": [
        0.03813544660806656,
        0.01904374174773693,
        0.018109526485204697,
        0.004446265287697315
      ],
      "surrogate_train_times_sec": [
        0.012556208297610283,
        0.012276208959519863,
        0.01203704159706831,
        0.011763250455260277
      ],
      "gfn_train_times_sec": [
        0.0,
        0.0,
        0.0,
        0.0
      ],
      "proposal_times_sec": [
        0.005318417213857174,
        0.005281624849885702,
        0.005119458772242069,
        0.005324750207364559
      ],
      "iteration_times_sec": [
        0.02068345993757248,
        0.02042408287525177,
        0.019744250923395157,
        0.019592875614762306
      ],
      "total_wall_time_sec": 0.08045033295638859
    }
  ],
  "gfn_trials": [
    {
      "seed": 0,
      "method": "gfn",
      "benchmark": "ackley10",
      "spec_name": "reward_protocol_rank_v2",
      "regrets": [
        19.291210174560547,
        19.291210174560547,
        19.291210174560547,
        19.291210174560547
      ],
      "best_values": [
        -19.291210174560547,
        -19.291210174560547,
        -19.291210174560547,
        -19.291210174560547
      ],
      "queried_values": [
        -21.577239990234375,
        -21.135639190673828,
        -21.591129302978516,
        -21.051971435546875
      ],
      "proxy_rewards": [
        1.0,
        1.0,
        1.0,
        1.0
      ],
      "proxy_improvements": [
        -0.7528663873672485,
        -1.23773992061615,
        -1.274693489074707,
        -1.3511651754379272
      ],
      "floor_reward_flags": [
        0.0,
        0.0,
        0.0,
        0.0
      ],
      "step_reward_std": [
        0.3105649948120117,
        0.2866634428501129,
        0.30705127120018005,
        0.2895925045013428
      ],
      "same_mask_repeat_std": [
        0.05012639984488487,
        0.054396916180849075,
        0.025057891383767128,
        0.030412113294005394
      ],
      "surrogate_train_times_sec": [
        0.011737000197172165,
        0.01337250042706728,
        0.013938667252659798,
        0.01367395929992199
      ],
      "gfn_train_times_sec": [
        0.1521151214838028,
        0.14883370697498322,
        0.14575891196727753,
        0.14472991228103638
      ],
      "proposal_times_sec": [
        0.17216050624847412,
        0.16826316714286804,
        0.1650921255350113,
        0.164467453956604
      ],
      "iteration_times_sec": [
        0.18676546216011047,
        0.18414732813835144,
        0.18176691234111786,
        0.18067845702171326
      ],