{
  "summary": {
    "random": {
      "mean_regret": [
        20.4649658203125,
        20.4649658203125,
        20.4649658203125,
        20.4649658203125
      ],
      "std_regret": [
        0.08544540405273438,
        0.08544540405273438,
        0.08544540405273438,
        0.08544540405273438
      ],
      "mean_best_value": [
        -20.4649658203125,
        -20.4649658203125,
        -20.4649658203125,
        -20.4649658203125
      ],
      "std_best_value": [
        0.08544540405273438,
        0.08544540405273438,
        0.08544540405273438,
        0.08544540405273438
      ],
      "mean_query_value": [
        -21.237173080444336,
        -21.43440818786621,
        -21.460220336914062,
        -21.507366180419922
      ],
      "std_query_value": [
        0.30220603942871094,
        0.4131183624267578,
        0.08548355102539062,
        0.3063774108886719
      ],
      "final_regret_mean": 20.4649658203125,
      "final_regret_std": 0.08544540405273438,
      "floor_reward_fraction_mean": 0.0,
      "step_reward_std_mean": 0.26117998361587524,
      "step_improvement_std_mean": 0.00935931596904993,
      "same_mask_repeat_std_mean": 0.022804586216807365,
      "proxy_actual_gain_corr_mean": 0.04343465715646744,
      "total_time_mean_sec": 0.08684641658328474
    },
    "gfn": {
      "mean_regret": [
        20.4649658203125,
        20.4649658203125,
        20.4649658203125,
        20.4649658203125
      ],
      "std_regret": [
        0.08544540405273438,
        0.08544540405273438,
        0.08544540405273438,
        0.08544540405273438
      ],
      "mean_best_value": [
        -20.4649658203125,
        -20.4649658203125,
        -20.4649658203125,
        -20.4649658203125
      ],
      "std_best_value": [
        0.08544540405273438,
        0.08544540405273438,
        0.08544540405273438,
        0.08544540405273438
      ],
      "mean_query_value": [
        -21.17572593688965,
        -21.173402786254883,
        -21.31991958618164,
        -21.38753890991211
      ],
      "std_query_value": [
        0.36365318298339844,
        0.6741237640380859,
        0.0708160400390625,
        0.4262046813964844
      ],
      "final_regret_mean": 20.4649658203125,
      "final_regret_std": 0.08544540405273438,
      "floor_reward_fraction_mean": 0.0,
      "step_reward_std_mean": 0.32739317417144775,
      "step_improvement_std_mean": 0.020257361233234406,
      "same_mask_repeat_std_mean": 0.02836073748767376,
      "proxy_actual_gain_corr_mean": -0.4173235595226288,
      "total_time_mean_sec": 0.7947602500207722
    },
    "tradeoff": {
      "regret_gain_of_gfn": 0.0,
      "slowdown_factor": 9.151330374795673
    }
  },
  "random_trials": [
    {
      "seed": 0,
      "method": "random",
      "benchmark": "ackley10",
      "spec_name": "finetune_continual_v2",
      "regrets": [
        20.379520416259766,
        20.379520416259766,
        20.379520416259766,
        20.379520416259766
      ],
      "best_values": [
        -20.379520416259766,
        -20.379520416259766,
        -20.379520416259766,
        -20.379520416259766
      ],
      "queried_values": [
        -20.934967041015625,
        -21.021289825439453,
        -21.374736785888672,
        -21.20098876953125
      ],
      "actual_gains": [
        -0.5554466247558594,
        -0.6417694091796875,
        -0.9952163696289062,
        -0.8214683532714844
      ],
      "proxy_rewards": [
        1.0,
        1.0,
        1.0,
        1.0
      ],
      "proxy_improvements": [
        -0.42144009470939636,
        -0.42726513743400574,
        -0.3915535807609558,
        -0.4757012128829956
      ],
      "floor_reward_flags": [
        0.0,
        0.0,
        0.0,
        0.0
      ],
      "step_reward_std": [
        0.17499448359012604,
        0.2948732376098633,
        0.0,
        0.2533532679080963
      ],
      "step_improvement_std": [
        0.0031351179350167513,
        0.0039833299815654755,
        0.0,
        0.006509142462164164
      ],
      "same_mask_repeat_std": [
        0.025933673605322838,
        0.02710539475083351,
        0.03523334115743637,
        0.027692580595612526
      ],
      "proxy_actual_gain_corr": -0.20472480007693297,
      "surrogate_train_times_sec": [
        0.014615708030760288,
        0.01329012494534254,
        0.012525792233645916,
        0.013508250005543232
      ],
      "gfn_train_times_sec": [
        0.0,
        0.0,
        0.0,
        0.0
      ],
      "proposal_times_sec": [
        0.005121583119034767,
        0.005154042039066553,
        0.005581041797995567,
        0.00555508304387331
      ],
      "iteration_times_sec": [
        0.022664083167910576,
        0.021357042714953423,
        0.021055666729807854,
        0.0219374168664217
      ],
      "total_wall_time_sec": 0.08708645810838789
    },
    {
      "seed": 1,
      "method": "random",
      "benchmark": "ackley10",
      "spec_name": "finetune_continual_v2",
      "regrets": [
        20.550411224365234,
        20.550411224365234,
        20.550411224365234,
        20.550411224365234
      ],
      "best_values": [
        -20.550411224365234,
        -20.550411224365234,
        -20.550411224365234,
        -20.550411224365234
      ],
      "queried_values": [
        -21.539379119873047,
        -21.84752655029297,
        -21.545703887939453,
        -21.813743591308594
      ],
      "actual_gains": [
        -0.9889678955078125,
        -1.2971153259277344,
        -0.9952926635742188,
        -1.2633323669433594
      ],
      "proxy_rewards": [
        1.0,
        1.0,
        1.0,
        1.0
      ],
      "proxy_improvements": [
        -0.41895613074302673,
        -0.43702584505081177,
        -0.5024300217628479,
        -0.565056324005127
      ],
      "floor_reward_flags": [
        0.0,
        0.0,
        0.0,
        0.0
      ],
      "step_reward_std": [
        0.2875872254371643,
        0.3493683636188507,
        0.35762202739715576,
        0.3716413378715515
      ],
      "step_improvement_std": [
        0.005522925406694412,
        0.026352854445576668,
        0.01707635074853897,
        0.01229480467736721
      ],
      "same_mask_repeat_std": [
        0.022170953452587128,
        0.017520923167467117,
        0.009425210766494274,
        0.01735461689531803
      ],
      "proxy_actual_gain_corr": 0.29159410904318894,
      "surrogate_train_times_sec": [
        0.01282245758920908,
        0.013605833053588867,
        0.013670749962329865,
        0.012855875305831432
      ],
      "gfn_train_times_sec": [
        0.0,
        0.0,
        0.0,
        0.0
      ],
      "proposal_times_sec": [
        0.005641582887619734,
        0.005444541107863188,
        0.005361624993383884,
        0.005390041973441839
      ],
      "iteration_times_sec": [
        0.021548334509134293,
        0.021854083985090256,
        0.02198600023984909,
        0.02113962545990944
      ],
      "total_wall_time_sec": 0.08660637505818158
    }
  ],
  "gfn_trials": [
    {
      "seed": 0,
      "method": "gfn",
      "benchmark": "ackley10",
      "spec_name": "finetune_continual_v2",
      "regrets": [
        20.379520416259766,
        20.379520416259766,
        20.379520416259766,
        20.379520416259766
      ],
      "best_values": [
        -20.379520416259766,
        -20.379520416259766,
        -20.379520416259766,
        -20.379520416259766
      ],
      "queried_values": [
        -20.81207275390625,
        -20.499279022216797,
        -21.390735626220703,
        -20.961334228515625
      ],
      "actual_gains": [
        -0.4325523376464844,
        -0.11975860595703125,
        -1.0112152099609375,
        -0.5818138122558594
      ],
      "proxy_rewards": [
        1.0,
        1.0,
        1.0,
        1.0
      ],