{
  "seed": 0,
  "method": "random",
  "benchmark": "branin",
  "spec_name": "plain_random_v2",
  "regrets": [
    5.98155403137207,
    5.98155403137207,
    5.98155403137207,
    5.98155403137207
  ],
  "best_values": [
    -6.379441261291504,
    -6.379441261291504,
    -6.379441261291504,
    -6.379441261291504
  ],
  "queried_values": [
    -6.740021228790283,
    -8.807310104370117,
    -17.272953033447266,
    -15.845464706420898
  ],
  "actual_gains": [
    -0.3605799674987793,
    -2.4278688430786133,
    -10.893511772155762,
    -9.466023445129395
  ],
  "proxy_rewards": [
    1.0,
    1.0,
    1.0,
    1.0
  ],
  "proxy_improvements": [
    -18.15923500061035,
    -20.722267150878906,
    -4.8917317390441895,
    -15.389190673828125
  ],
  "floor_reward_flags": [
    0.0,
    0.0,
    0.0,
    0.0
  ],
  "step_reward_std": [
    0.0,
    0.0,
    0.0,
    0.0
  ],
  "step_improvement_std": [
    0.0,
    0.0,
    0.0,
    0.0
  ],
  "same_mask_repeat_std": [
    0.6660776138305664,
    1.1751834154129028,
    1.2397855520248413,
    0.4602743089199066
  ],
  "proxy_actual_gain_corr": -0.8022361603413481,
  "surrogate_train_times_sec": [
    1.1836415529251099,
    0.017310500144958496,
    0.016416165977716446,
    0.01725304126739502
  ],
  "gfn_train_times_sec": [
    0.0,
    0.0,
    0.0,
    0.0
  ],
  "proposal_times_sec": [
    0.0012843339936807752,
    0.0006900830194354057,
    0.0006176671013236046,
    0.0007076669717207551
  ],
  "iteration_times_sec": [
    1.1888209581375122,
    0.021950624883174896,
    0.02156737446784973,
    0.02201695926487446
  ],
  "total_wall_time_sec": 1.2548450831091031
}
