{
  "seed": 3,
  "method": "random",
  "benchmark": "branin",
  "spec_name": "plain_random_v2",
  "regrets": [
    2.471562147140503,
    2.471562147140503,
    2.471562147140503,
    2.471562147140503
  ],
  "best_values": [
    -2.8694496154785156,
    -2.8694496154785156,
    -2.8694496154785156,
    -2.8694496154785156
  ],
  "queried_values": [
    -11.712447166442871,
    -10.237424850463867,
    -15.897417068481445,
    -9.337443351745605
  ],
  "actual_gains": [
    -8.842997550964355,
    -7.367975234985352,
    -13.02796745300293,
    -6.46799373626709
  ],
  "proxy_rewards": [
    1.0,
    1.0,
    1.0,
    1.0
  ],
  "proxy_improvements": [
    -30.56455421447754,
    -34.91016387939453,
    -19.03574562072754,
    -24.09151268005371
  ],
  "floor_reward_flags": [
    0.0,
    0.0,
    0.0,
    0.0
  ],
  "step_reward_std": [
    0.0,
    0.0,
    0.0,
    0.0
  ],
  "step_improvement_std": [
    0.0,
    0.0,
    0.0,
    0.0
  ],
  "same_mask_repeat_std": [
    1.437038779258728,
    1.4853074550628662,
    1.3686408996582031,
    0.611253559589386
  ],
  "proxy_actual_gain_corr": -0.625227999323294,
  "surrogate_train_times_sec": [
    0.018073415383696556,
    0.017052624374628067,
    0.01642308384180069,
    0.015219583176076412
  ],
  "gfn_train_times_sec": [
    0.0,
    0.0,
    0.0,
    0.0
  ],
  "proposal_times_sec": [
    0.0008069579489529133,
    0.0006593330763280392,
    0.0007778749568387866,
    0.0006326669827103615
  ],
  "iteration_times_sec": [
    0.022952083498239517,
    0.02137324959039688,
    0.02095666714012623,
    0.019503209739923477
  ],
  "total_wall_time_sec": 0.08502454205881804
}
