{
  "seed": 1,
  "method": "random",
  "benchmark": "branin",
  "spec_name": "plain_random_v2",
  "regrets": [
    3.7748725414276123,
    3.7748725414276123,
    3.7748725414276123,
    2.6813676357269287
  ],
  "best_values": [
    -4.172760009765625,
    -4.172760009765625,
    -4.172760009765625,
    -3.0792551040649414
  ],
  "queried_values": [
    -227.7505340576172,
    -21.019729614257812,
    -7.073819160461426,
    -3.0792551040649414
  ],
  "actual_gains": [
    -223.57777404785156,
    -16.846969604492188,
    -2.901059150695801,
    1.0935049057006836
  ],
  "proxy_rewards": [
    1.0,
    1.0,
    1.0,
    1.0
  ],
  "proxy_improvements": [
    -48.958473205566406,
    -58.38609313964844,
    -51.5941162109375,
    -39.21514129638672
  ],
  "floor_reward_flags": [
    0.0,
    0.0,
    0.0,
    0.0
  ],
  "step_reward_std": [
    0.0,
    0.0,
    0.0,
    0.0
  ],
  "step_improvement_std": [
    0.0,
    0.0,
    0.0,
    0.0
  ],
  "same_mask_repeat_std": [
    1.8193310499191284,
    3.097463369369507,
    1.027773380279541,
    1.7489193677902222
  ],
  "proxy_actual_gain_corr": 0.014106455635130877,
  "surrogate_train_times_sec": [
    0.020879041403532028,
    0.01754537597298622,
    0.017124250531196594,
    0.016228249296545982
  ],
  "gfn_train_times_sec": [
    0.0,
    0.0,
    0.0,
    0.0
  ],
  "proposal_times_sec": [
    0.0008662079926580191,
    0.0006813330110162497,
    0.0006867500487715006,
    0.0006850829813629389
  ],
  "iteration_times_sec": [
    0.02579391747713089,
    0.02226145938038826,
    0.02155054174363613,
    0.02096741646528244
  ],
  "total_wall_time_sec": 0.09082816704176366
}
