{
  "seed": 2,
  "method": "random",
  "benchmark": "branin",
  "spec_name": "plain_random_v2",
  "regrets": [
    2.961226224899292,
    2.961226224899292,
    2.961226224899292,
    2.961226224899292
  ],
  "best_values": [
    -3.3591136932373047,
    -3.3591136932373047,
    -3.3591136932373047,
    -3.3591136932373047
  ],
  "queried_values": [
    -3.3591136932373047,
    -4.186504364013672,
    -3.501980781555176,
    -4.0597429275512695
  ],
  "actual_gains": [
    14.982467651367188,
    -0.8273906707763672,
    -0.1428670883178711,
    -0.7006292343139648
  ],
  "proxy_rewards": [
    1.0,
    1.0,
    1.0,
    1.0
  ],
  "proxy_improvements": [
    -17.394433975219727,
    -27.317480087280273,
    -24.39980697631836,
    -26.20589256286621
  ],
  "floor_reward_flags": [
    0.0,
    0.0,
    0.0,
    0.0
  ],
  "step_reward_std": [
    0.0,
    0.0,
    0.0,
    0.0
  ],
  "step_improvement_std": [
    0.0,
    0.0,
    0.0,
    0.0
  ],
  "same_mask_repeat_std": [
    1.127084732055664,
    1.1803232431411743,
    1.0169345140457153,
    0.598441481590271
  ],
  "proxy_actual_gain_corr": 0.9722824076685398,
  "surrogate_train_times_sec": [
    0.01964579150080681,
    0.01643245853483677,
    0.01641324907541275,
    0.07585933059453964
  ],
  "gfn_train_times_sec": [
    0.0,
    0.0,
    0.0,
    0.0
  ],
  "proposal_times_sec": [
    0.0008121250430122018,
    0.0006452499656006694,
    0.0006679580546915531,
    0.0008433330804109573
  ],
  "iteration_times_sec": [
    0.02424033358693123,
    0.02084954082965851,
    0.021146083250641823,
    0.08062750101089478
  ],
  "total_wall_time_sec": 0.1471161670051515
}
