{
  "seed": 4,
  "method": "random",
  "benchmark": "branin",
  "spec_name": "plain_random_v2",
  "regrets": [
    1.3938807249069214,
    1.3938807249069214,
    1.3938807249069214,
    1.3938807249069214
  ],
  "best_values": [
    -1.7917680740356445,
    -1.7917680740356445,
    -1.7917680740356445,
    -1.7917680740356445
  ],
  "queried_values": [
    -6.693017959594727,
    -7.064676284790039,
    -12.558245658874512,
    -15.973539352416992
  ],
  "actual_gains": [
    -4.901249885559082,
    -5.2729082107543945,
    -10.766477584838867,
    -14.181771278381348
  ],
  "proxy_rewards": [
    1.0,
    1.0,
    1.0,
    1.0
  ],
  "proxy_improvements": [
    -16.660518646240234,
    -18.975873947143555,
    -17.150056838989258,
    -9.213990211486816
  ],
  "floor_reward_flags": [
    0.0,
    0.0,
    0.0,
    0.0
  ],
  "step_reward_std": [
    0.0,
    0.0,
    0.0,
    0.0
  ],
  "step_improvement_std": [
    0.0,
    0.0,
    0.0,
    0.0
  ],
  "same_mask_repeat_std": [
    2.1244115829467773,
    0.43159160017967224,
    0.6793727874755859,
    1.4984413385391235
  ],
  "proxy_actual_gain_corr": -0.816464558742486,
  "surrogate_train_times_sec": [
    0.017701290547847748,
    0.016854500398039818,
    0.015708625316619873,
    0.01546149980276823
  ],
  "gfn_train_times_sec": [
    0.0,
    0.0,
    0.0,
    0.0
  ],
  "proposal_times_sec": [
    0.0007158330408856273,
    0.0006954580312594771,
    0.0006923340260982513,
    0.0006445000180974603
  ],
  "iteration_times_sec": [
    0.021967250853776932,
    0.021256539970636368,
    0.020287666469812393,
    0.019725749269127846
  ],
  "total_wall_time_sec": 0.0834747499320656
}
