{
  "summary": {
    "random": {
      "mean_regret": [
        2.310534954071045,
        2.153947114944458,
        2.153947114944458,
        2.092768430709839
      ],
      "std_regret": [
        0.8378008604049683,
        0.8755590319633484,
        0.8755590319633484,
        0.8200550675392151
      ],
      "mean_best_value": [
        1.0118331909179688,
        1.1684211492538452,
        1.1684211492538452,
        1.2295995950698853
      ],
      "std_best_value": [
        0.8378008604049683,
        0.8755590319633484,
        0.8755590319633484,
        0.8200551271438599
      ],
      "mean_query_value": [
        0.11526341736316681,
        0.4195377230644226,
        0.22338728606700897,
        0.45901569724082947
      ],
      "std_query_value": [
        0.07963734865188599,
        0.6422432065010071,
        0.214982271194458,
        0.2180188149213791
      ],
      "final_regret_mean": 2.092768430709839,
      "final_regret_std": 0.8200550675392151,
      "floor_reward_fraction_mean": 0.0,
      "step_reward_std_mean": 0.0,
      "step_improvement_std_mean": 0.0,
      "same_mask_repeat_std_mean": 0.020429424941539764,
      "proxy_actual_gain_corr_mean": -0.2620505690574646,
      "total_time_mean_sec": 0.09123227500822395
    },
    "gfn": null,
    "tradeoff": null
  },
  "methods": [
    "random"
  ],
  "random_trials": [
    {
      "seed": 0,
      "method": "random",
      "benchmark": "hartmann6",
      "spec_name": "plain_random_v2",
      "regrets": [
        3.045473098754883,
        3.045473098754883,
        3.045473098754883,
        2.7395803928375244
      ],
      "best_values": [
        0.27689501643180847,
        0.27689501643180847,
        0.27689501643180847,
        0.5827875137329102
      ],
      "queried_values": [
        0.03798168525099754,
        0.01888018660247326,
        0.0343392975628376,
        0.5827875137329102
      ],
      "actual_gains": [
        -0.23891332745552063,
        -0.25801482796669006,
        -0.24255572259426117,
        0.3058924973011017
      ],
      "proxy_rewards": [
        1.0,
        1.0,
        1.0,
        1.0
      ],
      "proxy_improvements": [
        -0.13237273693084717,
        -0.1469862461090088,
        -0.16062015295028687,
        -0.16482776403427124
      ],
      "floor_reward_flags": [
        0.0,
        0.0,
        0.0,
        0.0
      ],
      "step_reward_std": [
        0.0,
        0.0,
        0.0,
        0.0
      ],
      "step_improvement_std": [
        0.0,
        0.0,
        0.0,
        0.0
      ],
      "same_mask_repeat_std": [
        0.004390659276396036,
        0.008463176898658276,
        0.003778899321332574,
        0.0023617867846041918
      ],
      "proxy_actual_gain_corr": -0.6137532992349768,
      "surrogate_train_times_sec": [
        0.018953749909996986,
        0.01773187518119812,
        0.017788000404834747,
        0.018567124381661415
      ],
      "gfn_train_times_sec": [
        0.0,
        0.0,
        0.0,
        0.0
      ],
      "proposal_times_sec": [
        0.0006972079863771796,
        0.0007579580415040255,
        0.0006914589321240783,
        0.0008698749588802457
      ],
      "iteration_times_sec": [
        0.023749958723783493,
        0.022852124646306038,
        0.022311624139547348,
        0.02355116605758667
      ],
      "total_wall_time_sec": 0.09268708399031311
    },
    {
      "seed": 1,
      "method": "random",
      "benchmark": "hartmann6",
      "spec_name": "plain_random_v2",
      "regrets": [
        3.133971691131592,
        3.123659133911133,
        3.123659133911133,
        3.123659133911133
      ],
      "best_values": [
        0.1883963644504547,
        0.19870880246162415,
        0.19870880246162415,
        0.19870880246162415
      ],
      "queried_values": [
        0.08590469509363174,
        0.19870880246162415,
        0.07981468737125397,
        0.049035560339689255
      ],
      "actual_gains": [
        -0.10249166935682297,
        0.010312438011169434,
        -0.11889411509037018,
        -0.1496732383966446
      ],
      "proxy_rewards": [
        1.0,
        1.0,
        1.0,
        1.0
      ],
      "proxy_improvements": [
        -0.0782667025923729,
        -0.07765324413776398,
        -0.07355684041976929,
        -0.06369498372077942
      ],
      "floor_reward_flags": [
        0.0,
        0.0,
        0.0,
        0.0
      ],
      "step_reward_std": [
        0.0,
        0.0,
        0.0,
        0.0
      ],
      "step_improvement_std": [
        0.0,
        0.0,
        0.0,
        0.0
      ],
      "same_mask_repeat_std": [
        0.004518335685133934,
        0.002215063665062189,
        0.0074565960094332695,
        0.005874262657016516
      ],
      "proxy_actual_gain_corr": -0.667173841304068,
      "surrogate_train_times_sec": [
        0.01904362440109253,
        0.01702316664159298,
        0.01861250028014183,
        0.018081042915582657
      ],
      "gfn_train_times_sec": [
        0.0,
        0.0,
        0.0,
        0.0
      ],
      "proposal_times_sec": [
        0.0007250419585034251,
        0.0007256249664351344,
        0.0007062089862301946,
        0.0007148339645937085
      ],
      "iteration_times_sec": [
        0.023831292986869812,
        0.021800708025693893,
        0.023497875779867172,
        0.022938916459679604
      ],
      "total_wall_time_sec": 0.09229929104913026
    },
    {
      "seed": 2,
      "method": "random",
      "benchmark": "hartmann6",
      "spec_name": "plain_random_v2",
      "regrets": [
        2.1701409816741943,
        2.1701409816741943,
        2.1701409816741943,
        2.1701409816741943
      ],
      "best_values": [
        1.1522269248962402,
        1.1522269248962402,
        1.1522269248962402,
        1.1522269248962402
      ],
      "queried_values": [
        0.20788046717643738,
        0.04839041456580162,
        0.636114239692688,
        0.6832835078239441
      ],
      "actual_gains": [
        -0.9443464279174805,
        -1.1038365364074707,
        -0.5161126852035522,
        -0.46894341707229614
      ],
      "proxy_rewards": [
        1.0,
        1.0,
        1.0,
        1.0
      ],
      "proxy_improvements": [
        -0.7699956297874451,
        -0.7794154286384583,
        -0.8728697299957275,
        -0.7454423308372498
      ],
      "floor_reward_flags": [
        0.0,
        0.0,
        0.0,
        0.0
      ],
      "step_reward_std": [
        0.0,
        0.0,
        0.0,
        0.0
      ],
      "step_improvement_std": [
        0.0,
        0.0,
        0.0,
        0.0
      ],
      "same_mask_repeat_std": [
        0.015537540428340435,
        0.018927214667201042,
        0.010936494916677475,
        0.015594899654388428
      ],
      "proxy_actual_gain_corr": -0.27650671356920975,
      "surrogate_train_times_sec": [
        0.02045329287648201,
        0.018794916570186615,
        0.017487291246652603,
        0.017288124188780785
      ],
      "gfn_train_times_sec": [
        0.0,
        0.0,
        0.0,
        0.0
      ],
      "proposal_times_sec": [
        0.0007324159378185868,
        0.0006997920572757721,
        0.0006236250046640635,
        0.0008167079649865627
      ],
      "iteration_times_sec": [
        0.02542829141020775,
        0.023126665502786636,
        0.021647833287715912,
        0.02236616611480713
      ],
      "total_wall_time_sec": 0.0927942079724744
    },
    {
      "seed": 3,
      "method": "random",
      "benchmark": "hartmann6",
      "spec_name": "plain_random_v2",
      "regrets": [
        0.805829644203186,
        0.805829644203186,
        0.805829644203186,
        0.805829644203186
      ],
      "best_values": [
        2.516538381576538,
        2.516538381576538,
        2.516538381576538,
        2.516538381576538
      ],