{
  "summary": {
    "random": {
      "mean_regret": [
        2.03558349609375,
        2.03558349609375,
        2.03558349609375,
        2.03558349609375
      ],
      "std_regret": [
        0.121559739112854,
        0.121559739112854,
        0.121559739112854,
        0.121559739112854
      ],
      "mean_best_value": [
        1.2867844104766846,
        1.2867844104766846,
        1.2867844104766846,
        1.2867844104766846
      ],
      "std_best_value": [
        0.121559739112854,
        0.121559739112854,
        0.121559739112854,
        0.121559739112854
      ],
      "mean_query_value": [
        0.458424836397171,
        0.4309651851654053,
        0.09848654270172119,
        0.1660253405570984
      ],
      "std_query_value": [
        0.3416823744773865,
        0.3772636651992798,
        0.002818778157234192,
        0.10548385977745056
      ],
      "final_regret_mean": 2.03558349609375,
      "final_regret_std": 0.121559739112854,
      "floor_reward_fraction_mean": 0.0,
      "step_reward_std_mean": 0.03166915848851204,
      "step_improvement_std_mean": 0.0003366307937540114,
      "same_mask_repeat_std_mean": 0.032047614455223083,
      "proxy_actual_gain_corr_mean": 0.40382975339889526,
      "total_time_mean_sec": 0.08023133350070566
    },
    "gfn": {
      "mean_regret": [
        2.03558349609375,
        2.03558349609375,
        2.03558349609375,
        2.03558349609375
      ],
      "std_regret": [
        0.121559739112854,
        0.121559739112854,
        0.121559739112854,
        0.121559739112854
      ],
      "mean_best_value": [
        1.2867844104766846,
        1.2867844104766846,
        1.2867844104766846,
        1.2867844104766846
      ],
      "std_best_value": [
        0.121559739112854,
        0.121559739112854,
        0.121559739112854,
        0.121559739112854
      ],
      "mean_query_value": [
        0.458424836397171,
        0.4309651851654053,
        0.09848654270172119,
        0.5432354211807251
      ],
      "std_query_value": [
        0.3416823744773865,
        0.3772636651992798,
        0.002818778157234192,
        0.39568281173706055
      ],
      "final_regret_mean": 2.03558349609375,
      "final_regret_std": 0.121559739112854,
      "floor_reward_fraction_mean": 0.0,
      "step_reward_std_mean": 0.3397734761238098,
      "step_improvement_std_mean": 0.055093348026275635,
      "same_mask_repeat_std_mean": 0.03303251042962074,
      "proxy_actual_gain_corr_mean": 0.16902263462543488,
      "total_time_mean_sec": 0.6196785625070333
    },
    "tradeoff": {
      "regret_gain_of_gfn": 0.0,
      "slowdown_factor": 7.723647800289685
    }
  },
  "random_trials": [
    {
      "seed": 0,
      "method": "random",
      "benchmark": "hartmann6",
      "spec_name": "pool_shared_v2",
      "regrets": [
        1.9140238761901855,
        1.9140238761901855,
        1.9140238761901855,
        1.9140238761901855
      ],
      "best_values": [
        1.4083441495895386,
        1.4083441495895386,
        1.4083441495895386,
        1.4083441495895386
      ],
      "queried_values": [
        0.8001071810722351,
        0.8082288503646851,
        0.095667764544487,
        0.27150920033454895
      ],
      "actual_gains": [
        -0.6082369685173035,
        -0.6001152992248535,
        -1.3126764297485352,
        -1.136834979057312
      ],
      "proxy_rewards": [
        1.0,
        1.0,
        1.0,
        1.0
      ],
      "proxy_improvements": [
        -0.6571157574653625,
        -0.5008770823478699,
        -0.512267529964447,
        -0.7195961475372314
      ],
      "floor_reward_flags": [
        0.0,
        0.0,
        0.0,
        0.0
      ],
      "step_reward_std": [
        0.0,
        0.0,
        0.0,
        0.0
      ],
      "step_improvement_std": [
        1.1102230246251565e-16,
        1.1102230246251565e-16,
        1.1102230246251565e-16,
        1.1102230246251565e-16
      ],
      "same_mask_repeat_std": [
        0.03964518383145332,
        0.04286305606365204,
        0.04478829354047775,
        0.019591907039284706
      ],
      "proxy_actual_gain_corr": 0.044950022866652575,
      "surrogate_train_times_sec": [
        0.013085249811410904,
        0.012101124972105026,
        0.012159375473856926,
        0.01199191715568304
      ],
      "gfn_train_times_sec": [
        0.0,
        0.0,
        0.0,
        0.0
      ],
      "proposal_times_sec": [
        0.005238667130470276,
        0.005183333996683359,
        0.005111250095069408,
        0.005110083147883415
      ],
      "iteration_times_sec": [
        0.021151583641767502,
        0.020024750381708145,
        0.02001829259097576,
        0.019858291372656822
      ],
      "total_wall_time_sec": 0.0811439580284059
    },
    {
      "seed": 1,
      "method": "random",
      "benchmark": "hartmann6",
      "spec_name": "pool_shared_v2",
      "regrets": [
        2.1571433544158936,
        2.1571433544158936,
        2.1571433544158936,
        2.1571433544158936
      ],
      "best_values": [
        1.1652246713638306,
        1.1652246713638306,
        1.1652246713638306,
        1.1652246713638306
      ],
      "queried_values": [
        0.11674247682094574,
        0.053701505064964294,
        0.10130532085895538,
        0.060541484504938126
      ],
      "actual_gains": [
        -1.0484821796417236,
        -1.111523151397705,
        -1.0639193058013916,
        -1.1046831607818604
      ],
      "proxy_rewards": [
        1.0,
        1.0,
        1.0,
        1.0
      ],
      "proxy_improvements": [
        -0.4083399176597595,
        -0.5801607966423035,
        -0.5845884680747986,
        -0.645035445690155
      ],
      "floor_reward_flags": [
        0.0,
        0.0,
        0.0,
        0.0
      ],
      "step_reward_std": [
        0.0,
        0.0,
        0.0,
        0.2533532679080963
      ],
      "step_improvement_std": [
        0.0,
        1.1102230246251565e-16,
        1.1102230246251565e-16,
        0.002693046350032091
      ],
      "same_mask_repeat_std": [
        0.04430443421006203,
        0.018758252263069153,
        0.020681200549006462,
        0.025748612359166145
      ],
      "proxy_actual_gain_corr": 0.7627095149092991,
      "surrogate_train_times_sec": [
        0.01212866697460413,
        0.011797750368714333,
        0.011645583435893059,
        0.011968959122896194
      ],
      "gfn_train_times_sec": [
        0.0,
        0.0,
        0.0,
        0.0
      ],
      "proposal_times_sec": [
        0.005158958025276661,
        0.0051162089221179485,
        0.0050458749756217,
        0.005191124975681305
      ],
      "iteration_times_sec": [
        0.020149249583482742,
        0.01977049931883812,
        0.019486334174871445,
        0.019839417189359665
      ],
      "total_wall_time_sec": 0.07931870897300541
    }
  ],
  "gfn_trials": [
    {
      "seed": 0,
      "method": "gfn",
      "benchmark": "hartmann6",
      "spec_name": "pool_shared_v2",
      "regrets": [
        1.9140238761901855,
        1.9140238761901855,
        1.9140238761901855,
        1.9140238761901855
      ],
      "best_values": [
        1.4083441495895386,
        1.4083441495895386,
        1.4083441495895386,
        1.4083441495895386
      ],
      "queried_values": [
        0.8001071810722351,
        0.8082288503646851,
        0.095667764544487,
        0.9389182329177856
      ],
      "actual_gains": [
        -0.6082369685173035,
        -0.6001152992248535,
        -1.3126764297485352,
        -0.46942591667175293
      ],
      "proxy_rewards": [
        1.0,
        1.0,
        1.0,
        1.0
      ],
      "proxy_improvements": [
        -0.6571157574653625,
        -0.5853536128997803,
        -0.6541586518287659,
        -0.631767213344574
      ],
      "floor_reward_flags": [
        0.0,
        0.0,
        0.0,
        0.0
      ],