{
  "suite": "main_v2",
  "profile": "smoke",
  "runs": [
    {
      "spec_name": "main_v2",
      "benchmark": "branin",
      "artifact_dir": "/Users/ayana.mussabayeva/projects/domaha/sequential_desicion_project/artifacts_v2/main_v2/branin/20260422_211354_993327",
      "summary": {
        "random": {
          "mean_regret": [
            4.979687690734863,
            4.979687690734863,
            4.979687690734863,
            4.979687690734863
          ],
          "std_regret": [
            1.6021865606307983,
            1.6021865606307983,
            1.6021865606307983,
            1.6021865606307983
          ],
          "mean_best_value": [
            -5.377574920654297,
            -5.377574920654297,
            -5.377574920654297,
            -5.377574920654297
          ],
          "std_best_value": [
            1.6021864414215088,
            1.6021864414215088,
            1.6021864414215088,
            1.6021864414215088
          ],
          "mean_query_value": [
            -13.187121391296387,
            -30.062637329101562,
            -23.490631103515625,
            -134.4817657470703
          ],
          "std_query_value": [
            6.20736026763916,
            14.316515922546387,
            15.440476417541504,
            128.61376953125
          ],
          "final_regret_mean": 4.979687690734863,
          "final_regret_std": 1.6021865606307983,
          "floor_reward_fraction_mean": 0.0,
          "step_reward_std_mean": 0.19211630523204803,
          "same_mask_repeat_std_mean": 1.2334473133087158,
          "total_time_mean_sec": 0.4441754164872691
        },
        "gfn": {
          "mean_regret": [
            4.979687690734863,
            3.7111687660217285,
            3.7111687660217285,
            3.7111687660217285
          ],
          "std_regret": [
            1.6021865606307983,
            0.5940135717391968,
            0.5940135717391968,
            0.5940135717391968
          ],
          "mean_best_value": [
            -5.377574920654297,
            -4.10905647277832,
            -4.10905647277832,
            -4.10905647277832
          ],
          "std_best_value": [
            1.6021864414215088,
            0.5940134525299072,
            0.5940134525299072,
            0.5940134525299072
          ],
          "mean_query_value": [
            -13.187121391296387,
            -4.10905647277832,
            -23.490631103515625,
            -7.778193473815918
          ],
          "std_query_value": [
            6.20736026763916,
            0.5940134525299072,
            15.440476417541504,
            1.9101953506469727
          ],
          "final_regret_mean": 3.7111687660217285,
          "final_regret_std": 0.5940135717391968,
          "floor_reward_fraction_mean": 0.0,
          "step_reward_std_mean": 0.26333191990852356,
          "same_mask_repeat_std_mean": 1.4822824001312256,
          "total_time_mean_sec": 0.4765616040676832
        },
        "tradeoff": {
          "regret_gain_of_gfn": 1.2685189247131348,
          "slowdown_factor": 1.0729130572703416
        }
      }
    },
    {
      "spec_name": "main_v2",
      "benchmark": "hartmann6",
      "artifact_dir": "/Users/ayana.mussabayeva/projects/domaha/sequential_desicion_project/artifacts_v2/main_v2/hartmann6/20260422_211357_020092",
      "summary": {
        "random": {
          "mean_regret": [
            1.71449875831604,
            1.71449875831604,
            1.71449875831604,
            1.71449875831604
          ],
          "std_regret": [
            0.9362972378730774,
            0.9362972378730774,
            0.9362972378730774,
            0.9362972378730774
          ],
          "mean_best_value": [
            1.6078693866729736,
            1.6078693866729736,
            1.6078693866729736,
            1.6078693866729736
          ],
          "std_best_value": [
            0.9362972378730774,
            0.9362972378730774,
            0.9362972378730774,
            0.9362972378730774
          ],
          "mean_query_value": [
            0.31942617893218994,
            0.6253018379211426,
            0.11940009891986847,
            0.12997736036777496
          ],
          "std_query_value": [
            0.07219196856021881,
            0.4122810363769531,
            0.026849467307329178,
            0.03715376928448677
          ],
          "final_regret_mean": 1.71449875831604,
          "final_regret_std": 0.9362972378730774,
          "floor_reward_fraction_mean": 0.0,
          "step_reward_std_mean": 0.10967104136943817,
          "same_mask_repeat_std_mean": 0.027379203587770462,
          "total_time_mean_sec": 0.07708785403519869
        },
        "gfn": {
          "mean_regret": [
            1.71449875831604,
            1.71449875831604,
            1.71449875831604,
            1.71449875831604
          ],
          "std_regret": [
            0.9362972378730774,
            0.9362972378730774,
            0.9362972378730774,
            0.9362972378730774
          ],
          "mean_best_value": [
            1.6078693866729736,
            1.6078693866729736,
            1.6078693866729736,
            1.6078693866729736
          ],
          "std_best_value": [
            0.9362972378730774,
            0.9362972378730774,
            0.9362972378730774,
            0.9362972378730774
          ],
          "mean_query_value": [
            0.31942617893218994,
            0.6253018379211426,
            0.15082670748233795,
            0.20828121900558472
          ],
          "std_query_value": [
            0.07219196856021881,
            0.4122810363769531,
            0.07794484496116638,
            0.00350894033908844
          ],
          "final_regret_mean": 1.71449875831604,
          "final_regret_std": 0.9362972378730774,
          "floor_reward_fraction_mean": 0.0,
          "step_reward_std_mean": 0.3092361092567444,
          "same_mask_repeat_std_mean": 0.026452437043190002,
          "total_time_mean_sec": 0.6117404169635847
        },
        "tradeoff": {
          "regret_gain_of_gfn": 0.0,
          "slowdown_factor": 7.935626495508113
        }
      }
    },
    {
      "spec_name": "main_v2",
      "benchmark": "ackley10",
      "artifact_dir": "/Users/ayana.mussabayeva/projects/domaha/sequential_desicion_project/artifacts_v2/main_v2/ackley10/20260422_211358_461537",
      "summary": {
        "random": {
          "mean_regret": [
            19.984296798706055,
            19.984296798706055,
            19.984296798706055,
            19.984296798706055
          ],
          "std_regret": [
            0.4017200469970703,
            0.4017200469970703,
            0.4017200469970703,
            0.4017200469970703
          ],
          "mean_best_value": [
            -19.984296798706055,
            -19.984296798706055,
            -19.984296798706055,
            -19.984296798706055
          ],
          "std_best_value": [
            0.4017200469970703,
            0.4017200469970703,
            0.4017200469970703,
            0.4017200469970703
          ],
          "mean_query_value": [
            -21.254432678222656,
            -21.017026901245117,
            -21.213394165039062,
            -21.588024139404297
          ],
          "std_query_value": [
            0.12819671630859375,
            0.19698143005371094,
            0.09680557250976562,
            0.054203033447265625
          ],
          "final_regret_mean": 19.984296798706055,
          "final_regret_std": 0.4017200469970703,
          "floor_reward_fraction_mean": 0.0,
          "step_reward_std_mean": 0.24686527252197266,
          "same_mask_repeat_std_mean": 0.019201595336198807,
          "total_time_mean_sec": 0.07712731201900169
        },