{
  "seed": 0,
  "method": "random",
  "benchmark": "branin",
  "spec_name": "plain_random_v2",
  "regrets": [
    0.47428691387176514,
    0.47428691387176514,
    0.47428691387176514,
    0.47428691387176514,
    0.47428691387176514,
    0.47428691387176514,
    0.47428691387176514,
    0.47428691387176514,
    0.47428691387176514,
    0.47428691387176514,
    0.47428691387176514,
    0.47428691387176514,
    0.47428691387176514,
    0.47428691387176514,
    0.47428691387176514,
    0.47428691387176514,
    0.47428691387176514,
    0.47428691387176514
  ],
  "best_values": [
    -0.8721742630004883,
    -0.8721742630004883,
    -0.8721742630004883,
    -0.8721742630004883,
    -0.8721742630004883,
    -0.8721742630004883,
    -0.8721742630004883,
    -0.8721742630004883,
    -0.8721742630004883,
    -0.8721742630004883,
    -0.8721742630004883,
    -0.8721742630004883,
    -0.8721742630004883,
    -0.8721742630004883,
    -0.8721742630004883,
    -0.8721742630004883,
    -0.8721742630004883,
    -0.8721742630004883
  ],
  "queried_values": [
    -249.71820068359375,
    -23.736961364746094,
    -5.46439790725708,
    -3.521172046661377,
    -1.8977127075195312,
    -5.755751609802246,
    -2.8941569328308105,
    -10.6661958694458,
    -8.803973197937012,
    -2.4818267822265625,
    -2.2231264114379883,
    -46.1358642578125,
    -2.9798479080200195,
    -6.7586750984191895,
    -2.0827512741088867,
    -3.782952308654785,
    -2.6882667541503906,
    -2.228531837463379
  ],
  "actual_gains": [
    -248.8460235595703,
    -22.864788055419922,
    -4.592223644256592,
    -2.6489977836608887,
    -1.025538444519043,
    -4.883577346801758,
    -2.0219826698303223,
    -9.794021606445312,
    -7.931798934936523,
    -1.6096525192260742,
    -1.3509521484375,
    -45.26369094848633,
    -2.1076736450195312,
    -5.886500835418701,
    -1.2105770111083984,
    -2.910778045654297,
    -1.8160924911499023,
    -1.3563575744628906
  ],
  "proxy_rewards": [
    1.0,
    1.0,
    1.0,
    1.0,
    1.0,
    1.0,
    1.0,
    1.0,
    1.0,
    1.0,
    1.0,
    1.0,
    1.0,
    1.0,
    1.0,
    1.0,
    1.0,
    1.0
  ],
  "proxy_improvements": [
    22.872953414916992,
    30.52887725830078,
    25.56586456298828,
    -2.2201435565948486,
    -0.28145846724510193,
    2.8053369522094727,
    3.0890564918518066,
    10.496760368347168,
    4.999471187591553,
    1.8992024660110474,
    9.242887496948242,
    1.6265839338302612,
    -3.2332956790924072,
    3.258944034576416,
    -1.2935134172439575,
    -1.9359444379806519,
    4.000840187072754,
    -0.35293301939964294
  ],
  "floor_reward_flags": [
    0.0,
    0.0,
    0.0,
    0.0,
    0.0,
    0.0,
    0.0,
    0.0,
    0.0,
    0.0,
    0.0,
    0.0,
    0.0,
    0.0,
    0.0,
    0.0,
    0.0,
    0.0
  ],
  "step_reward_std": [
    0.0,
    0.0,
    0.0,
    0.0,
    0.0,
    0.0,
    0.0,
    0.0,
    0.0,
    0.0,
    0.0,
    0.0,
    0.0,
    0.0,
    0.0,
    0.0,
    0.0,
    0.0
  ],
  "step_improvement_std": [
    0.0,
    0.0,
    0.0,
    0.0,
    0.0,
    0.0,
    0.0,
    0.0,
    0.0,
    0.0,
    0.0,
    0.0,
    0.0,
    0.0,
    0.0,
    0.0,
    0.0,
    0.0
  ],
  "same_mask_repeat_std": [
    0.9756823182106018,
    1.2811859846115112,
    0.7979321479797363,
    3.781934976577759,
    0.9601529836654663,
    2.1645002365112305,
    1.5826877355575562,
    1.4658335447311401,
    1.2417595386505127,
    0.6527846455574036,
    0.5536729097366333,
    1.6997066736221313,
    0.4478587210178375,
    1.041793942451477,
    1.5109354257583618,
    0.7365573048591614,
    0.899133563041687,
    1.1550188064575195
  ],
  "proxy_actual_gain_corr": -0.45343685934372485,
  "surrogate_train_times_sec": [
    0.9372797608375549,
    0.08120858669281006,
    0.08031916618347168,
    0.08106408268213272,
    0.07957737147808075,
    0.08041108399629593,
    0.07849804311990738,
    0.08130762726068497,
    0.08101195842027664,
    0.07946053892374039,
    0.07947466522455215,
    0.07896845787763596,
    0.08680921047925949,
    0.08031000196933746,
    0.0821462944149971,
    0.08409903943538666,
    0.082353375852108,
    0.0823703333735466
  ],
  "gfn_train_times_sec": [
    0.0,
    0.0,
    0.0,
    0.0,
    0.0,
    0.0,
    0.0,
    0.0,
    0.0,
    0.0,
    0.0,
    0.0,
    0.0,
    0.0,
    0.0,
    0.0,
    0.0,
    0.0
  ],
  "proposal_times_sec": [
    0.0018647920805960894,
    0.0014322089264169335,
    0.0014109160983934999,
    0.0014101250562816858,
    0.001309167011640966,
    0.001407915959134698,
    0.0013199590612202883,
    0.001306000049225986,
    0.0013059169286862016,
    0.0013727910118177533,
    0.0012996250297874212,
    0.0013694580411538482,
    0.0013644580030813813,
    0.0013706249883398414,
    0.001378374989144504,
    0.0013792079407721758,
    0.0013372499961405993,
    0.001320375013165176
  ],
  "iteration_times_sec": [
    0.9474719762802124,
    0.09045291692018509,
    0.08941212296485901,
    0.09022095799446106,
    0.08847329020500183,
    0.0894683375954628,
    0.08757008612155914,
    0.09050974994897842,
    0.08995058387517929,
    0.0884692519903183,
    0.08854254335165024,
    0.08802083134651184,
    0.09584824740886688,
    0.08924491703510284,
    0.09118704497814178,
    0.09325575083494186,
    0.09132904559373856,
    0.09127233177423477
  ],
  "total_wall_time_sec": 2.481426583020948
}
