{
  "seed": 2,
  "method": "random",
  "benchmark": "branin",
  "spec_name": "plain_random_v2",
  "regrets": [
    2.5970494747161865,
    1.2489575147628784,
    1.2489575147628784,
    1.2489575147628784,
    0.8100231885910034,
    0.8100231885910034,
    0.8100231885910034,
    0.8100231885910034,
    0.8100231885910034,
    0.8100231885910034,
    0.8100231885910034,
    0.8100231885910034,
    0.8100231885910034,
    0.8100231885910034,
    0.8100231885910034,
    0.8100231885910034,
    0.8100231885910034,
    0.8100231885910034
  ],
  "best_values": [
    -2.994936943054199,
    -1.6468448638916016,
    -1.6468448638916016,
    -1.6468448638916016,
    -1.2079105377197266,
    -1.2079105377197266,
    -1.2079105377197266,
    -1.2079105377197266,
    -1.2079105377197266,
    -1.2079105377197266,
    -1.2079105377197266,
    -1.2079105377197266,
    -1.2079105377197266,
    -1.2079105377197266,
    -1.2079105377197266,
    -1.2079105377197266,
    -1.2079105377197266,
    -1.2079105377197266
  ],
  "queried_values": [
    -275.45672607421875,
    -1.6468448638916016,
    -9.226676940917969,
    -15.319440841674805,
    -1.2079105377197266,
    -2.0355114936828613,
    -4.631916046142578,
    -1.3826255798339844,
    -40.61161422729492,
    -1.3699188232421875,
    -1.8867225646972656,
    -2.292832851409912,
    -2.7561264038085938,
    -1.7754745483398438,
    -5.732201099395752,
    -6.412998676300049,
    -1.3641901016235352,
    -7.446835994720459
  ],
  "actual_gains": [
    -272.4617919921875,
    1.3480920791625977,
    -7.579832077026367,
    -13.672595977783203,
    0.438934326171875,
    -0.8276009559631348,
    -3.4240055084228516,
    -0.1747150421142578,
    -39.40370178222656,
    -0.16200828552246094,
    -0.6788120269775391,
    -1.0849223136901855,
    -1.5482158660888672,
    -0.5675640106201172,
    -4.524290561676025,
    -5.205088138580322,
    -0.1562795639038086,
    -6.238925457000732
  ],
  "proxy_rewards": [
    1.0,
    1.0,
    1.0,
    1.0,
    1.0,
    1.0,
    1.0,
    1.0,
    1.0,
    1.0,
    1.0,
    1.0,
    1.0,
    1.0,
    1.0,
    1.0,
    1.0,
    1.0
  ],
  "proxy_improvements": [
    74.04427337646484,
    25.207412719726562,
    42.79180145263672,
    28.67201042175293,
    3.514817953109741,
    1.725138783454895,
    9.139413833618164,
    17.671194076538086,
    10.528177261352539,
    4.82745361328125,
    2.9632019996643066,
    3.742034673690796,
    -1.2742396593093872,
    1.9299423694610596,
    15.427576065063477,
    12.705305099487305,
    3.462347984313965,
    2.119516611099243
  ],
  "floor_reward_flags": [
    0.0,
    0.0,
    0.0,
    0.0,
    0.0,
    0.0,
    0.0,
    0.0,
    0.0,
    0.0,
    0.0,
    0.0,
    0.0,
    0.0,
    0.0,
    0.0,
    0.0,
    0.0
  ],
  "step_reward_std": [
    0.0,
    0.0,
    0.0,
    0.0,
    0.0,
    0.0,
    0.0,
    0.0,
    0.0,
    0.0,
    0.0,
    0.0,
    0.0,
    0.0,
    0.0,
    0.0,
    0.0,
    0.0
  ],
  "step_improvement_std": [
    0.0,
    0.0,
    0.0,
    0.0,
    0.0,
    0.0,
    0.0,
    0.0,
    0.0,
    0.0,
    0.0,
    0.0,
    0.0,
    0.0,
    0.0,
    0.0,
    0.0,
    0.0
  ],
  "same_mask_repeat_std": [
    1.9508204460144043,
    3.008068084716797,
    2.2795333862304688,
    3.120222806930542,
    1.5942518711090088,
    1.399673581123352,
    2.705583095550537,
    3.1957480907440186,
    1.2802866697311401,
    2.213019847869873,
    1.1599148511886597,
    0.9313022494316101,
    0.6338194012641907,
    1.1396853923797607,
    1.6931531429290771,
    2.4039525985717773,
    1.432926893234253,
    0.9738346338272095
  ],
  "proxy_actual_gain_corr": -0.800425304583277,
  "surrogate_train_times_sec": [
    0.08077099919319153,
    0.08385103940963745,
    0.0908275842666626,
    0.08409958332777023,
    0.08793424814939499,
    0.08869616687297821,
    0.08515816926956177,
    0.08545766770839691,
    0.08138895779848099,
    0.08062417060136795,
    0.0859442949295044,
    0.08406957983970642,
    0.08448254317045212,
    0.07822995632886887,
    0.07925879210233688,
    0.08434804528951645,
    0.08402670919895172,
    0.08680879324674606
  ],
  "gfn_train_times_sec": [
    0.0,
    0.0,
    0.0,
    0.0,
    0.0,
    0.0,
    0.0,
    0.0,
    0.0,
    0.0,
    0.0,
    0.0,
    0.0,
    0.0,
    0.0,
    0.0,
    0.0,
    0.0
  ],
  "proposal_times_sec": [
    0.0013727920595556498,
    0.0015274580800905824,
    0.0015092079993337393,
    0.001366000040434301,
    0.0014748750254511833,
    0.0013946660328656435,
    0.0013616669457405806,
    0.0014204999897629023,
    0.001403750036843121,
    0.0017292500706389546,
    0.0013435420114547014,
    0.0017822920344769955,
    0.0011932080378755927,
    0.0013597910292446613,
    0.001338583999313414,
    0.001672582933679223,
    0.0013760830042883754,
    0.0014130000490695238
  ],
  "iteration_times_sec": [
    0.09041041880846024,
    0.09522795677185059,
    0.10069949924945831,
    0.09322358667850494,
    0.0986795425415039,
    0.09878703951835632,
    0.09475987404584885,
    0.0952385812997818,
    0.09065062552690506,
    0.09171678870916367,
    0.09513216465711594,
    0.09458383172750473,
    0.09364058077335358,
    0.08780103921890259,
    0.08845758438110352,
    0.09409462660551071,
    0.0932527482509613,
    0.09641120582818985
  ],
  "total_wall_time_sec": 1.693433374981396
}
