{
  "seed": 4,
  "method": "random",
  "benchmark": "branin",
  "spec_name": "plain_random_v2",
  "regrets": [
    5.858885765075684,
    5.858885765075684,
    5.858885765075684,
    2.4805409908294678,
    2.384352922439575,
    2.384352922439575,
    2.384352922439575,
    2.384352922439575,
    1.0457905530929565,
    1.0457905530929565,
    1.0457905530929565,
    1.0457905530929565,
    1.0457905530929565,
    0.9982079267501831,
    0.9982079267501831,
    0.9982079267501831,
    0.9982079267501831,
    0.9982079267501831
  ],
  "best_values": [
    -6.256772994995117,
    -6.256772994995117,
    -6.256772994995117,
    -2.8784284591674805,
    -2.782240390777588,
    -2.782240390777588,
    -2.782240390777588,
    -2.782240390777588,
    -1.4436779022216797,
    -1.4436779022216797,
    -1.4436779022216797,
    -1.4436779022216797,
    -1.4436779022216797,
    -1.3960952758789062,
    -1.3960952758789062,
    -1.3960952758789062,
    -1.3960952758789062,
    -1.3960952758789062
  ],
  "queried_values": [
    -8.349345207214355,
    -191.8966522216797,
    -10.650360107421875,
    -2.8784284591674805,
    -2.782240390777588,
    -8.204834938049316,
    -7.3808698654174805,
    -15.868186950683594,
    -1.4436779022216797,
    -2.0473599433898926,
    -7.428050994873047,
    -3.110593318939209,
    -12.958030700683594,
    -1.3960952758789062,
    -4.7565388679504395,
    -2.9798479080200195,
    -9.555399894714355,
    -2.983863353729248
  ],
  "actual_gains": [
    -2.0925722122192383,
    -185.63987731933594,
    -4.393587112426758,
    3.3783445358276367,
    0.09618806838989258,
    -5.4225945472717285,
    -4.598629474639893,
    -13.085947036743164,
    1.3385624885559082,
    -0.6036820411682129,
    -5.984373092651367,
    -1.6669154167175293,
    -11.514352798461914,
    0.04758262634277344,
    -3.360443592071533,
    -1.5837526321411133,
    -8.15930461883545,
    -1.5877680778503418
  ],
  "proxy_rewards": [
    1.0,
    1.0,
    1.0,
    1.0,
    1.0,
    1.0,
    1.0,
    1.0,
    1.0,
    1.0,
    1.0,
    1.0,
    1.0,
    1.0,
    1.0,
    1.0,
    1.0,
    1.0
  ],
  "proxy_improvements": [
    6.844030380249023,
    25.65478515625,
    22.14279556274414,
    4.193273544311523,
    8.93399715423584,
    3.047203302383423,
    5.229809761047363,
    5.654990196228027,
    2.2412919998168945,
    4.2452521324157715,
    3.565930128097534,
    5.847887992858887,
    5.238606929779053,
    1.043243169784546,
    -2.2132105827331543,
    0.6455750465393066,
    -1.426261305809021,
    4.41314172744751
  ],
  "floor_reward_flags": [
    0.0,
    0.0,
    0.0,
    0.0,
    0.0,
    0.0,
    0.0,
    0.0,
    0.0,
    0.0,
    0.0,
    0.0,
    0.0,
    0.0,
    0.0,
    0.0,
    0.0,
    0.0
  ],
  "step_reward_std": [
    0.0,
    0.0,
    0.0,
    0.0,
    0.0,
    0.0,
    0.0,
    0.0,
    0.0,
    0.0,
    0.0,
    0.0,
    0.0,
    0.0,
    0.0,
    0.0,
    0.0,
    0.0
  ],
  "step_improvement_std": [
    0.0,
    0.0,
    0.0,
    0.0,
    0.0,
    0.0,
    0.0,
    0.0,
    0.0,
    0.0,
    0.0,
    0.0,
    0.0,
    0.0,
    0.0,
    0.0,
    0.0,
    0.0
  ],
  "same_mask_repeat_std": [
    1.1344151496887207,
    1.2544738054275513,
    3.4650819301605225,
    1.1085841655731201,
    2.039485454559326,
    0.942811131477356,
    1.0042377710342407,
    0.7522229552268982,
    1.5713099241256714,
    0.772966206073761,
    1.1247270107269287,
    1.2118057012557983,
    0.449506551027298,
    0.8204962611198425,
    0.6826526522636414,
    0.6492663025856018,
    1.075485110282898,
    0.6114255785942078
  ],
  "proxy_actual_gain_corr": -0.689916481059078,
  "surrogate_train_times_sec": [
    0.08055512607097626,
    0.07811316847801208,
    0.07748600095510483,
    0.07802870869636536,
    0.07945337146520615,
    0.07679508626461029,
    0.07797062397003174,
    0.07790841907262802,
    0.0805012509226799,
    0.08045412600040436,
    0.07831783592700958,
    0.07899562269449234,
    0.07529879361391068,
    0.07878545671701431,
    0.0809493362903595,
    0.081536665558815,
    0.07957833260297775,
    0.07945796102285385
  ],
  "gfn_train_times_sec": [
    0.0,
    0.0,
    0.0,
    0.0,
    0.0,
    0.0,
    0.0,
    0.0,
    0.0,
    0.0,
    0.0,
    0.0,
    0.0,
    0.0,
    0.0,
    0.0,
    0.0,
    0.0
  ],
  "proposal_times_sec": [
    0.0013882080093026161,
    0.001390625024214387,
    0.0013269579503685236,
    0.001302042044699192,
    0.0013238750398159027,
    0.0013002499472349882,
    0.0012678750790655613,
    0.0013040420599281788,
    0.0014130420750007033,
    0.0014220409793779254,
    0.0014319999609142542,
    0.0012970000971108675,
    0.001332749961875379,
    0.001284874975681305,
    0.0017867080168798566,
    0.0013347499771043658,
    0.0013532920274883509,
    0.0012554579880088568
  ],
  "iteration_times_sec": [
    0.08967433124780655,
    0.08757779002189636,
    0.08658554404973984,
    0.08728695660829544,
    0.0886361226439476,
    0.08564703911542892,
    0.08695758134126663,
    0.08692808449268341,
    0.0899951234459877,
    0.09014812856912613,
    0.08772816509008408,
    0.08764683455228806,
    0.0842595025897026,
    0.08786608278751373,
    0.09240787476301193,
    0.09053904563188553,
    0.08871045708656311,
    0.08844337612390518
  ],
  "total_wall_time_sec": 1.5876869580242783
}
