{
  "seed": 3,
  "method": "random",
  "benchmark": "branin",
  "spec_name": "plain_random_v2",
  "regrets": [
    9.134037971496582,
    7.711627006530762,
    6.315878868103027,
    6.315878868103027,
    6.315878868103027,
    6.315878868103027,
    6.315878868103027,
    6.315878868103027,
    5.377439498901367,
    5.377439498901367,
    4.768313407897949,
    4.768313407897949,
    4.768313407897949,
    4.768313407897949,
    4.768313407897949,
    4.768313407897949,
    4.768313407897949,
    4.768313407897949
  ],
  "best_values": [
    -9.531925201416016,
    -8.109514236450195,
    -6.713766098022461,
    -6.713766098022461,
    -6.713766098022461,
    -6.713766098022461,
    -6.713766098022461,
    -6.713766098022461,
    -5.775326728820801,
    -5.775326728820801,
    -5.166200637817383,
    -5.166200637817383,
    -5.166200637817383,
    -5.166200637817383,
    -5.166200637817383,
    -5.166200637817383,
    -5.166200637817383,
    -5.166200637817383
  ],
  "queried_values": [
    -9.531925201416016,
    -8.109514236450195,
    -6.713766098022461,
    -11.168015480041504,
    -7.708926200866699,
    -9.131017684936523,
    -8.030033111572266,
    -8.633338928222656,
    -5.775326728820801,
    -6.407846927642822,
    -5.166200637817383,
    -6.390565395355225,
    -5.526183128356934,
    -10.04549789428711,
    -11.08773422241211,
    -8.752215385437012,
    -8.957661628723145,
    -9.390158653259277
  ],
  "actual_gains": [
    46.904144287109375,
    1.4224109649658203,
    1.3957481384277344,
    -4.454249382019043,
    -0.9951601028442383,
    -2.4172515869140625,
    -1.3162670135498047,
    -1.9195728302001953,
    0.9384393692016602,
    -0.6325201988220215,
    0.609126091003418,
    -1.2243647575378418,
    -0.3599824905395508,
    -4.879297256469727,
    -5.921533584594727,
    -3.586014747619629,
    -3.7914609909057617,
    -4.2239580154418945
  ],
  "proxy_rewards": [
    1.0,
    1.0,
    1.0,
    1.0,
    1.0,
    1.0,
    1.0,
    1.0,
    1.0,
    1.0,
    1.0,
    1.0,
    1.0,
    1.0,
    1.0,
    1.0,
    1.0,
    1.0
  ],
  "proxy_improvements": [
    12.617247581481934,
    0.04770069196820259,
    -1.5154190063476562,
    -3.266782283782959,
    -2.7780513763427734,
    7.55669641494751,
    3.6637215614318848,
    4.614412307739258,
    -1.3780125379562378,
    -1.3613731861114502,
    3.6208927631378174,
    -1.7978603839874268,
    6.337510585784912,
    3.565453052520752,
    1.336938500404358,
    -1.783740758895874,
    1.535862922668457,
    1.514129877090454
  ],
  "floor_reward_flags": [
    0.0,
    0.0,
    0.0,
    0.0,
    0.0,
    0.0,
    0.0,
    0.0,
    0.0,
    0.0,
    0.0,
    0.0,
    0.0,
    0.0,
    0.0,
    0.0,
    0.0,
    0.0
  ],
  "step_reward_std": [
    0.0,
    0.0,
    0.0,
    0.0,
    0.0,
    0.0,
    0.0,
    0.0,
    0.0,
    0.0,
    0.0,
    0.0,
    0.0,
    0.0,
    0.0,
    0.0,
    0.0,
    0.0
  ],
  "step_improvement_std": [
    0.0,
    0.0,
    0.0,
    0.0,
    0.0,
    0.0,
    0.0,
    0.0,
    0.0,
    0.0,
    0.0,
    0.0,
    0.0,
    0.0,
    0.0,
    0.0,
    0.0,
    0.0
  ],
  "same_mask_repeat_std": [
    2.1369247436523438,
    1.0637524127960205,
    0.9832276105880737,
    1.8659265041351318,
    1.3614251613616943,
    1.3307936191558838,
    1.6335091590881348,
    1.0553100109100342,
    1.162325382232666,
    0.4444829821586609,
    1.2673386335372925,
    0.2711399495601654,
    0.9996649026870728,
    1.0779330730438232,
    1.439842700958252,
    0.9639385342597961,
    1.2579387426376343,
    0.4546293318271637
  ],
  "proxy_actual_gain_corr": 0.6237768080262466,
  "surrogate_train_times_sec": [
    0.07932650297880173,
    0.07750729471445084,
    0.07771153748035431,
    0.07700008153915405,
    0.07772441953420639,
    0.07691287249326706,
    0.08153441548347473,
    0.07969696074724197,
    0.08010254055261612,
    0.07771354168653488,
    0.0781792476773262,
    0.0801117941737175,
    0.08219254016876221,
    0.08453737199306488,
    0.0842737928032875,
    0.08023867011070251,
    0.07803341746330261,
    0.07878358662128448
  ],
  "gfn_train_times_sec": [
    0.0,
    0.0,
    0.0,
    0.0,
    0.0,
    0.0,
    0.0,
    0.0,
    0.0,
    0.0,
    0.0,
    0.0,
    0.0,
    0.0,
    0.0,
    0.0,
    0.0,
    0.0
  ],
  "proposal_times_sec": [
    0.0014046250144019723,
    0.0013898329343646765,
    0.0013109580613672733,
    0.0014331659767776728,
    0.0014511250192299485,
    0.0013968340354040265,
    0.0016053749714046717,
    0.0013253330253064632,
    0.0013402500189840794,
    0.0013230000622570515,
    0.0013341670855879784,
    0.0015124169876798987,
    0.0016452500130981207,
    0.0013520409120246768,
    0.0014146249741315842,
    0.001298624905757606,
    0.0012415830278769135,
    0.0012142910854890943
  ],
  "iteration_times_sec": [
    0.08901462703943253,
    0.08661158382892609,
    0.08710641413927078,
    0.08597629517316818,
    0.08670412749052048,
    0.0865783765912056,
    0.0917164608836174,
    0.08912887424230576,
    0.08926762640476227,
    0.08685746043920517,
    0.08745916932821274,
    0.08948724716901779,
    0.09202166646718979,
    0.09374479204416275,
    0.09396154433488846,
    0.08960545808076859,
    0.08693983405828476,
    0.08793104439973831
  ],
  "total_wall_time_sec": 1.6007542080478743
}
