{
  "seed": 1,
  "method": "random",
  "benchmark": "branin",
  "spec_name": "plain_random_v2",
  "regrets": [
    5.459338188171387,
    5.459338188171387,
    4.961971282958984,
    4.961971282958984,
    4.961971282958984,
    4.961971282958984,
    4.888498306274414,
    4.848982334136963,
    4.848982334136963,
    4.848982334136963,
    4.537775039672852,
    4.537775039672852,
    4.537775039672852,
    4.537775039672852,
    4.537775039672852,
    4.537775039672852,
    4.537775039672852,
    4.537775039672852
  ],
  "best_values": [
    -5.85722541809082,
    -5.85722541809082,
    -5.359858512878418,
    -5.359858512878418,
    -5.359858512878418,
    -5.359858512878418,
    -5.286385536193848,
    -5.2468695640563965,
    -5.2468695640563965,
    -5.2468695640563965,
    -4.935662269592285,
    -4.935662269592285,
    -4.935662269592285,
    -4.935662269592285,
    -4.935662269592285,
    -4.935662269592285,
    -4.935662269592285,
    -4.935662269592285
  ],
  "queried_values": [
    -5.85722541809082,
    -8.316244125366211,
    -5.359858512878418,
    -8.722700119018555,
    -9.323171615600586,
    -6.0134429931640625,
    -5.286385536193848,
    -5.2468695640563965,
    -7.714123249053955,
    -14.159421920776367,
    -4.935662269592285,
    -6.0685930252075195,
    -6.182800769805908,
    -8.329652786254883,
    -5.1322174072265625,
    -5.91512393951416,
    -5.7323102951049805,
    -5.514884948730469
  ],
  "actual_gains": [
    3.806295394897461,
    -2.4590187072753906,
    0.49736690521240234,
    -3.3628416061401367,
    -3.963313102722168,
    -0.6535844802856445,
    0.07347297668457031,
    0.03951597213745117,
    -2.4672536849975586,
    -8.912551879882812,
    0.31120729446411133,
    -1.1329307556152344,
    -1.247138500213623,
    -3.3939905166625977,
    -0.19655513763427734,
    -0.979461669921875,
    -0.7966480255126953,
    -0.5792226791381836
  ],
  "proxy_rewards": [
    1.0,
    1.0,
    1.0,
    1.0,
    1.0,
    1.0,
    1.0,
    1.0,
    1.0,
    1.0,
    1.0,
    1.0,
    1.0,
    1.0,
    1.0,
    1.0,
    1.0,
    1.0
  ],
  "proxy_improvements": [
    3.703359603881836,
    9.005952835083008,
    3.101987838745117,
    4.623578071594238,
    3.0059127807617188,
    3.6901841163635254,
    -1.5900657176971436,
    -2.7485029697418213,
    2.236201047897339,
    -0.1856216937303543,
    -1.3214898109436035,
    -2.274808168411255,
    1.7210907936096191,
    2.0213818550109863,
    -1.7418781518936157,
    -1.4952785968780518,
    -1.2344619035720825,
    0.1709054410457611
  ],
  "floor_reward_flags": [
    0.0,
    0.0,
    0.0,
    0.0,
    0.0,
    0.0,
    0.0,
    0.0,
    0.0,
    0.0,
    0.0,
    0.0,
    0.0,
    0.0,
    0.0,
    0.0,
    0.0,
    0.0
  ],
  "step_reward_std": [
    0.0,
    0.0,
    0.0,
    0.0,
    0.0,
    0.0,
    0.0,
    0.0,
    0.0,
    0.0,
    0.0,
    0.0,
    0.0,
    0.0,
    0.0,
    0.0,
    0.0,
    0.0
  ],
  "step_improvement_std": [
    0.0,
    0.0,
    0.0,
    0.0,
    0.0,
    0.0,
    0.0,
    0.0,
    0.0,
    0.0,
    0.0,
    0.0,
    0.0,
    0.0,
    0.0,
    0.0,
    0.0,
    0.0
  ],
  "same_mask_repeat_std": [
    1.8422490358352661,
    1.8299368619918823,
    0.6922240853309631,
    1.0931514501571655,
    0.8778256177902222,
    1.3565882444381714,
    0.8020417094230652,
    0.6134846806526184,
    1.0576450824737549,
    0.6146600842475891,
    1.2960107326507568,
    0.929253876209259,
    1.0240534543991089,
    0.8677199482917786,
    0.4608040452003479,
    0.33514177799224854,
    0.8035131692886353,
    0.5079264044761658
  ],
  "proxy_actual_gain_corr": -0.11371024784652217,
  "surrogate_train_times_sec": [
    0.08240987360477448,
    0.08220849931240082,
    0.08037220686674118,
    0.07884503901004791,
    0.07930295914411545,
    0.07915012538433075,
    0.08028441667556763,
    0.08599366247653961,
    0.07942604273557663,
    0.0783698782324791,
    0.07892562448978424,
    0.07865695655345917,
    0.07920266687870026,
    0.07952500134706497,
    0.07840945571660995,
    0.07755333185195923,
    0.08030495792627335,
    0.07972162216901779
  ],
  "gfn_train_times_sec": [
    0.0,
    0.0,
    0.0,
    0.0,
    0.0,
    0.0,
    0.0,
    0.0,
    0.0,
    0.0,
    0.0,
    0.0,
    0.0,
    0.0,
    0.0,
    0.0,
    0.0,
    0.0
  ],
  "proposal_times_sec": [
    0.0015337920049205422,
    0.001399375032633543,
    0.0013669170439243317,
    0.0012700000079348683,
    0.0014141250867396593,
    0.0013203329872339964,
    0.0013488749973475933,
    0.0012698329519480467,
    0.0013867919333279133,
    0.001349582918919623,
    0.0013024589279666543,
    0.0012872919905930758,
    0.001243332982994616,
    0.0013615409843623638,
    0.0013355000410228968,
    0.001374333049170673,
    0.0012533339904621243,
    0.0012937920400872827
  ],
  "iteration_times_sec": [
    0.09246266633272171,
    0.09151183068752289,
    0.08964512497186661,
    0.08771104365587234,
    0.08835095912218094,
    0.08805699646472931,
    0.08993075042963028,
    0.09517300128936768,
    0.08864058554172516,
    0.08743295818567276,
    0.08808770775794983,
    0.08750978857278824,
    0.08825100213289261,
    0.08857329189777374,
    0.08740437775850296,
    0.08676858246326447,
    0.0893169566988945,
    0.08837145566940308
  ],
  "total_wall_time_sec": 1.6038620000472292
}
