{
  "seed": 4,
  "method": "random",
  "benchmark": "branin",
  "spec_name": "main_v2",
  "regrets": [
    6.891077518463135,
    6.891077518463135,
    6.891077518463135,
    6.891077518463135,
    6.891077518463135,
    5.412117004394531,
    5.412117004394531,
    5.412117004394531,
    5.412117004394531,
    5.412117004394531,
    5.412117004394531,
    5.412117004394531,
    4.810872554779053,
    4.810872554779053,
    4.810872554779053,
    2.9852254390716553,
    2.9852254390716553,
    2.9852254390716553
  ],
  "best_values": [
    -7.288964748382568,
    -7.288964748382568,
    -7.288964748382568,
    -7.288964748382568,
    -7.288964748382568,
    -5.810004234313965,
    -5.810004234313965,
    -5.810004234313965,
    -5.810004234313965,
    -5.810004234313965,
    -5.810004234313965,
    -5.810004234313965,
    -5.208759784698486,
    -5.208759784698486,
    -5.208759784698486,
    -3.383112907409668,
    -3.383112907409668,
    -3.383112907409668
  ],
  "queried_values": [
    -8.511756896972656,
    -16.55097198486328,
    -30.78628158569336,
    -20.695911407470703,
    -8.924694061279297,
    -5.810004234313965,
    -9.312554359436035,
    -51.418949127197266,
    -9.311418533325195,
    -6.697416305541992,
    -304.26605224609375,
    -9.049006462097168,
    -5.208759784698486,
    -6.027548313140869,
    -10.05731201171875,
    -3.383112907409668,
    -7.996328830718994,
    -9.626260757446289
  ],
  "actual_gains": [
    -1.222792148590088,
    -9.262006759643555,
    -23.497316360473633,
    -13.406946182250977,
    -1.6357293128967285,
    1.4789605140686035,
    -3.5025501251220703,
    -45.608943939208984,
    -3.5014142990112305,
    -0.8874120712280273,
    -298.4560546875,
    -3.239002227783203,
    0.6012444496154785,
    -0.8187885284423828,
    -4.848552227020264,
    1.8256468772888184,
    -4.613215923309326,
    -6.243147850036621
  ],
  "proxy_rewards": [
    1.0,
    1.0,
    1.0,
    1.0,
    1.0,
    1.0,
    1.0,
    1.0,
    1.0,
    1.0,
    1.0,
    1.0,
    1.0,
    1.0,
    1.0,
    1.0,
    1.0,
    1.0
  ],
  "proxy_improvements": [
    26.17777442932129,
    14.54302978515625,
    3.607578992843628,
    5.034801959991455,
    7.018439292907715,
    3.4709300994873047,
    -1.1267900466918945,
    7.1425275802612305,
    -1.3032022714614868,
    -9.25045394897461,
    -5.518070220947266,
    11.282280921936035,
    12.312217712402344,
    1.8194776773452759,
    3.207000732421875,
    10.866193771362305,
    2.966376781463623,
    -4.523336410522461
  ],
  "floor_reward_flags": [
    0.0,
    0.0,
    0.0,
    0.0,
    0.0,
    0.0,
    0.0,
    0.0,
    0.0,
    0.0,
    0.0,
    0.0,
    0.0,
    0.0,
    0.0,
    0.0,
    0.0,
    0.0
  ],
  "step_reward_std": [
    0.1930811107158661,
    0.37415850162506104,
    0.3766930401325226,
    0.30883949995040894,
    0.3319344222545624,
    0.3518616259098053,
    0.31146860122680664,
    0.35684868693351746,
    0.13985058665275574,
    0.21342846751213074,
    0.33404740691185,
    0.2766689360141754,
    0.34502115845680237,
    0.35110726952552795,
    0.31737107038497925,
    0.368769109249115,
    0.3569587469100952,
    0.31887707114219666
  ],
  "step_improvement_std": [
    4.214056015014648,
    2.1751301288604736,
    2.3517544269561768,
    2.4301648139953613,
    2.5637474060058594,
    2.046180486679077,
    2.574704885482788,
    2.8243463039398193,
    1.983698844909668,
    0.7596763372421265,
    1.7252579927444458,
    6.597864151000977,
    4.243719577789307,
    2.5899970531463623,
    2.789170503616333,
    6.29191780090332,
    3.521648406982422,
    3.9273338317871094
  ],
  "same_mask_repeat_std": [
    0.775067150592804,
    1.877746820449829,
    0.8296444416046143,
    0.8908509612083435,
    0.6925020813941956,
    0.9228695631027222,
    0.44227850437164307,
    1.3658796548843384,
    0.7131133675575256,
    0.589938759803772,
    0.5094941258430481,
    0.28604039549827576,
    1.540435552597046,
    1.292813777923584,
    1.535266637802124,
    0.5307785272598267,
    0.7438077926635742,
    1.413543701171875
  ],
  "proxy_actual_gain_corr": 0.3075887851481487,
  "surrogate_train_times_sec": [
    0.07791362702846527,
    0.07985908538103104,
    0.09145999699831009,
    0.07960033416748047,
    0.07900712639093399,
    0.08209141343832016,
    0.08302366733551025,
    0.07953483611345291,
    0.08337966352701187,
    0.08004795759916306,
    0.07995754480361938,
    0.0793629139661789,
    0.07764796167612076,
    0.07666683197021484,
    0.07980354130268097,
    0.07966520637273788,
    0.07857625186443329,
    0.07655629515647888
  ],
  "gfn_train_times_sec": [
    0.0,
    0.0,
    0.0,
    0.0,
    0.0,
    0.0,
    0.0,
    0.0,
    0.0,
    0.0,
    0.0,
    0.0,
    0.0,
    0.0,
    0.0,
    0.0,
    0.0,
    0.0
  ],
  "proposal_times_sec": [
    0.16802850365638733,
    0.19622892141342163,
    0.17936721444129944,
    0.17521271109580994,
    0.17335021495819092,
    0.17493724822998047,
    0.17561379075050354,
    0.1702844649553299,
    0.1785791665315628,
    0.17267128825187683,
    0.17059558629989624,
    0.17100387811660767,
    0.1679801642894745,
    0.1682916283607483,
    0.16714128851890564,
    0.16721853613853455,
    0.16987758874893188,
    0.1684757024049759
  ],
  "iteration_times_sec": [
    0.25673121213912964,
    0.2883160710334778,
    0.2821391522884369,
    0.2659640908241272,
    0.26373934745788574,
    0.2680084705352783,
    0.27016332745552063,
    0.2611324191093445,
    0.2731066644191742,
    0.2638852596282959,
    0.26169782876968384,
    0.26153984665870667,
    0.25647372007369995,
    0.25628629326820374,
    0.25832056999206543,
    0.2581180930137634,
    0.2594650089740753,
    0.2561114728450775
  ],
  "total_wall_time_sec": 4.761334000038914
}
