{
  "seed": 3,
  "method": "random",
  "benchmark": "branin",
  "spec_name": "main_v2",
  "regrets": [
    23.26434326171875,
    4.2617340087890625,
    2.068183660507202,
    2.068183660507202,
    2.068183660507202,
    2.068183660507202,
    2.068183660507202,
    2.068183660507202,
    2.068183660507202,
    2.068183660507202,
    2.068183660507202,
    1.9967001676559448,
    1.9967001676559448,
    1.9967001676559448,
    1.9967001676559448,
    1.9967001676559448,
    1.9967001676559448,
    1.9967001676559448
  ],
  "best_values": [
    -23.6622314453125,
    -4.659621238708496,
    -2.466071128845215,
    -2.466071128845215,
    -2.466071128845215,
    -2.466071128845215,
    -2.466071128845215,
    -2.466071128845215,
    -2.466071128845215,
    -2.466071128845215,
    -2.466071128845215,
    -2.394587516784668,
    -2.394587516784668,
    -2.394587516784668,
    -2.394587516784668,
    -2.394587516784668,
    -2.394587516784668,
    -2.394587516784668
  ],
  "queried_values": [
    -293.04583740234375,
    -4.659621238708496,
    -2.466071128845215,
    -8.718904495239258,
    -3.8869152069091797,
    -10.350707054138184,
    -4.874601364135742,
    -4.128817558288574,
    -10.10529899597168,
    -7.962762355804443,
    -3.043466091156006,
    -2.394587516784668,
    -6.927508354187012,
    -2.784219264984131,
    -3.5934619903564453,
    -4.6471662521362305,
    -5.930105209350586,
    -4.034378528594971
  ],
  "actual_gains": [
    -269.38360595703125,
    19.002609252929688,
    2.1935501098632812,
    -6.252833366394043,
    -1.4208440780639648,
    -7.884635925292969,
    -2.4085302352905273,
    -1.6627464294433594,
    -7.639227867126465,
    -5.4966912269592285,
    -0.577394962310791,
    0.07148361206054688,
    -4.532920837402344,
    -0.3896317481994629,
    -1.1988744735717773,
    -2.2525787353515625,
    -3.535517692565918,
    -1.6397910118103027
  ],
  "proxy_rewards": [
    1.0,
    1.0,
    1.0,
    1.0,
    1.0,
    1.0,
    1.0,
    1.0,
    1.0,
    1.0,
    1.0,
    1.0,
    1.0,
    1.0,
    1.0,
    1.0,
    1.0,
    1.0
  ],
  "proxy_improvements": [
    46.14197540283203,
    -4.601155757904053,
    14.59218692779541,
    8.63280963897705,
    3.596116781234741,
    0.27310246229171753,
    2.847369432449341,
    -3.074319362640381,
    3.2991890907287598,
    5.550168037414551,
    1.3351917266845703,
    6.095526695251465,
    1.8488119840621948,
    -7.823606491088867,
    2.63634991645813,
    4.959574222564697,
    -5.480029106140137,
    4.5735297203063965
  ],
  "floor_reward_flags": [
    0.0,
    0.0,
    0.0,
    0.0,
    0.0,
    0.0,
    0.0,
    0.0,
    0.0,
    0.0,
    0.0,
    0.0,
    0.0,
    0.0,
    0.0,
    0.0,
    0.0,
    0.0
  ],
  "step_reward_std": [
    0.0,
    0.30940744280815125,
    0.2889683246612549,
    0.2852180004119873,
    0.3384777903556824,
    0.2641542851924896,
    0.2510860860347748,
    0.31458359956741333,
    0.23159639537334442,
    0.2559671103954315,
    0.2979680299758911,
    0.360137403011322,
    0.27370551228523254,
    0.2949422001838684,
    0.29812368750572205,
    0.3308863043785095,
    0.32213398814201355,
    0.35534703731536865
  ],
  "step_improvement_std": [
    7.105427357601002e-15,
    6.402538776397705,
    3.5741517543792725,
    1.611754059791565,
    0.3448389172554016,
    0.22555620968341827,
    0.6069583892822266,
    0.09099916368722916,
    0.8924922943115234,
    0.9515745639801025,
    0.3472803235054016,
    0.7350034117698669,
    0.5857409238815308,
    0.8792849779129028,
    0.9406289458274841,
    0.8756507635116577,
    0.5206743478775024,
    0.665890634059906
  ],
  "same_mask_repeat_std": [
    0.704947829246521,
    0.9686376452445984,
    3.266810178756714,
    1.9856740236282349,
    1.5452048778533936,
    1.8957611322402954,
    1.2747079133987427,
    0.47026878595352173,
    0.9146768450737,
    0.9180731773376465,
    1.1408134698867798,
    1.8728160858154297,
    1.0068022012710571,
    1.5500376224517822,
    0.9027289152145386,
    1.1827582120895386,
    0.6038938164710999,
    0.6606965661048889
  ],
  "proxy_actual_gain_corr": -0.8961113320597778,
  "surrogate_train_times_sec": [
    0.13031895458698273,
    0.07903970777988434,
    0.07649041712284088,
    0.07738658040761948,
    0.07643195986747742,
    0.09006158262491226,
    0.07989562302827835,
    0.08176029473543167,
    0.07739845663309097,
    0.0826154574751854,
    0.08793437480926514,
    0.07935820519924164,
    0.07708378881216049,
    0.08527529239654541,
    0.07826016843318939,
    0.08577404171228409,
    0.08803458511829376,
    0.08358987420797348
  ],
  "gfn_train_times_sec": [
    0.0,
    0.0,
    0.0,
    0.0,
    0.0,
    0.0,
    0.0,
    0.0,
    0.0,
    0.0,
    0.0,
    0.0,
    0.0,
    0.0,
    0.0,
    0.0,
    0.0,
    0.0
  ],
  "proposal_times_sec": [
    0.19744150340557098,
    0.16948483884334564,
    0.16860279440879822,
    0.16668400168418884,
    0.1754501312971115,
    0.1776193380355835,
    0.17107604444026947,
    0.17125670611858368,
    0.16985541582107544,
    0.17287887632846832,
    0.17226745188236237,
    0.16806812584400177,
    0.16712716221809387,
    0.1749729961156845,
    0.16627603769302368,
    0.17291975021362305,
    0.18041741847991943,
    0.17165453732013702
  ],
  "iteration_times_sec": [
    0.3390313684940338,
    0.25959354639053345,
    0.2562428414821625,
    0.25508421659469604,
    0.26392602920532227,
    0.27935487031936646,
    0.2617837190628052,
    0.2639392614364624,
    0.2583560049533844,
    0.26717624068260193,
    0.27181246876716614,
    0.2583070397377014,
    0.2553275525569916,
    0.2713265120983124,
    0.25524863600730896,
    0.2702733874320984,
    0.28053563833236694,
    0.2664947211742401
  ],
  "total_wall_time_sec": 4.833954624948092
}
