{
  "seed": 1,
  "method": "random",
  "benchmark": "branin",
  "spec_name": "main_v2",
  "regrets": [
    2.7312123775482178,
    2.7312123775482178,
    2.7312123775482178,
    2.7312123775482178,
    2.7312123775482178,
    2.7312123775482178,
    2.7312123775482178,
    2.7312123775482178,
    2.7312123775482178,
    2.7312123775482178,
    2.7312123775482178,
    2.7312123775482178,
    2.7312123775482178,
    2.7312123775482178,
    2.7312123775482178,
    2.7312123775482178,
    2.7312123775482178,
    2.7312123775482178
  ],
  "best_values": [
    -3.1290998458862305,
    -3.1290998458862305,
    -3.1290998458862305,
    -3.1290998458862305,
    -3.1290998458862305,
    -3.1290998458862305,
    -3.1290998458862305,
    -3.1290998458862305,
    -3.1290998458862305,
    -3.1290998458862305,
    -3.1290998458862305,
    -3.1290998458862305,
    -3.1290998458862305,
    -3.1290998458862305,
    -3.1290998458862305,
    -3.1290998458862305,
    -3.1290998458862305,
    -3.1290998458862305
  ],
  "queried_values": [
    -148.21743774414062,
    -10.567355155944824,
    -26.887514114379883,
    -11.741122245788574,
    -7.862525463104248,
    -10.09900188446045,
    -14.050140380859375,
    -7.265403747558594,
    -17.105043411254883,
    -7.510765552520752,
    -15.478626251220703,
    -7.690105438232422,
    -10.269984245300293,
    -5.893988609313965,
    -12.375625610351562,
    -8.91775131225586,
    -8.88671875,
    -9.036162376403809
  ],
  "actual_gains": [
    -145.0883331298828,
    -7.438255310058594,
    -23.75841522216797,
    -8.612022399902344,
    -4.733425617218018,
    -6.969902038574219,
    -10.921040534973145,
    -4.136303901672363,
    -13.975943565368652,
    -4.3816657066345215,
    -12.349526405334473,
    -4.561005592346191,
    -7.1408843994140625,
    -2.7648887634277344,
    -9.246525764465332,
    -5.788651466369629,
    -5.7576189041137695,
    -5.907062530517578
  ],
  "proxy_rewards": [
    1.0,
    1.0,
    1.0,
    1.0,
    1.0,
    1.0,
    1.0,
    1.0,
    1.0,
    1.0,
    1.0,
    1.0,
    1.0,
    1.0,
    1.0,
    1.0,
    1.0,
    1.0
  ],
  "proxy_improvements": [
    28.130861282348633,
    22.931819915771484,
    3.2311418056488037,
    -5.787387847900391,
    4.838895797729492,
    3.1651504039764404,
    2.7572638988494873,
    0.35307884216308594,
    -5.179412364959717,
    0.07832708209753036,
    3.332897186279297,
    -4.29740571975708,
    1.0674104690551758,
    4.176301002502441,
    2.4869649410247803,
    -6.947695732116699,
    1.2041809558868408,
    -4.923369884490967
  ],
  "floor_reward_flags": [
    0.0,
    0.0,
    0.0,
    0.0,
    0.0,
    0.0,
    0.0,
    0.0,
    0.0,
    0.0,
    0.0,
    0.0,
    0.0,
    0.0,
    0.0,
    0.0,
    0.0,
    0.0
  ],
  "step_reward_std": [
    0.3006734848022461,
    0.37311723828315735,
    0.3652604818344116,
    0.34622523188591003,
    0.3368739187717438,
    0.3549582362174988,
    0.3514290452003479,
    0.38338136672973633,
    0.3348386883735657,
    0.34995976090431213,
    0.3669378161430359,
    0.3206835091114044,
    0.32951784133911133,
    0.3394281566143036,
    0.3395499587059021,
    0.3082839250564575,
    0.30146875977516174,
    0.34277698397636414
  ],
  "step_improvement_std": [
    1.2882734537124634,
    3.829941987991333,
    2.4126641750335693,
    2.3921871185302734,
    2.5221498012542725,
    2.6789281368255615,
    2.28251576423645,
    3.269670248031616,
    1.5873291492462158,
    1.3524256944656372,
    2.357780933380127,
    2.259237051010132,
    1.645389437675476,
    1.6641619205474854,
    1.0933287143707275,
    2.3327038288116455,
    3.304370880126953,
    1.6745539903640747
  ],
  "same_mask_repeat_std": [
    1.4673924446105957,
    1.3183186054229736,
    1.462328314781189,
    1.4073619842529297,
    1.3731577396392822,
    1.0179228782653809,
    1.849095106124878,
    1.094990849494934,
    1.1949228048324585,
    1.9560636281967163,
    0.508488118648529,
    1.920461893081665,
    1.4351718425750732,
    2.411726236343384,
    0.8587819933891296,
    1.265231728553772,
    0.684407651424408,
    1.1803959608078003
  ],
  "proxy_actual_gain_corr": -0.6887264058641641,
  "surrogate_train_times_sec": [
    0.07402920722961426,
    0.07942712306976318,
    0.08116170763969421,
    0.08486846089363098,
    0.08196841925382614,
    0.09987674653530121,
    0.08446012437343597,
    0.0838509127497673,
    0.08048629015684128,
    0.07825253903865814,
    0.07758958637714386,
    0.08308741450309753,
    0.07803991436958313,
    0.07870274782180786,
    0.07750499993562698,
    0.08274929225444794,
    0.07930191606283188,
    0.08042008429765701
  ],
  "gfn_train_times_sec": [
    0.0,
    0.0,
    0.0,
    0.0,
    0.0,
    0.0,
    0.0,
    0.0,
    0.0,
    0.0,
    0.0,
    0.0,
    0.0,
    0.0,
    0.0,
    0.0,
    0.0,
    0.0
  ],
  "proposal_times_sec": [
    0.16630257666110992,
    0.17283496260643005,
    0.17254024744033813,
    0.1762227565050125,
    0.1694989651441574,
    0.2527715265750885,
    0.1773449182510376,
    0.17199265956878662,
    0.17331962287425995,
    0.16987454891204834,
    0.16733704507350922,
    0.16656124591827393,
    0.16694849729537964,
    0.16874657571315765,
    0.16600154340267181,
    0.16844041645526886,
    0.16767370700836182,
    0.17366008460521698
  ],
  "iteration_times_sec": [
    0.2515234649181366,
    0.2633260488510132,
    0.26497945189476013,
    0.27251821756362915,
    0.2626153230667114,
    0.36450767517089844,
    0.2728005051612854,
    0.2691231369972229,
    0.2644442021846771,
    0.2592991292476654,
    0.2562004029750824,
    0.2603350877761841,
    0.2557174265384674,
    0.25807666778564453,
    0.2546435296535492,
    0.2623123228549957,
    0.25788721442222595,
    0.26497963070869446
  ],
  "total_wall_time_sec": 4.815485417027958
}
