{
  "seed": 0,
  "method": "random",
  "benchmark": "branin",
  "spec_name": "main_v2",
  "regrets": [
    6.566056251525879,
    6.566056251525879,
    6.566056251525879,
    5.1909565925598145,
    5.1909565925598145,
    5.1909565925598145,
    1.9404910802841187,
    1.9404910802841187,
    1.9404910802841187,
    1.9404910802841187,
    1.9404910802841187,
    1.9404910802841187,
    1.9404910802841187,
    1.9404910802841187,
    1.9404910802841187,
    1.9404910802841187,
    1.9404910802841187,
    1.9404910802841187
  ],
  "best_values": [
    -6.9639434814453125,
    -6.9639434814453125,
    -6.9639434814453125,
    -5.588843822479248,
    -5.588843822479248,
    -5.588843822479248,
    -2.338378429412842,
    -2.338378429412842,
    -2.338378429412842,
    -2.338378429412842,
    -2.338378429412842,
    -2.338378429412842,
    -2.338378429412842,
    -2.338378429412842,
    -2.338378429412842,
    -2.338378429412842,
    -2.338378429412842,
    -2.338378429412842
  ],
  "queried_values": [
    -6.9639434814453125,
    -8.750057220458984,
    -266.6864929199219,
    -5.588843822479248,
    -6.583505153656006,
    -8.072820663452148,
    -2.338378429412842,
    -5.83793306350708,
    -3.6909894943237305,
    -6.3041534423828125,
    -2.8297314643859863,
    -4.8202619552612305,
    -7.368525505065918,
    -9.646310806274414,
    -6.3744330406188965,
    -4.8049235343933105,
    -3.181753158569336,
    -6.323040962219238
  ],
  "actual_gains": [
    4.176900863647461,
    -1.7861137390136719,
    -259.7225341796875,
    1.3750996589660645,
    -0.9946613311767578,
    -2.4839768409729004,
    3.2504653930664062,
    -3.4995546340942383,
    -1.3526110649108887,
    -3.9657750129699707,
    -0.49135303497314453,
    -2.4818835258483887,
    -5.030147075653076,
    -7.307932376861572,
    -4.036054611206055,
    -2.4665451049804688,
    -0.8433747291564941,
    -3.9846625328063965
  ],
  "proxy_rewards": [
    1.0,
    1.0,
    1.0,
    1.0,
    1.0,
    1.0,
    1.0,
    1.0,
    1.0,
    1.0,
    1.0,
    1.0,
    1.0,
    1.0,
    1.0,
    1.0,
    1.0,
    1.0
  ],
  "proxy_improvements": [
    5.7086639404296875,
    14.22053337097168,
    7.765314102172852,
    14.17973804473877,
    20.30933380126953,
    6.702853679656982,
    -2.716042995452881,
    1.777429223060608,
    -2.3857839107513428,
    1.6359453201293945,
    -2.096219301223755,
    -3.825496196746826,
    6.4026780128479,
    2.717071533203125,
    -7.4250359535217285,
    6.644725799560547,
    7.7632012367248535,
    -4.194915294647217
  ],
  "floor_reward_flags": [
    0.0,
    0.0,
    0.0,
    0.0,
    0.0,
    0.0,
    0.0,
    0.0,
    0.0,
    0.0,
    0.0,
    0.0,
    0.0,
    0.0,
    0.0,
    0.0,
    0.0,
    0.0
  ],
  "step_reward_std": [
    0.0,
    0.0,
    0.3407860994338989,
    0.3677651584148407,
    0.343733549118042,
    0.3463214635848999,
    0.35077136754989624,
    0.24574729800224304,
    0.3306385576725006,
    0.2290358990430832,
    0.36858439445495605,
    0.3245680332183838,
    0.33462440967559814,
    0.0,
    0.2833958566188812,
    0.34202998876571655,
    0.33082115650177,
    0.2893790602684021
  ],
  "step_improvement_std": [
    1.7763568394002505e-15,
    3.552713678800501e-15,
    1.3296619653701782,
    0.8123854398727417,
    4.906198978424072,
    1.1193469762802124,
    0.8147733807563782,
    0.15477854013442993,
    0.5437464118003845,
    0.36761489510536194,
    3.6846094131469727,
    0.17629991471767426,
    0.9807027578353882,
    4.440892098500626e-16,
    0.08104678243398666,
    0.6471999287605286,
    0.6834113597869873,
    0.05542701110243797
  ],
  "same_mask_repeat_std": [
    0.37163862586021423,
    1.2264963388442993,
    1.1513426303863525,
    0.6971302628517151,
    1.6521873474121094,
    1.5552653074264526,
    0.8950920104980469,
    1.5410445928573608,
    1.4832614660263062,
    0.8707295656204224,
    1.1272450685501099,
    2.0554778575897217,
    1.2619624137878418,
    0.7422507405281067,
    1.5301103591918945,
    0.9553111791610718,
    0.9685658812522888,
    1.1855756044387817
  ],
  "proxy_actual_gain_corr": -0.1164896944237475,
  "surrogate_train_times_sec": [
    1.1183240413665771,
    0.08180337399244308,
    0.09253529459238052,
    0.07885225117206573,
    0.08419395983219147,
    0.0847259983420372,
    0.08536025136709213,
    0.08536995947360992,
    0.0867382064461708,
    0.08541224896907806,
    0.09212420880794525,
    0.08974812179803848,
    0.08506358414888382,
    0.08810628950595856,
    0.07860295474529266,
    0.08861945569515228,
    0.08624871075153351,
    0.08005183190107346
  ],
  "gfn_train_times_sec": [
    0.0,
    0.0,
    0.0,
    0.0,
    0.0,
    0.0,
    0.0,
    0.0,
    0.0,
    0.0,
    0.0,
    0.0,
    0.0,
    0.0,
    0.0,
    0.0,
    0.0,
    0.0
  ],
  "proposal_times_sec": [
    0.17277641594409943,
    0.17885883152484894,
    0.1846030056476593,
    0.16484104096889496,
    0.1725924164056778,
    0.1744864583015442,
    0.17033524811267853,
    0.17216090857982635,
    0.17351141571998596,
    0.1730279177427292,
    0.18610037863254547,
    0.18030978739261627,
    0.17995016276836395,
    0.1675012856721878,
    0.16917411983013153,
    0.17654187977313995,
    0.17504116892814636,
    0.16766108572483063
  ],
  "iteration_times_sec": [
    1.3024404048919678,
    0.27231448888778687,
    0.2881743311882019,
    0.2543284296989441,
    0.2685079276561737,
    0.2710224688053131,
    0.2671397030353546,
    0.2680057883262634,
    0.2717253267765045,
    0.26944437623023987,
    0.28995728492736816,
    0.2818654179573059,
    0.2763688266277313,
    0.2661220133304596,
    0.2591382563114166,
    0.2769911587238312,
    0.2724321782588959,
    0.25873878598213196
  ],
  "total_wall_time_sec": 5.914879625081085
}
