{
  "seed": 2,
  "method": "random",
  "benchmark": "branin",
  "spec_name": "main_v2",
  "regrets": [
    0.7066725492477417,
    0.7066725492477417,
    0.7066725492477417,
    0.7066725492477417,
    0.7066725492477417,
    0.7066725492477417,
    0.7066725492477417,
    0.7066725492477417,
    0.7066725492477417,
    0.7066725492477417,
    0.7066725492477417,
    0.7066725492477417,
    0.7066725492477417,
    0.7066725492477417,
    0.7066725492477417,
    0.7066725492477417,
    0.7066725492477417,
    0.7066725492477417
  ],
  "best_values": [
    -1.1045598983764648,
    -1.1045598983764648,
    -1.1045598983764648,
    -1.1045598983764648,
    -1.1045598983764648,
    -1.1045598983764648,
    -1.1045598983764648,
    -1.1045598983764648,
    -1.1045598983764648,
    -1.1045598983764648,
    -1.1045598983764648,
    -1.1045598983764648,
    -1.1045598983764648,
    -1.1045598983764648,
    -1.1045598983764648,
    -1.1045598983764648,
    -1.1045598983764648,
    -1.1045598983764648
  ],
  "queried_values": [
    -278.9924011230469,
    -10.820531845092773,
    -18.98729133605957,
    -14.770263671875,
    -10.245447158813477,
    -19.441179275512695,
    -14.103755950927734,
    -3.6992383003234863,
    -5.843201160430908,
    -20.035465240478516,
    -6.955776214599609,
    -7.597859859466553,
    -4.498610496520996,
    -6.047220230102539,
    -8.959907531738281,
    -6.826038837432861,
    -6.0295729637146,
    -1.8930625915527344
  ],
  "actual_gains": [
    -277.8878479003906,
    -9.715971946716309,
    -17.882732391357422,
    -13.665703773498535,
    -9.140887260437012,
    -18.336620330810547,
    -12.99919605255127,
    -2.5946784019470215,
    -4.738641262054443,
    -18.930904388427734,
    -5.8512163162231445,
    -6.493299961090088,
    -3.3940505981445312,
    -4.942660331726074,
    -7.855347633361816,
    -5.7214789390563965,
    -4.925013065338135,
    -0.7885026931762695
  ],
  "proxy_rewards": [
    1.0,
    1.0,
    1.0,
    1.0,
    1.0,
    1.0,
    1.0,
    1.0,
    1.0,
    1.0,
    1.0,
    1.0,
    1.0,
    1.0,
    1.0,
    1.0,
    1.0,
    1.0
  ],
  "proxy_improvements": [
    25.76388168334961,
    10.431168556213379,
    12.989784240722656,
    -3.136896848678589,
    -14.598034858703613,
    -3.238363265991211,
    4.842683792114258,
    -8.218278884887695,
    0.4997711777687073,
    1.9946722984313965,
    -1.4326707124710083,
    -7.407528877258301,
    -7.34421443939209,
    3.0115981101989746,
    0.4491834044456482,
    6.549617767333984,
    -2.594136953353882,
    -3.0111358165740967
  ],
  "floor_reward_flags": [
    0.0,
    0.0,
    0.0,
    0.0,
    0.0,
    0.0,
    0.0,
    0.0,
    0.0,
    0.0,
    0.0,
    0.0,
    0.0,
    0.0,
    0.0,
    0.0,
    0.0,
    0.0
  ],
  "step_reward_std": [
    0.0,
    0.0,
    0.3126976490020752,
    0.3843533396720886,
    0.39033010601997375,
    0.3922405242919922,
    0.28660476207733154,
    0.3145481050014496,
    0.3709777295589447,
    0.31437090039253235,
    0.32192450761795044,
    0.26667359471321106,
    0.36719512939453125,
    0.32871580123901367,
    0.21062242984771729,
    0.2100205421447754,
    0.3124922811985016,
    0.26242101192474365
  ],
  "step_improvement_std": [
    0.0,
    0.0,
    1.1393450498580933,
    1.5794843435287476,
    1.4378271102905273,
    1.3976162672042847,
    0.7704871296882629,
    1.367493748664856,
    0.7139450311660767,
    6.604911804199219,
    0.8622922897338867,
    1.958074688911438,
    0.6697261929512024,
    3.7779860496520996,
    2.0363423824310303,
    1.6899125576019287,
    1.1548305749893188,
    2.512800931930542
  ],
  "same_mask_repeat_std": [
    1.2066214084625244,
    0.76692134141922,
    1.2773034572601318,
    0.873525857925415,
    1.1136701107025146,
    1.1861484050750732,
    1.4100559949874878,
    1.6573951244354248,
    0.6813755631446838,
    1.2314685583114624,
    0.9304975867271423,
    1.249711513519287,
    0.3048541843891144,
    1.0206542015075684,
    1.362972378730774,
    1.9367895126342773,
    0.5821457505226135,
    1.181889295578003
  ],
  "proxy_actual_gain_corr": -0.696636121228621,
  "surrogate_train_times_sec": [
    0.0777045413851738,
    0.07688750326633453,
    0.07664074748754501,
    0.07805662602186203,
    0.07709795981645584,
    0.07569850236177444,
    0.08005645871162415,
    0.07547762244939804,
    0.08181833475828171,
    0.08272204548120499,
    0.08287112414836884,
    0.0834382101893425,
    0.07744762301445007,
    0.07774358242750168,
    0.07695595920085907,
    0.08225216716527939,
    0.07900916785001755,
    0.0852816253900528
  ],
  "gfn_train_times_sec": [
    0.0,
    0.0,
    0.0,
    0.0,
    0.0,
    0.0,
    0.0,
    0.0,
    0.0,
    0.0,
    0.0,
    0.0,
    0.0,
    0.0,
    0.0,
    0.0,
    0.0,
    0.0
  ],
  "proposal_times_sec": [
    0.16844774782657623,
    0.16579636931419373,
    0.16755586862564087,
    0.16710637509822845,
    0.1672230362892151,
    0.1655275821685791,
    0.1662115454673767,
    0.16473591327667236,
    0.17014025151729584,
    0.17016300559043884,
    0.16771537065505981,
    0.16499508917331696,
    0.17332342267036438,
    0.16625970602035522,
    0.16566182672977448,
    0.16945503652095795,
    0.16953474283218384,
    0.1826184093952179
  ],
  "iteration_times_sec": [
    0.25738486647605896,
    0.253589004278183,
    0.2549344599246979,
    0.2558053433895111,
    0.25509512424468994,
    0.25171366333961487,
    0.2573517858982086,
    0.2509591281414032,
    0.2628828287124634,
    0.2640283405780792,
    0.26170966029167175,
    0.25930124521255493,
    0.2613604962825775,
    0.25519466400146484,
    0.25335878133773804,
    0.26234790682792664,
    0.259762167930603,
    0.2798464894294739
  ],
  "total_wall_time_sec": 4.656770208035596
}
