{
  "suite": "main_v2",
  "profile": "smoke",
  "runs": [
    {
      "spec_name": "main_v2",
      "benchmark": "branin",
      "artifact_dir": "/Users/ayana.mussabayeva/projects/domaha/sequential_desicion_project/artifacts_v2/main_v2/branin/20260422_214427_331838",
      "summary": {
        "random": {
          "mean_regret": [
            1.976618766784668,
            1.976618766784668,
            1.976618766784668,
            1.976618766784668
          ],
          "std_regret": [
            1.8077017068862915,
            1.8077017068862915,
            1.8077017068862915,
            1.8077017068862915
          ],
          "mean_best_value": [
            -2.3745062351226807,
            -2.3745062351226807,
            -2.3745062351226807,
            -2.3745062351226807
          ],
          "std_best_value": [
            1.8077017068862915,
            1.8077017068862915,
            1.8077017068862915,
            1.8077017068862915
          ],
          "mean_query_value": [
            -19.62185287475586,
            -35.852840423583984,
            -11.669113159179688,
            -11.643608093261719
          ],
          "std_query_value": [
            16.798236846923828,
            41.14181137084961,
            13.13359546661377,
            5.816140651702881
          ],
          "final_regret_mean": 1.976618766784668,
          "final_regret_std": 1.8077017068862915,
          "floor_reward_fraction_mean": 0.0,
          "step_reward_std_mean": 0.18757320940494537,
          "step_improvement_std_mean": 0.19645202159881592,
          "same_mask_repeat_std_mean": 1.5841623544692993,
          "proxy_actual_gain_corr_mean": -0.3273780941963196,
          "total_time_mean_sec": 0.2442327582044527
        },
        "gfn": {
          "mean_regret": [
            1.976618766784668,
            1.976618766784668,
            1.976618766784668,
            1.9086925983428955
          ],
          "std_regret": [
            1.8077017068862915,
            1.8077017068862915,
            1.8077017068862915,
            1.8086071014404297
          ],
          "mean_best_value": [
            -2.3745062351226807,
            -2.3745062351226807,
            -2.3745062351226807,
            -2.306579828262329
          ],
          "std_best_value": [
            1.8077017068862915,
            1.8077017068862915,
            1.8077017068862915,
            1.8086071014404297
          ],
          "mean_query_value": [
            -19.62185287475586,
            -58.331756591796875,
            -13.989645004272461,
            -9.217363357543945
          ],
          "std_query_value": [
            16.798236846923828,
            90.15483856201172,
            17.751182556152344,
            7.575894832611084
          ],
          "final_regret_mean": 1.9086925983428955,
          "final_regret_std": 1.8086071014404297,
          "floor_reward_fraction_mean": 0.0,
          "step_reward_std_mean": 0.28580740094184875,
          "step_improvement_std_mean": 2.2299933433532715,
          "same_mask_repeat_std_mean": 1.4133129119873047,
          "proxy_actual_gain_corr_mean": -0.12661847472190857,
          "total_time_mean_sec": 0.3993936083978042
        },
        "tradeoff": {
          "regret_gain_of_gfn": 0.06792616844177246,
          "slowdown_factor": 1.6352990947408572
        }
      }
    },
    {
      "spec_name": "main_v2",
      "benchmark": "hartmann6",
      "artifact_dir": "/Users/ayana.mussabayeva/projects/domaha/sequential_desicion_project/artifacts_v2/main_v2/hartmann6/20260422_214432_331834",
      "summary": {
        "random": {
          "mean_regret": [
            2.4604809284210205,
            2.4332878589630127,
            2.3922324180603027,
            2.3922324180603027
          ],
          "std_regret": [
            0.4227682054042816,
            0.4283011555671692,
            0.4491760730743408,
            0.4491760730743408
          ],
          "mean_best_value": [
            0.8618868589401245,
            0.8890800476074219,
            0.9301354289054871,
            0.9301354289054871
          ],
          "std_best_value": [
            0.4227682054042816,
            0.4283011853694916,
            0.4491761326789856,
            0.4491761326789856
          ],
          "mean_query_value": [
            0.28954702615737915,
            0.26089200377464294,
            0.30576857924461365,
            0.4392603039741516
          ],
          "std_query_value": [
            0.31884512305259705,
            0.3867069482803345,
            0.46878260374069214,
            0.3751853406429291
          ],
          "final_regret_mean": 2.3922324180603027,
          "final_regret_std": 0.4491760730743408,
          "floor_reward_fraction_mean": 0.0,
          "step_reward_std_mean": 0.1898224800825119,
          "step_improvement_std_mean": 0.0021273784805089235,
          "same_mask_repeat_std_mean": 0.016806794330477715,
          "proxy_actual_gain_corr_mean": 0.1750335991382599,
          "total_time_mean_sec": 0.09211800838820636
        },
        "gfn": {
          "mean_regret": [
            2.4604809284210205,
            2.3178670406341553,
            2.2768118381500244,
            2.2768118381500244
          ],
          "std_regret": [
            0.4227682054042816,
            0.3530987799167633,
            0.36540213227272034,
            0.36540213227272034
          ],
          "mean_best_value": [
            0.8618868589401245,
            1.0045007467269897,
            1.0455561876296997,
            1.0455561876296997
          ],
          "std_best_value": [
            0.4227682054042816,
            0.3530987799167633,
            0.3654021918773651,
            0.3654021918773651
          ],
          "mean_query_value": [
            0.28954702615737915,
            0.5703263282775879,
            0.41108232736587524,
            0.40528884530067444
          ],
          "std_query_value": [
            0.31884512305259705,
            0.3860284388065338,
            0.4586096405982971,
            0.3062180280685425
          ],
          "final_regret_mean": 2.2768118381500244,
          "final_regret_std": 0.36540213227272034,
          "floor_reward_fraction_mean": 0.0,
          "step_reward_std_mean": 0.2890758216381073,
          "step_improvement_std_mean": 0.012740778736770153,
          "same_mask_repeat_std_mean": 0.022390753030776978,
          "proxy_actual_gain_corr_mean": 0.12134120613336563,
          "total_time_mean_sec": 0.640702558378689
        },
        "tradeoff": {
          "regret_gain_of_gfn": 0.11542057991027832,
          "slowdown_factor": 6.955236761943678
        }
      }
    },
    {
      "spec_name": "main_v2",
      "benchmark": "ackley10",
      "artifact_dir": "/Users/ayana.mussabayeva/projects/domaha/sequential_desicion_project/artifacts_v2/main_v2/ackley10/20260422_214437_724554",
      "summary": {
        "random": {
          "mean_regret": [
            20.499011993408203,
            20.499011993408203,
            20.499011993408203,
            20.499011993408203
          ],
          "std_regret": [
            0.254766047000885,
            0.254766047000885,
            0.254766047000885,
            0.254766047000885
          ],
          "mean_best_value": [
            -20.499011993408203,
            -20.499011993408203,
            -20.499011993408203,
            -20.499011993408203
          ],
          "std_best_value": [
            0.254766047000885,
            0.254766047000885,
            0.254766047000885,
            0.254766047000885
          ],
          "mean_query_value": [
            -21.349727630615234,
            -21.563495635986328,
            -21.119068145751953,
            -21.243728637695312
          ],