{
  "summary": {
    "random": {
      "mean_regret": [
        4.979687690734863,
        4.979687690734863,
        4.979687690734863,
        4.979687690734863
      ],
      "std_regret": [
        1.6021865606307983,
        1.6021865606307983,
        1.6021865606307983,
        1.6021865606307983
      ],
      "mean_best_value": [
        -5.377574920654297,
        -5.377574920654297,
        -5.377574920654297,
        -5.377574920654297
      ],
      "std_best_value": [
        1.6021864414215088,
        1.6021864414215088,
        1.6021864414215088,
        1.6021864414215088
      ],
      "mean_query_value": [
        -13.187121391296387,
        -30.062637329101562,
        -23.490631103515625,
        -134.4817657470703
      ],
      "std_query_value": [
        6.20736026763916,
        14.316515922546387,
        15.440476417541504,
        128.61376953125
      ],
      "final_regret_mean": 4.979687690734863,
      "final_regret_std": 1.6021865606307983,
      "floor_reward_fraction_mean": 0.0,
      "step_reward_std_mean": 0.19211630523204803,
      "same_mask_repeat_std_mean": 1.2334473133087158,
      "total_time_mean_sec": 0.4441754164872691
    },
    "gfn": {
      "mean_regret": [
        4.979687690734863,
        3.7111687660217285,
        3.7111687660217285,
        3.7111687660217285
      ],
      "std_regret": [
        1.6021865606307983,
        0.5940135717391968,
        0.5940135717391968,
        0.5940135717391968
      ],
      "mean_best_value": [
        -5.377574920654297,
        -4.10905647277832,
        -4.10905647277832,
        -4.10905647277832
      ],
      "std_best_value": [
        1.6021864414215088,
        0.5940134525299072,
        0.5940134525299072,
        0.5940134525299072
      ],
      "mean_query_value": [
        -13.187121391296387,
        -4.10905647277832,
        -23.490631103515625,
        -7.778193473815918
      ],
      "std_query_value": [
        6.20736026763916,
        0.5940134525299072,
        15.440476417541504,
        1.9101953506469727
      ],
      "final_regret_mean": 3.7111687660217285,
      "final_regret_std": 0.5940135717391968,
      "floor_reward_fraction_mean": 0.0,
      "step_reward_std_mean": 0.26333191990852356,
      "same_mask_repeat_std_mean": 1.4822824001312256,
      "total_time_mean_sec": 0.4765616040676832
    },
    "tradeoff": {
      "regret_gain_of_gfn": 1.2685189247131348,
      "slowdown_factor": 1.0729130572703416
    }
  },
  "random_trials": [
    {
      "seed": 0,
      "method": "random",
      "benchmark": "branin",
      "spec_name": "main_v2",
      "regrets": [
        3.3775012493133545,
        3.3775012493133545,
        3.3775012493133545,
        3.3775012493133545
      ],
      "best_values": [
        -3.775388717651367,
        -3.775388717651367,
        -3.775388717651367,
        -3.775388717651367
      ],
      "queried_values": [
        -19.394481658935547,
        -15.746122360229492,
        -8.050153732299805,
        -5.867998123168945
      ],
      "proxy_rewards": [
        1.0,
        1.0,
        1.0,
        1.0
      ],
      "proxy_improvements": [
        -53.01074981689453,
        -43.69026565551758,
        -24.35150146484375,
        -28.029132843017578
      ],
      "floor_reward_flags": [
        0.0,
        0.0,
        0.0,
        0.0
      ],
      "step_reward_std": [
        0.0,
        0.3170197904109955,
        0.0,
        0.0
      ],
      "same_mask_repeat_std": [
        0.821571409702301,
        1.3839682340621948,
        3.1591689586639404,
        2.029642343521118
      ],
      "surrogate_train_times_sec": [
        0.7417762279510498,
        0.012590374797582626,
        0.012319167144596577,
        0.01182624977082014
      ],
      "gfn_train_times_sec": [
        0.0,
        0.0,
        0.0,
        0.0
      ],
      "proposal_times_sec": [
        0.004918749909847975,
        0.00459374999627471,
        0.005426541902124882,
        0.004796000197529793
      ],
      "iteration_times_sec": [
        0.7492376565933228,
        0.019825834780931473,
        0.020184999331831932,
        0.01919083297252655
      ],
      "total_wall_time_sec": 0.8084472500486299
    },
    {
      "seed": 1,
      "method": "random",
      "benchmark": "branin",
      "spec_name": "main_v2",
      "regrets": [
        6.581874370574951,
        6.581874370574951,
        6.581874370574951,
        6.581874370574951
      ],
      "best_values": [
        -6.979761600494385,
        -6.979761600494385,
        -6.979761600494385,
        -6.979761600494385
      ],
      "queried_values": [
        -6.979761600494385,
        -44.379154205322266,
        -38.93110656738281,
        -263.09552001953125
      ],
      "proxy_rewards": [
        1.0,
        1.0,
        1.0,
        1.0
      ],
      "proxy_improvements": [
        -50.22663497924805,
        -35.675697326660156,
        -36.225704193115234,
        -37.04532241821289
      ],
      "floor_reward_flags": [
        0.0,
        0.0,
        0.0,
        0.0
      ],
      "step_reward_std": [
        0.30325841903686523,
        0.3527340292930603,
        0.2533532679080963,
        0.3105649948120117
      ],
      "same_mask_repeat_std": [
        0.7187226414680481,
        0.7125574350357056,
        0.5423682928085327,
        0.499579519033432
      ],
      "surrogate_train_times_sec": [
        0.01151241548359394,
        0.012683499604463577,
        0.012621208094060421,
        0.01273375004529953
      ],
      "gfn_train_times_sec": [
        0.0,
        0.0,
        0.0,
        0.0
      ],
      "proposal_times_sec": [
        0.004533125087618828,
        0.005199708975851536,
        0.004839874804019928,
        0.00493220891803503
      ],
      "iteration_times_sec": [
        0.018871542066335678,
        0.020359333604574203,
        0.020316459238529205,
        0.020345209166407585
      ],
      "total_wall_time_sec": 0.07990358292590827
    }
  ],
  "gfn_trials": [
    {
      "seed": 0,
      "method": "gfn",
      "benchmark": "branin",
      "spec_name": "main_v2",
      "regrets": [
        3.3775012493133545,
        3.1171553134918213,
        3.1171553134918213,
        3.1171553134918213
      ],
      "best_values": [
        -3.775388717651367,
        -3.515042781829834,
        -3.515042781829834,
        -3.515042781829834
      ],
      "queried_values": [
        -19.394481658935547,
        -3.515042781829834,
        -8.050153732299805,
        -5.867998123168945
      ],
      "proxy_rewards": [
        1.0,
        1.0,
        1.0,
        1.0
      ],
      "proxy_improvements": [
        -53.01074981689453,
        -40.022098541259766,
        -25.92575454711914,
        -30.50922966003418
      ],
      "floor_reward_flags": [
        0.0,
        0.0,
        0.0,
        0.0
      ],
      "step_reward_std": [
        0.3253529667854309,
        0.3510209023952484,
        0.0,
        0.2875872254371643
      ],
      "same_mask_repeat_std": [
        1.1594998836517334,
        1.6777901649475098,
        2.3621559143066406,
        2.3312528133392334
      ],
      "surrogate_train_times_sec": [
        0.013717666268348694,
        0.013220207765698433,
        0.012909541837871075,
        0.01277991570532322
      ],
      "gfn_train_times_sec": [
        0.1070597916841507,
        0.0948500856757164,
        0.09202466905117035,
        0.08533316850662231
      ],
      "proposal_times_sec": [
        0.1208246648311615,
        0.10780883580446243,
        0.10563649982213974,
        0.09783224761486053
      ],
      "iteration_times_sec": [
        0.13723604381084442,
        0.12348578870296478,
        0.12154725193977356,
        0.11330704391002655
      ],
      "total_wall_time_sec": 0.49558425007853657
    },
    {
      "seed": 1,
      "method": "gfn",
      "benchmark": "branin",
      "spec_name": "main_v2",