{
  "summary": {
    "random": {
      "mean_regret": [
        20.5858211517334,
        20.5858211517334,
        20.5858211517334,
        20.5858211517334
      ],
      "std_regret": [
        0.06740379333496094,
        0.06740379333496094,
        0.06740379333496094,
        0.06740379333496094
      ],
      "mean_best_value": [
        -20.5858211517334,
        -20.5858211517334,
        -20.5858211517334,
        -20.5858211517334
      ],
      "std_best_value": [
        0.06740379333496094,
        0.06740379333496094,
        0.06740379333496094,
        0.06740379333496094
      ],
      "mean_query_value": [
        -21.53339195251465,
        -21.6648006439209,
        -21.563034057617188,
        -21.234607696533203
      ],
      "std_query_value": [
        0.18892860412597656,
        0.03364372253417969,
        0.13268661499023438,
        0.169677734375
      ],
      "final_regret_mean": 20.5858211517334,
      "final_regret_std": 0.06740379333496094,
      "floor_reward_fraction_mean": 0.0,
      "step_reward_std_mean": 0.2876710295677185,
      "step_improvement_std_mean": 0.019703790545463562,
      "same_mask_repeat_std_mean": 0.020085405558347702,
      "proxy_actual_gain_corr_mean": -0.6663922071456909,
      "total_time_mean_sec": 0.08749506255844608
    },
    "gfn": {
      "mean_regret": [
        20.5858211517334,
        20.5858211517334,
        20.5858211517334,
        20.5858211517334
      ],
      "std_regret": [
        0.06740379333496094,
        0.06740379333496094,
        0.06740379333496094,
        0.06740379333496094
      ],
      "mean_best_value": [
        -20.5858211517334,
        -20.5858211517334,
        -20.5858211517334,
        -20.5858211517334
      ],
      "std_best_value": [
        0.06740379333496094,
        0.06740379333496094,
        0.06740379333496094,
        0.06740379333496094
      ],
      "mean_query_value": [
        -21.52739143371582,
        -21.58438491821289,
        -21.35700225830078,
        -21.728416442871094
      ],
      "std_query_value": [
        0.1572284698486328,
        0.01416778564453125,
        0.06452560424804688,
        0.14354324340820312
      ],
      "final_regret_mean": 20.5858211517334,
      "final_regret_std": 0.06740379333496094,
      "floor_reward_fraction_mean": 0.0,
      "step_reward_std_mean": 0.2876710295677185,
      "step_improvement_std_mean": 0.037061162292957306,
      "same_mask_repeat_std_mean": 0.027223411947488785,
      "proxy_actual_gain_corr_mean": 0.11608435958623886,
      "total_time_mean_sec": 0.8108423540834337
    },
    "tradeoff": {
      "regret_gain_of_gfn": 0.0,
      "slowdown_factor": 9.267292694851173
    }
  },
  "random_trials": [
    {
      "seed": 0,
      "method": "random",
      "benchmark": "ackley10",
      "spec_name": "pool_fresh_v2",
      "regrets": [
        20.518417358398438,
        20.518417358398438,
        20.518417358398438,
        20.518417358398438
      ],
      "best_values": [
        -20.518417358398438,
        -20.518417358398438,
        -20.518417358398438,
        -20.518417358398438
      ],
      "queried_values": [
        -21.344463348388672,
        -21.698444366455078,
        -21.430347442626953,
        -21.064929962158203
      ],
      "actual_gains": [
        -0.8260459899902344,
        -1.1800270080566406,
        -0.9119300842285156,
        -0.5465126037597656
      ],
      "proxy_rewards": [
        1.0,
        1.0,
        1.0,
        1.0
      ],
      "proxy_improvements": [
        -0.22700199484825134,
        -0.22208212316036224,
        -0.4957857131958008,
        -0.5339096784591675
      ],
      "floor_reward_flags": [
        0.0,
        0.0,
        0.0,
        0.0
      ],
      "step_reward_std": [
        0.2876710295677185,
        0.2876710295677185,
        0.2876710295677185,
        0.2876710295677185
      ],
      "step_improvement_std": [
        0.01943032257258892,
        0.028224853798747063,
        0.01030297763645649,
        0.01557227410376072
      ],
      "same_mask_repeat_std": [
        0.025104323402047157,
        0.03062300942838192,
        0.012729531154036522,
        0.012165756896138191
      ],
      "proxy_actual_gain_corr": -0.6624667087503023,
      "surrogate_train_times_sec": [
        0.013393375091254711,
        0.012973332777619362,
        0.011916791088879108,
        0.012788709253072739
      ],
      "gfn_train_times_sec": [
        0.0,
        0.0,
        0.0,
        0.0
      ],
      "proposal_times_sec": [
        0.006149082910269499,
        0.006086292210966349,
        0.006062707863748074,
        0.006099291145801544
      ],
      "iteration_times_sec": [
        0.022413084283471107,
        0.02190808393061161,
        0.020818833261728287,
        0.02176879160106182
      ],
      "total_wall_time_sec": 0.08699937502387911
    },
    {
      "seed": 1,
      "method": "random",
      "benchmark": "ackley10",
      "spec_name": "pool_fresh_v2",
      "regrets": [
        20.65322494506836,
        20.65322494506836,
        20.65322494506836,
        20.65322494506836
      ],
      "best_values": [
        -20.65322494506836,
        -20.65322494506836,
        -20.65322494506836,
        -20.65322494506836
      ],
      "queried_values": [
        -21.722320556640625,
        -21.63115692138672,
        -21.695720672607422,
        -21.404285430908203
      ],
      "actual_gains": [
        -1.0690956115722656,
        -0.9779319763183594,
        -1.0424957275390625,
        -0.7510604858398438
      ],
      "proxy_rewards": [
        1.0,
        1.0,
        1.0,
        1.0
      ],
      "proxy_improvements": [
        -0.06219460070133209,
        -0.2879686951637268,
        -0.3373816907405853,
        -0.39059388637542725
      ],
      "floor_reward_flags": [
        0.0,
        0.0,
        0.0,
        0.0
      ],
      "step_reward_std": [
        0.2876710295677185,
        0.2876710295677185,
        0.2876710295677185,
        0.2876710295677185
      ],
      "step_improvement_std": [
        0.028817716985940933,
        0.02366333082318306,
        0.015756577253341675,
        0.015862278640270233
      ],
      "same_mask_repeat_std": [
        0.03410722315311432,
        0.024594437330961227,
        0.016598323360085487,
        0.004760645795613527
      ],
      "proxy_actual_gain_corr": -0.6703177473105596,
      "surrogate_train_times_sec": [
        0.012439042329788208,
        0.012531999498605728,
        0.012866916134953499,
        0.012914542108774185
      ],
      "gfn_train_times_sec": [
        0.0,
        0.0,
        0.0,
        0.0
      ],
      "proposal_times_sec": [
        0.006230332888662815,
        0.006207624915987253,
        0.006613916717469692,
        0.006446000188589096
      ],
      "iteration_times_sec": [
        0.021510625258088112,
        0.02160325087606907,
        0.0225017499178648,
        0.022284625098109245
      ],
      "total_wall_time_sec": 0.08799075009301305
    }
  ],
  "gfn_trials": [
    {
      "seed": 0,
      "method": "gfn",
      "benchmark": "ackley10",
      "spec_name": "pool_fresh_v2",
      "regrets": [
        20.518417358398438,
        20.518417358398438,
        20.518417358398438,
        20.518417358398438
      ],
      "best_values": [
        -20.518417358398438,
        -20.518417358398438,
        -20.518417358398438,
        -20.518417358398438
      ],
      "queried_values": [
        -21.370162963867188,
        -21.598552703857422,
        -21.421527862548828,
        -21.58487319946289
      ],
      "actual_gains": [
        -0.85174560546875,
        -1.0801353454589844,
        -0.9031105041503906,
        -1.0664558410644531
      ],
      "proxy_rewards": [
        1.0,
        1.0,
        1.0,
        1.0
      ],