{
  "seed": 1,
  "method": "random",
  "benchmark": "branin",
  "spec_name": "main_v2",
  "regrets": [
    5.031534194946289,
    5.031534194946289,
    4.752683639526367,
    4.752683639526367,
    4.752683639526367,
    4.752683639526367,
    4.752683639526367,
    4.752683639526367,
    4.752683639526367,
    4.752683639526367,
    4.752683639526367,
    4.752683639526367,
    4.752683639526367,
    4.752683639526367,
    4.752683639526367,
    4.752683639526367,
    4.752683639526367,
    4.752683639526367
  ],
  "best_values": [
    -5.429421424865723,
    -5.429421424865723,
    -5.150570869445801,
    -5.150570869445801,
    -5.150570869445801,
    -5.150570869445801,
    -5.150570869445801,
    -5.150570869445801,
    -5.150570869445801,
    -5.150570869445801,
    -5.150570869445801,
    -5.150570869445801,
    -5.150570869445801,
    -5.150570869445801,
    -5.150570869445801,
    -5.150570869445801,
    -5.150570869445801,
    -5.150570869445801
  ],
  "queried_values": [
    -6.574859142303467,
    -20.373987197875977,
    -5.150570869445801,
    -7.043001174926758,
    -10.305072784423828,
    -13.691119194030762,
    -10.060922622680664,
    -5.478440284729004,
    -7.912195205688477,
    -11.383395195007324,
    -15.236320495605469,
    -5.848710536956787,
    -6.4558258056640625,
    -9.011882781982422,
    -5.228130340576172,
    -5.708634853363037,
    -20.718046188354492,
    -6.917842864990234
  ],
  "actual_gains": [
    -1.1454377174377441,
    -14.944565773010254,
    0.2788505554199219,
    -1.892430305480957,
    -5.154501914978027,
    -8.540548324584961,
    -4.910351753234863,
    -0.3278694152832031,
    -2.761624336242676,
    -6.232824325561523,
    -10.085749626159668,
    -0.6981396675109863,
    -1.3052549362182617,
    -3.861311912536621,
    -0.0775594711303711,
    -0.5580639839172363,
    -15.567475318908691,
    -1.7672719955444336
  ],
  "proxy_rewards": [
    1.0,
    1.0,
    1.0,
    1.0,
    1.0,
    1.0,
    1.0,
    1.0,
    1.0,
    1.0,
    1.0,
    1.0,
    1.0,
    1.0,
    1.0,
    1.0,
    1.0,
    1.0
  ],
  "proxy_improvements": [
    47.00190734863281,
    20.55462074279785,
    -3.7858633995056152,
    1.1361956596374512,
    3.327843427658081,
    -3.3479907512664795,
    1.6636403799057007,
    -0.0010860443580895662,
    1.0068843364715576,
    -0.4292992055416107,
    -1.6658148765563965,
    0.33941569924354553,
    0.08463706821203232,
    0.3779159486293793,
    -0.29456716775894165,
    -1.5165284872055054,
    1.1790980100631714,
    0.18739323318004608
  ],
  "floor_reward_flags": [
    0.0,
    0.0,
    0.0,
    0.0,
    0.0,
    0.0,
    0.0,
    0.0,
    0.0,
    0.0,
    0.0,
    0.0,
    0.0,
    0.0,
    0.0,
    0.0,
    0.0,
    0.0
  ],
  "step_reward_std": [
    0.1915002167224884,
    0.3206835091114044,
    0.3623996675014496,
    0.3506748378276825,
    0.3502773344516754,
    0.3469931185245514,
    0.3483380377292633,
    0.2478567510843277,
    0.35321328043937683,
    0.32654136419296265,
    0.3243394196033478,
    0.37587305903434753,
    0.29036521911621094,
    0.3247629404067993,
    0.3631248474121094,
    0.2290358990430832,
    0.22908525168895721,
    0.13985058665275574
  ],
  "step_improvement_std": [
    0.8100311756134033,
    1.1470414400100708,
    1.4730134010314941,
    0.8376879096031189,
    1.1478148698806763,
    0.3844088613986969,
    0.6685938835144043,
    0.3089766800403595,
    0.3775879442691803,
    0.5892056822776794,
    0.5169345140457153,
    0.47025948762893677,
    1.1116262674331665,
    0.15188531577587128,
    1.0198756456375122,
    0.17711304128170013,
    0.3516659140586853,
    0.2751246690750122
  ],
  "same_mask_repeat_std": [
    3.027057409286499,
    2.5251996517181396,
    1.0521495342254639,
    0.5234013199806213,
    1.2652881145477295,
    0.6419011354446411,
    1.0782276391983032,
    0.8221606016159058,
    0.40567997097969055,
    0.6463541388511658,
    0.6826611757278442,
    0.6988471746444702,
    1.2573366165161133,
    0.7260547876358032,
    0.782178521156311,
    0.6176913976669312,
    0.5644561648368835,
    0.38785839080810547
  ],
  "proxy_actual_gain_corr": -0.07284439477157603,
  "surrogate_train_times_sec": [
    0.08382833003997803,
    0.07520245760679245,
    0.07733812183141708,
    0.07751700282096863,
    0.07664037495851517,
    0.07696529477834702,
    0.0769040435552597,
    0.07651437819004059,
    0.07776187360286713,
    0.0788283720612526,
    0.07864078879356384,
    0.07852941751480103,
    0.07657991349697113,
    0.07666554301977158,
    0.07764912396669388,
    0.07822008430957794,
    0.07959125190973282,
    0.07886112481355667
  ],
  "gfn_train_times_sec": [
    0.0,
    0.0,
    0.0,
    0.0,
    0.0,
    0.0,
    0.0,
    0.0,
    0.0,
    0.0,
    0.0,
    0.0,
    0.0,
    0.0,
    0.0,
    0.0,
    0.0,
    0.0
  ],
  "proposal_times_sec": [
    0.11954166740179062,
    0.11655216664075851,
    0.11501912772655487,
    0.11611308157444,
    0.11410804092884064,
    0.11547479033470154,
    0.11555754393339157,
    0.11489058285951614,
    0.11540587246417999,
    0.11659608036279678,
    0.11377512663602829,
    0.11576429009437561,
    0.11463333666324615,
    0.11831916868686676,
    0.11476883292198181,
    0.11659037321805954,
    0.11697579175233841,
    0.11637604236602783
  ],
  "iteration_times_sec": [
    0.21066483855247498,
    0.19936254620552063,
    0.19986525177955627,
    0.20109961926937103,
    0.19811686873435974,
    0.19986562430858612,
    0.19989824295043945,
    0.1991620808839798,
    0.2006073296070099,
    0.20309825241565704,
    0.19999703764915466,
    0.20279346406459808,
    0.19873537123203278,
    0.20269054174423218,
    0.1998070478439331,
    0.20237775146961212,
    0.20428499579429626,
    0.20299078524112701
  ],
  "total_wall_time_sec": 3.6260937090264633
}
