{
  "seed": 4,
  "method": "random",
  "benchmark": "branin",
  "spec_name": "main_v2",
  "regrets": [
    18.662738800048828,
    18.662738800048828,
    9.81039810180664,
    9.81039810180664,
    9.81039810180664,
    9.793829917907715,
    9.793829917907715,
    9.793829917907715,
    9.793829917907715,
    4.581230640411377,
    4.581230640411377,
    4.581230640411377,
    4.581230640411377,
    4.557470798492432,
    3.89908766746521,
    3.89908766746521,
    3.8826215267181396,
    3.8826215267181396
  ],
  "best_values": [
    -19.060626983642578,
    -19.060626983642578,
    -10.208285331726074,
    -10.208285331726074,
    -10.208285331726074,
    -10.191717147827148,
    -10.191717147827148,
    -10.191717147827148,
    -10.191717147827148,
    -4.9791178703308105,
    -4.9791178703308105,
    -4.9791178703308105,
    -4.9791178703308105,
    -4.955358028411865,
    -4.296975135803223,
    -4.296975135803223,
    -4.280508995056152,
    -4.280508995056152
  ],
  "queried_values": [
    -217.3383331298828,
    -19.155155181884766,
    -10.208285331726074,
    -14.045843124389648,
    -15.283190727233887,
    -10.191717147827148,
    -12.43321418762207,
    -21.90230941772461,
    -42.20627212524414,
    -4.9791178703308105,
    -8.510570526123047,
    -5.844553470611572,
    -5.0887556076049805,
    -4.955358028411865,
    -4.296975135803223,
    -5.865787982940674,
    -4.280508995056152,
    -5.167187213897705
  ],
  "actual_gains": [
    -198.2777099609375,
    -0.0945281982421875,
    8.852341651916504,
    -3.837557792663574,
    -5.0749053955078125,
    0.01656818389892578,
    -2.241497039794922,
    -11.710592269897461,
    -32.014556884765625,
    5.212599277496338,
    -3.5314526557922363,
    -0.8654356002807617,
    -0.10963773727416992,
    0.023759841918945312,
    0.6583828926086426,
    -1.5688128471374512,
    0.016466140747070312,
    -0.8866782188415527
  ],
  "proxy_rewards": [
    1.0,
    1.0,
    1.0,
    1.0,
    1.0,
    1.0,
    1.0,
    1.0,
    1.0,
    1.0,
    1.0,
    1.0,
    1.0,
    1.0,
    1.0,
    1.0,
    1.0,
    1.0
  ],
  "proxy_improvements": [
    8.78462028503418,
    9.231399536132812,
    16.69853973388672,
    2.1737778186798096,
    5.225734710693359,
    -0.6210953593254089,
    5.237020492553711,
    34.163291931152344,
    3.1122078895568848,
    -0.9557148218154907,
    -5.199441909790039,
    0.818479061126709,
    1.8777811527252197,
    1.021244764328003,
    0.2569147050380707,
    -1.8878525495529175,
    1.425101399421692,
    2.178497076034546
  ],
  "floor_reward_flags": [
    0.0,
    0.0,
    0.0,
    0.0,
    0.0,
    0.0,
    0.0,
    0.0,
    0.0,
    0.0,
    0.0,
    0.0,
    0.0,
    0.0,
    0.0,
    0.0,
    0.0,
    0.0
  ],
  "step_reward_std": [
    0.3419541120529175,
    0.3912675380706787,
    0.37558627128601074,
    0.35331031680107117,
    0.3252619802951813,
    0.32870206236839294,
    0.36801666021347046,
    0.2899363338947296,
    0.3902595043182373,
    0.3396691083908081,
    0.38673117756843567,
    0.3414328694343567,
    0.33559706807136536,
    0.30682533979415894,
    0.34501248598098755,
    0.3363264501094818,
    0.38377875089645386,
    0.3671051263809204
  ],
  "step_improvement_std": [
    0.27636027336120605,
    3.22367262840271,
    1.8484121561050415,
    4.919039249420166,
    3.9593288898468018,
    4.238250255584717,
    3.1509532928466797,
    13.14480209350586,
    2.344247817993164,
    1.1338860988616943,
    2.0818121433258057,
    2.0228500366210938,
    5.384429931640625,
    0.8898396492004395,
    2.325087785720825,
    4.875825881958008,
    4.566694259643555,
    9.357871055603027
  ],
  "same_mask_repeat_std": [
    1.014624834060669,
    1.2360039949417114,
    1.964065432548523,
    2.135740280151367,
    1.8373222351074219,
    1.611781358718872,
    0.47509175539016724,
    2.2474725246429443,
    2.1434216499328613,
    0.9783932566642761,
    0.9855910539627075,
    0.696535587310791,
    0.7477081418037415,
    0.7506222128868103,
    1.1575274467468262,
    1.1532719135284424,
    1.019504189491272,
    0.4639383852481842
  ],
  "proxy_actual_gain_corr": -0.1401319354134051,
  "surrogate_train_times_sec": [
    0.08434449881315231,
    0.08274370431900024,
    0.08444612473249435,
    0.08226491510868073,
    0.09067866951227188,
    0.08669908344745636,
    0.07502199709415436,
    0.07699587196111679,
    0.07781083136796951,
    0.07903241366147995,
    0.0896601676940918,
    0.08146599680185318,
    0.07773533463478088,
    0.08032754063606262,
    0.07858987152576447,
    0.07988549768924713,
    0.07767166942358017,
    0.07719216495752335
  ],
  "gfn_train_times_sec": [
    0.0,
    0.0,
    0.0,
    0.0,
    0.0,
    0.0,
    0.0,
    0.0,
    0.0,
    0.0,
    0.0,
    0.0,
    0.0,
    0.0,
    0.0,
    0.0,
    0.0,
    0.0
  ],
  "proposal_times_sec": [
    0.12661632895469666,
    0.1332300901412964,
    0.1258748322725296,
    0.1203899160027504,
    0.13277800381183624,
    0.1294042021036148,
    0.11738866567611694,
    0.11616446077823639,
    0.11726529151201248,
    0.11628245562314987,
    0.12686766684055328,
    0.11814916878938675,
    0.11811429262161255,
    0.11706579476594925,
    0.115384541451931,
    0.1168314591050148,
    0.11479149758815765,
    0.11639062315225601
  ],
  "iteration_times_sec": [
    0.21943195164203644,
    0.22437842190265656,
    0.2185288816690445,
    0.2103516310453415,
    0.23215274512767792,
    0.22332720458507538,
    0.2000902146100998,
    0.2008538693189621,
    0.20266996324062347,
    0.20320957899093628,
    0.22443324327468872,
    0.20772957801818848,
    0.20382654666900635,
    0.20486749708652496,
    0.20164695382118225,
    0.2041279524564743,
    0.20000433921813965,
    0.20143333077430725
  ],
  "total_wall_time_sec": 3.7837699169758707
}
