{
  "seed": 2,
  "method": "random",
  "benchmark": "branin",
  "spec_name": "main_v2",
  "regrets": [
    1.6247361898422241,
    1.6247361898422241,
    1.6247361898422241,
    1.6247361898422241,
    1.6247361898422241,
    1.6247361898422241,
    1.6247361898422241,
    1.6247361898422241,
    1.6247361898422241,
    1.6247361898422241,
    0.8332623243331909,
    0.8332623243331909,
    0.6179465055465698,
    0.6179465055465698,
    0.6179465055465698,
    0.6179465055465698,
    0.6179465055465698,
    0.6179465055465698
  ],
  "best_values": [
    -2.0226235389709473,
    -2.0226235389709473,
    -2.0226235389709473,
    -2.0226235389709473,
    -2.0226235389709473,
    -2.0226235389709473,
    -2.0226235389709473,
    -2.0226235389709473,
    -2.0226235389709473,
    -2.0226235389709473,
    -1.231149673461914,
    -1.231149673461914,
    -1.015833854675293,
    -1.015833854675293,
    -1.015833854675293,
    -1.015833854675293,
    -1.015833854675293,
    -1.015833854675293
  ],
  "queried_values": [
    -60.23552322387695,
    -9.154703140258789,
    -5.078271865844727,
    -10.210745811462402,
    -6.6809916496276855,
    -3.3104138374328613,
    -2.7137451171875,
    -147.34823608398438,
    -7.190086364746094,
    -9.72415542602539,
    -1.231149673461914,
    -16.81165313720703,
    -1.015833854675293,
    -6.8919997215271,
    -11.647100448608398,
    -9.724215507507324,
    -1.8792505264282227,
    -1.0439567565917969
  ],
  "actual_gains": [
    -58.21289825439453,
    -7.132079601287842,
    -3.0556483268737793,
    -8.188121795654297,
    -4.658368110656738,
    -1.287790298461914,
    -0.6911215782165527,
    -145.3256072998047,
    -5.1674628257751465,
    -7.701531887054443,
    0.7914738655090332,
    -15.580503463745117,
    0.2153158187866211,
    -5.876165866851807,
    -10.631266593933105,
    -8.708381652832031,
    -0.8634166717529297,
    -0.028122901916503906
  ],
  "proxy_rewards": [
    1.0,
    1.0,
    1.0,
    1.0,
    1.0,
    1.0,
    1.0,
    1.0,
    1.0,
    1.0,
    1.0,
    1.0,
    1.0,
    1.0,
    1.0,
    1.0,
    1.0,
    1.0
  ],
  "proxy_improvements": [
    8.197904586791992,
    23.180988311767578,
    0.6119557619094849,
    -3.0632996559143066,
    2.9860012531280518,
    -0.08600302040576935,
    -2.6276731491088867,
    -0.5678420066833496,
    -1.000259518623352,
    3.5276355743408203,
    1.9062198400497437,
    2.332794666290283,
    -0.5005653500556946,
    -1.0913468599319458,
    2.1855645179748535,
    0.24876070022583008,
    -2.1345934867858887,
    -0.10084982216358185
  ],
  "floor_reward_flags": [
    0.0,
    0.0,
    0.0,
    0.0,
    0.0,
    0.0,
    0.0,
    0.0,
    0.0,
    0.0,
    0.0,
    0.0,
    0.0,
    0.0,
    0.0,
    0.0,
    0.0,
    0.0
  ],
  "step_reward_std": [
    0.3245850205421448,
    0.29247963428497314,
    0.3157733082771301,
    0.384737104177475,
    0.3041086792945862,
    0.37445303797721863,
    0.35082489252090454,
    0.33340340852737427,
    0.30730754137039185,
    0.36899814009666443,
    0.3810824155807495,
    0.34453248977661133,
    0.37116339802742004,
    0.38391590118408203,
    0.3350813686847687,
    0.3482184410095215,
    0.31028515100479126,
    0.3725958466529846
  ],
  "step_improvement_std": [
    0.4244714677333832,
    6.5401153564453125,
    1.1447250843048096,
    1.6749998331069946,
    0.6479047536849976,
    0.6577370762825012,
    0.956937313079834,
    0.787071168422699,
    0.980774462223053,
    2.040580987930298,
    1.6950452327728271,
    1.7137194871902466,
    1.8234047889709473,
    2.4143319129943848,
    2.9792966842651367,
    2.5263078212738037,
    1.305938959121704,
    2.6939809322357178
  ],
  "same_mask_repeat_std": [
    0.683144211769104,
    0.5359349250793457,
    0.8503565192222595,
    0.64922034740448,
    0.6148615479469299,
    0.5754925012588501,
    0.47917771339416504,
    1.2405524253845215,
    0.5534640550613403,
    1.210046410560608,
    0.5860375165939331,
    0.735967218875885,
    0.4670058488845825,
    0.37660276889801025,
    0.8923503160476685,
    0.3803180754184723,
    0.7463838458061218,
    0.44437718391418457
  ],
  "proxy_actual_gain_corr": -0.025474236213061698,
  "surrogate_train_times_sec": [
    0.07869958132505417,
    0.07956325262784958,
    0.08061742037534714,
    0.08047370612621307,
    0.08139342069625854,
    0.07995312660932541,
    0.07887629419565201,
    0.08904778957366943,
    0.08986958116292953,
    0.0851721242070198,
    0.08053262531757355,
    0.0804416686296463,
    0.07800491899251938,
    0.08005841821432114,
    0.07908874750137329,
    0.07914178818464279,
    0.0780022069811821,
    0.08342283219099045
  ],
  "gfn_train_times_sec": [
    0.0,
    0.0,
    0.0,
    0.0,
    0.0,
    0.0,
    0.0,
    0.0,
    0.0,
    0.0,
    0.0,
    0.0,
    0.0,
    0.0,
    0.0,
    0.0,
    0.0,
    0.0
  ],
  "proposal_times_sec": [
    0.12882250547409058,
    0.1198413297533989,
    0.11653641611337662,
    0.1171720027923584,
    0.115705206990242,
    0.11858391761779785,
    0.11736783385276794,
    0.14257945120334625,
    0.14551541209220886,
    0.11845004558563232,
    0.11727891862392426,
    0.11549758166074753,
    0.1166132465004921,
    0.11748770624399185,
    0.11611641943454742,
    0.11710279434919357,
    0.1293499618768692,
    0.11878154426813126
  ],
  "iteration_times_sec": [
    0.21546395123004913,
    0.20718662440776825,
    0.20493490993976593,
    0.2050759196281433,
    0.20460312068462372,
    0.20639082789421082,
    0.20422950387001038,
    0.23982863128185272,
    0.2446231245994568,
    0.2113214135169983,
    0.20549249649047852,
    0.2034788727760315,
    0.20235450565814972,
    0.20505279302597046,
    0.202911376953125,
    0.20392142236232758,
    0.21539078652858734,
    0.21021804213523865
  ],
  "total_wall_time_sec": 3.793191874981858
}
