{
  "seed": 3,
  "method": "random",
  "benchmark": "branin",
  "spec_name": "main_v2",
  "regrets": [
    6.11337947845459,
    6.11337947845459,
    6.11337947845459,
    6.11337947845459,
    5.698281764984131,
    5.698281764984131,
    5.698281764984131,
    5.253165245056152,
    5.253165245056152,
    5.253165245056152,
    5.253165245056152,
    5.253165245056152,
    5.253165245056152,
    5.253165245056152,
    5.253165245056152,
    5.2134575843811035,
    5.2134575843811035,
    5.2134575843811035
  ],
  "best_values": [
    -6.511266708374023,
    -6.511266708374023,
    -6.511266708374023,
    -6.511266708374023,
    -6.0961689949035645,
    -6.0961689949035645,
    -6.0961689949035645,
    -5.651052474975586,
    -5.651052474975586,
    -5.651052474975586,
    -5.651052474975586,
    -5.651052474975586,
    -5.651052474975586,
    -5.651052474975586,
    -5.651052474975586,
    -5.611344814300537,
    -5.611344814300537,
    -5.611344814300537
  ],
  "queried_values": [
    -6.511266708374023,
    -7.6732964515686035,
    -7.236043453216553,
    -19.654788970947266,
    -6.0961689949035645,
    -6.5141143798828125,
    -7.543160915374756,
    -5.651052474975586,
    -9.41079330444336,
    -5.843494892120361,
    -9.532814979553223,
    -8.632962226867676,
    -16.61311912536621,
    -7.900137901306152,
    -8.58121395111084,
    -5.611344814300537,
    -6.277617931365967,
    -8.355358123779297
  ],
  "actual_gains": [
    2.4141674041748047,
    -1.16202974319458,
    -0.7247767448425293,
    -13.143522262573242,
    0.415097713470459,
    -0.41794538497924805,
    -1.4469919204711914,
    0.4451165199279785,
    -3.7597408294677734,
    -0.1924424171447754,
    -3.8817625045776367,
    -2.98190975189209,
    -10.962066650390625,
    -2.2490854263305664,
    -2.930161476135254,
    0.03970766067504883,
    -0.6662731170654297,
    -2.7440133094787598
  ],
  "proxy_rewards": [
    1.0,
    1.0,
    1.0,
    1.0,
    1.0,
    1.0,
    1.0,
    1.0,
    1.0,
    1.0,
    1.0,
    1.0,
    1.0,
    1.0,
    1.0,
    1.0,
    1.0,
    1.0
  ],
  "proxy_improvements": [
    18.447715759277344,
    3.833341598510742,
    0.32709360122680664,
    7.450462341308594,
    -0.4522838592529297,
    3.083587646484375,
    3.0601511001586914,
    0.6077003479003906,
    0.25859928131103516,
    0.19371776282787323,
    -0.26802435517311096,
    2.703479766845703,
    0.4802965223789215,
    -0.9194911122322083,
    -2.1992456912994385,
    -1.6296590566635132,
    2.600980520248413,
    -2.1567158699035645
  ],
  "floor_reward_flags": [
    0.0,
    0.0,
    0.0,
    0.0,
    0.0,
    0.0,
    0.0,
    0.0,
    0.0,
    0.0,
    0.0,
    0.0,
    0.0,
    0.0,
    0.0,
    0.0,
    0.0,
    0.0
  ],
  "step_reward_std": [
    0.3245750069618225,
    0.26470836997032166,
    0.10047151148319244,
    0.31642434000968933,
    0.0,
    0.1915002167224884,
    0.10047151148319244,
    0.19359341263771057,
    0.3058343827724457,
    0.10047151148319244,
    0.3245680332183838,
    0.10047151148319244,
    0.32475951313972473,
    0.0,
    0.1930811107158661,
    0.0,
    0.22908525168895721,
    0.0
  ],
  "step_improvement_std": [
    0.027523398399353027,
    0.12293906509876251,
    0.2819790840148926,
    0.6449173092842102,
    0.0,
    0.04154027998447418,
    0.08879446238279343,
    0.1972683221101761,
    0.04982209950685501,
    0.0796533152461052,
    0.039980676025152206,
    0.04879308491945267,
    0.38467711210250854,
    0.0,
    0.6827298998832703,
    0.0,
    0.07734696567058563,
    4.440892098500626e-16
  ],
  "same_mask_repeat_std": [
    2.3531887531280518,
    0.9978335499763489,
    0.9614378213882446,
    1.0358291864395142,
    1.3305760622024536,
    0.8638312220573425,
    1.790772557258606,
    0.4134085178375244,
    1.5100548267364502,
    0.7881314158439636,
    1.0041691064834595,
    0.8100626468658447,
    0.6311320066452026,
    0.6326247453689575,
    1.0489455461502075,
    0.5803409218788147,
    0.49974510073661804,
    0.49676087498664856
  ],
  "proxy_actual_gain_corr": 0.07019927924380777,
  "surrogate_train_times_sec": [
    0.07949512451887131,
    0.0803106278181076,
    0.08268404006958008,
    0.08386204391717911,
    0.08384337276220322,
    0.08434700220823288,
    0.08330246061086655,
    0.08462650328874588,
    0.08303508162498474,
    0.08440578728914261,
    0.08373658359050751,
    0.08167275041341782,
    0.08402833342552185,
    0.08451154083013535,
    0.08337420970201492,
    0.0807400792837143,
    0.08416900038719177,
    0.08388303965330124
  ],
  "gfn_train_times_sec": [
    0.0,
    0.0,
    0.0,
    0.0,
    0.0,
    0.0,
    0.0,
    0.0,
    0.0,
    0.0,
    0.0,
    0.0,
    0.0,
    0.0,
    0.0,
    0.0,
    0.0,
    0.0
  ],
  "proposal_times_sec": [
    0.12191800028085709,
    0.12545937299728394,
    0.1243102103471756,
    0.12402258068323135,
    0.12304795533418655,
    0.1250542551279068,
    0.1344180852174759,
    0.12397358566522598,
    0.12337212264537811,
    0.12505470216274261,
    0.12377345561981201,
    0.12967737019062042,
    0.1259317547082901,
    0.12297483533620834,
    0.11828500032424927,
    0.11908970773220062,
    0.12280233204364777,
    0.12137104570865631
  ],
  "iteration_times_sec": [
    0.2091677039861679,
    0.21391429007053375,
    0.21525350213050842,
    0.2155367136001587,
    0.21496066451072693,
    0.21779020130634308,
    0.2264646291732788,
    0.21687716245651245,
    0.21461737155914307,
    0.2176167517900467,
    0.21568304300308228,
    0.21935200691223145,
    0.21839170157909393,
    0.21511958539485931,
    0.20916195213794708,
    0.20758992433547974,
    0.21557283401489258,
    0.21337062120437622
  ],
  "total_wall_time_sec": 3.877166165970266
}
