{
  "seed": 0,
  "method": "random",
  "benchmark": "branin",
  "spec_name": "main_v2",
  "regrets": [
    1.0791996717453003,
    1.0791996717453003,
    1.0791996717453003,
    1.0791996717453003,
    1.0791996717453003,
    1.0791996717453003,
    0.9584759473800659,
    0.9584759473800659,
    0.9584759473800659,
    0.9584759473800659,
    0.9584759473800659,
    0.9584759473800659,
    0.9584759473800659,
    0.9584759473800659,
    0.9584759473800659,
    0.9584759473800659,
    0.9584759473800659,
    0.9584759473800659
  ],
  "best_values": [
    -1.4770870208740234,
    -1.4770870208740234,
    -1.4770870208740234,
    -1.4770870208740234,
    -1.4770870208740234,
    -1.4770870208740234,
    -1.356363296508789,
    -1.356363296508789,
    -1.356363296508789,
    -1.356363296508789,
    -1.356363296508789,
    -1.356363296508789,
    -1.356363296508789,
    -1.356363296508789,
    -1.356363296508789,
    -1.356363296508789,
    -1.356363296508789,
    -1.356363296508789
  ],
  "queried_values": [
    -254.02166748046875,
    -7.957796096801758,
    -7.962527751922607,
    -2.0743460655212402,
    -4.471899032592773,
    -2.868777275085449,
    -1.356363296508789,
    -6.657934665679932,
    -1.8513860702514648,
    -6.434419631958008,
    -4.204010963439941,
    -2.3446245193481445,
    -2.0147128105163574,
    -1.9529380798339844,
    -4.430269241333008,
    -5.310052394866943,
    -1.6669626235961914,
    -9.17164134979248
  ],
  "actual_gains": [
    -252.54458618164062,
    -6.480709075927734,
    -6.485440731048584,
    -0.5972590446472168,
    -2.99481201171875,
    -1.3916902542114258,
    0.12072372436523438,
    -5.301571369171143,
    -0.4950227737426758,
    -5.078056335449219,
    -2.8476476669311523,
    -0.9882612228393555,
    -0.6583495140075684,
    -0.5965747833251953,
    -3.0739059448242188,
    -3.9536890983581543,
    -0.31059932708740234,
    -7.815278053283691
  ],
  "proxy_rewards": [
    1.0,
    1.0,
    1.0,
    1.0,
    1.0,
    1.0,
    1.0,
    1.0,
    1.0,
    1.0,
    1.0,
    1.0,
    1.0,
    1.0,
    1.0,
    1.0,
    1.0,
    1.0
  ],
  "proxy_improvements": [
    10.272143363952637,
    16.447385787963867,
    11.820199012756348,
    7.588789463043213,
    4.546688556671143,
    18.68568229675293,
    9.650365829467773,
    3.275733232498169,
    0.050263117998838425,
    1.9389256238937378,
    2.055633783340454,
    4.385043621063232,
    0.25070056319236755,
    1.9422880411148071,
    1.1956664323806763,
    7.676626205444336,
    -3.778200626373291,
    -1.2794642448425293
  ],
  "floor_reward_flags": [
    0.0,
    0.0,
    0.0,
    0.0,
    0.0,
    0.0,
    0.0,
    0.0,
    0.0,
    0.0,
    0.0,
    0.0,
    0.0,
    0.0,
    0.0,
    0.0,
    0.0,
    0.0
  ],
  "step_reward_std": [
    0.0,
    0.37118256092071533,
    0.28433603048324585,
    0.28439566493034363,
    0.34745869040489197,
    0.3754521906375885,
    0.30937740206718445,
    0.23521222174167633,
    0.3222152590751648,
    0.2880433201789856,
    0.37439894676208496,
    0.37402719259262085,
    0.29956358671188354,
    0.3123215138912201,
    0.35984933376312256,
    0.3491615056991577,
    0.3543899655342102,
    0.1930811107158661
  ],
  "step_improvement_std": [
    0.0,
    8.323517799377441,
    0.7883220911026001,
    1.276817798614502,
    4.786536693572998,
    3.636720657348633,
    2.0379068851470947,
    1.1243191957473755,
    1.5112415552139282,
    2.5970346927642822,
    1.4941753149032593,
    0.9273759126663208,
    2.992412805557251,
    0.6069578528404236,
    0.6304872632026672,
    1.199783444404602,
    0.31963542103767395,
    3.4706523418426514
  ],
  "same_mask_repeat_std": [
    2.327911853790283,
    3.27530574798584,
    1.0289397239685059,
    2.5236639976501465,
    1.3467968702316284,
    2.6071181297302246,
    1.851059913635254,
    2.535715341567993,
    2.2005844116210938,
    0.8482414484024048,
    1.1706645488739014,
    1.701677918434143,
    0.8665661215782166,
    1.6056112051010132,
    1.0480421781539917,
    1.1522712707519531,
    1.0253432989120483,
    1.1429011821746826
  ],
  "proxy_actual_gain_corr": -0.20627723986033902,
  "surrogate_train_times_sec": [
    0.8999776840209961,
    0.0846375823020935,
    0.08267862349748611,
    0.08221366256475449,
    0.08180037140846252,
    0.09617924690246582,
    0.09046529233455658,
    0.09042979031801224,
    0.0909687951207161,
    0.08635620772838593,
    0.08632537722587585,
    0.08266783505678177,
    0.08503641933202744,
    0.08464862406253815,
    0.0883181244134903,
    0.14494675397872925,
    0.11755141615867615,
    0.09008533507585526
  ],
  "gfn_train_times_sec": [
    0.0,
    0.0,
    0.0,
    0.0,
    0.0,
    0.0,
    0.0,
    0.0,
    0.0,
    0.0,
    0.0,
    0.0,
    0.0,
    0.0,
    0.0,
    0.0,
    0.0,
    0.0
  ],
  "proposal_times_sec": [
    0.11880533397197723,
    0.11922308057546616,
    0.1168072521686554,
    0.11670129001140594,
    0.11703170835971832,
    0.13012933731079102,
    0.12290775030851364,
    0.12587633728981018,
    0.12572982907295227,
    0.12103825062513351,
    0.11861354112625122,
    0.1181287094950676,
    0.11771241575479507,
    0.1219637468457222,
    0.11782874912023544,
    0.12894733250141144,
    0.12873749434947968,
    0.1277085840702057
  ],
  "iteration_times_sec": [
    1.02642822265625,
    0.21127907931804657,
    0.20704016089439392,
    0.20640859007835388,
    0.2072380781173706,
    0.2348494976758957,
    0.22128896415233612,
    0.22467495501041412,
    0.22492587566375732,
    0.2154729664325714,
    0.21270525455474854,
    0.20937108993530273,
    0.21092849969863892,
    0.21440671384334564,
    0.21448412537574768,
    0.2829159200191498,
    0.25356099009513855,
    0.22533108294010162
  ],
  "total_wall_time_sec": 4.804395000101067
}
