{
  "summary": {
    "random": {
      "mean_regret": [
        1.71449875831604,
        1.71449875831604,
        1.71449875831604,
        1.71449875831604
      ],
      "std_regret": [
        0.9362972378730774,
        0.9362972378730774,
        0.9362972378730774,
        0.9362972378730774
      ],
      "mean_best_value": [
        1.6078693866729736,
        1.6078693866729736,
        1.6078693866729736,
        1.6078693866729736
      ],
      "std_best_value": [
        0.9362972378730774,
        0.9362972378730774,
        0.9362972378730774,
        0.9362972378730774
      ],
      "mean_query_value": [
        0.31942617893218994,
        0.6253018379211426,
        0.11940009891986847,
        0.12997736036777496
      ],
      "std_query_value": [
        0.07219196856021881,
        0.4122810363769531,
        0.026849467307329178,
        0.03715376928448677
      ],
      "final_regret_mean": 1.71449875831604,
      "final_regret_std": 0.9362972378730774,
      "floor_reward_fraction_mean": 0.0,
      "step_reward_std_mean": 0.10967104136943817,
      "same_mask_repeat_std_mean": 0.027379203587770462,
      "total_time_mean_sec": 0.07708785403519869
    },
    "gfn": {
      "mean_regret": [
        1.71449875831604,
        1.71449875831604,
        1.71449875831604,
        1.71449875831604
      ],
      "std_regret": [
        0.9362972378730774,
        0.9362972378730774,
        0.9362972378730774,
        0.9362972378730774
      ],
      "mean_best_value": [
        1.6078693866729736,
        1.6078693866729736,
        1.6078693866729736,
        1.6078693866729736
      ],
      "std_best_value": [
        0.9362972378730774,
        0.9362972378730774,
        0.9362972378730774,
        0.9362972378730774
      ],
      "mean_query_value": [
        0.31942617893218994,
        0.6253018379211426,
        0.15082670748233795,
        0.20828121900558472
      ],
      "std_query_value": [
        0.07219196856021881,
        0.4122810363769531,
        0.07794484496116638,
        0.00350894033908844
      ],
      "final_regret_mean": 1.71449875831604,
      "final_regret_std": 0.9362972378730774,
      "floor_reward_fraction_mean": 0.0,
      "step_reward_std_mean": 0.3092361092567444,
      "same_mask_repeat_std_mean": 0.026452437043190002,
      "total_time_mean_sec": 0.6117404169635847
    },
    "tradeoff": {
      "regret_gain_of_gfn": 0.0,
      "slowdown_factor": 7.935626495508113
    }
  },
  "random_trials": [
    {
      "seed": 0,
      "method": "random",
      "benchmark": "hartmann6",
      "spec_name": "main_v2",
      "regrets": [
        2.6507959365844727,
        2.6507959365844727,
        2.6507959365844727,
        2.6507959365844727
      ],
      "best_values": [
        0.6715720891952515,
        0.6715720891952515,
        0.6715720891952515,
        0.6715720891952515
      ],
      "queried_values": [
        0.24723419547080994,
        0.21302080154418945,
        0.09255062788724899,
        0.0928235873579979
      ],
      "proxy_rewards": [
        1.0,
        1.0,
        1.0,
        1.0
      ],
      "proxy_improvements": [
        -0.21041947603225708,
        -0.22708821296691895,
        -0.24257029592990875,
        -0.2964399755001068
      ],
      "floor_reward_flags": [
        0.0,
        0.0,
        0.0,
        0.0
      ],
      "step_reward_std": [
        0.3265365958213806,
        0.0,
        0.0,
        0.29747846722602844
      ],
      "same_mask_repeat_std": [
        0.013178892433643341,
        0.013694106601178646,
        0.018170908093452454,
        0.005919912364333868
      ],
      "surrogate_train_times_sec": [
        0.01122629176825285,
        0.012335541658103466,
        0.011695041321218014,
        0.011838207952678204
      ],
      "gfn_train_times_sec": [
        0.0,
        0.0,
        0.0,
        0.0
      ],
      "proposal_times_sec": [
        0.00486054178327322,
        0.005056458059698343,
        0.005045667290687561,
        0.004885917063802481
      ],
      "iteration_times_sec": [
        0.01880512572824955,
        0.020073916763067245,
        0.01948654279112816,
        0.019437333568930626
      ],
      "total_wall_time_sec": 0.07781195803545415
    },
    {
      "seed": 1,
      "method": "random",
      "benchmark": "hartmann6",
      "spec_name": "main_v2",
      "regrets": [
        0.7782014608383179,
        0.7782014608383179,
        0.7782014608383179,
        0.7782014608383179
      ],
      "best_values": [
        2.5441665649414062,
        2.5441665649414062,
        2.5441665649414062,
        2.5441665649414062
      ],
      "queried_values": [
        0.39161813259124756,
        1.0375828742980957,
        0.14624956250190735,
        0.16713112592697144
      ],
      "proxy_rewards": [
        1.0,
        1.0,
        1.0,
        1.0
      ],
      "proxy_improvements": [
        -1.5976946353912354,
        -1.5770715475082397,
        -1.71576988697052,
        -1.7340071201324463
      ],
      "floor_reward_flags": [
        0.0,
        0.0,
        0.0,
        0.0
      ],
      "step_reward_std": [
        0.0,
        0.0,
        0.2533532679080963,
        0.0
      ],
      "same_mask_repeat_std": [
        0.056812260299921036,
        0.025187542662024498,
        0.036882854998111725,
        0.04918716475367546
      ],
      "surrogate_train_times_sec": [
        0.011208917014300823,
        0.011086791753768921,
        0.011378999799489975,
        0.012217666953802109
      ],
      "gfn_train_times_sec": [
        0.0,
        0.0,
        0.0,
        0.0
      ],
      "proposal_times_sec": [
        0.0047841668128967285,
        0.0050435420125722885,
        0.004818208049982786,
        0.004986666142940521
      ],
      "iteration_times_sec": [
        0.0187093336135149,
        0.018834667280316353,
        0.01887824945151806,
        0.01993320882320404
      ],
      "total_wall_time_sec": 0.07636375003494322
    }
  ],
  "gfn_trials": [
    {
      "seed": 0,
      "method": "gfn",
      "benchmark": "hartmann6",
      "spec_name": "main_v2",
      "regrets": [
        2.6507959365844727,
        2.6507959365844727,
        2.6507959365844727,
        2.6507959365844727
      ],
      "best_values": [
        0.6715720891952515,
        0.6715720891952515,
        0.6715720891952515,
        0.6715720891952515
      ],
      "queried_values": [
        0.24723419547080994,
        0.21302080154418945,
        0.07288186252117157,
        0.21179015934467316
      ],
      "proxy_rewards": [
        1.0,
        1.0,
        1.0,
        1.0
      ],
      "proxy_improvements": [
        -0.21041947603225708,
        -0.22981201112270355,
        -0.28038489818573,
        -0.29323628544807434
      ],
      "floor_reward_flags": [
        0.0,
        0.0,
        0.0,
        0.0
      ],
      "step_reward_std": [
        0.3105649948120117,
        0.3099432587623596,
        0.30705127120018005,
        0.30712977051734924
      ],
      "same_mask_repeat_std": [
        0.0187289509922266,
        0.02133418433368206,
        0.004835884552448988,
        0.01380555983632803
      ],
      "surrogate_train_times_sec": [
        0.024504875764250755,
        0.01220195833593607,
        0.01206416729837656,
        0.012941249646246433
      ],
      "gfn_train_times_sec": [
        0.12145204097032547,
        0.12191812694072723,
        0.12093112617731094,
        0.1191534623503685
      ],
      "proposal_times_sec": [
        0.13723629713058472,
        0.13851004838943481,
        0.1373884528875351,
        0.13424541056156158
      ],
      "iteration_times_sec": [
        0.1642937958240509,
        0.15330329537391663,
        0.15205107629299164,
        0.1495126187801361
      ],
      "total_wall_time_sec": 0.6191668339306489
    },
    {
      "seed": 1,
      "method": "gfn",
      "benchmark": "hartmann6",