{
  "seed": 1,
  "method": "random",
  "benchmark": "ackley10",
  "spec_name": "plain_random_v2",
  "regrets": [
    20.375728607177734,
    20.375728607177734,
    20.375728607177734,
    20.375728607177734
  ],
  "best_values": [
    -20.375728607177734,
    -20.375728607177734,
    -20.375728607177734,
    -20.375728607177734
  ],
  "queried_values": [
    -21.897483825683594,
    -21.0018310546875,
    -21.573692321777344,
    -21.344432830810547
  ],
  "actual_gains": [
    -1.5217552185058594,
    -0.6261024475097656,
    -1.1979637145996094,
    -0.9687042236328125
  ],
  "proxy_rewards": [
    1.0,
    1.0,
    1.0,
    1.0
  ],
  "proxy_improvements": [
    -0.3473159968852997,
    -0.6071776747703552,
    -0.5357283353805542,
    -0.6469197273254395
  ],
  "floor_reward_flags": [
    0.0,
    0.0,
    0.0,
    0.0
  ],
  "step_reward_std": [
    0.0,
    0.0,
    0.0,
    0.0
  ],
  "step_improvement_std": [
    0.0,
    0.0,
    0.0,
    0.0
  ],
  "same_mask_repeat_std": [
    0.032226450741291046,
    0.02301664836704731,
    0.034568484872579575,
    0.017057769000530243
  ],
  "proxy_actual_gain_corr": -0.8510271970137546,
  "surrogate_train_times_sec": [
    0.019615957513451576,
    0.019123416393995285,
    0.020414959639310837,
    0.02028358355164528
  ],
  "gfn_train_times_sec": [
    0.0,
    0.0,
    0.0,
    0.0
  ],
  "proposal_times_sec": [
    0.0008592080557718873,
    0.0008346670074388385,
    0.0007809579838067293,
    0.0007860000478103757
  ],
  "iteration_times_sec": [
    0.0245687086135149,
    0.024170082062482834,
    0.025523459538817406,
    0.025335457175970078
  ],
  "total_wall_time_sec": 0.09983066597487777
}
