{
  "seed": 0,
  "method": "random",
  "benchmark": "ackley10",
  "spec_name": "plain_random_v2",
  "regrets": [
    20.45248031616211,
    20.45248031616211,
    20.45248031616211,
    20.45248031616211
  ],
  "best_values": [
    -20.45248031616211,
    -20.45248031616211,
    -20.45248031616211,
    -20.45248031616211
  ],
  "queried_values": [
    -21.854095458984375,
    -21.521644592285156,
    -21.392913818359375,
    -21.27518081665039
  ],
  "actual_gains": [
    -1.4016151428222656,
    -1.0691642761230469,
    -0.9404335021972656,
    -0.8227005004882812
  ],
  "proxy_rewards": [
    1.0,
    1.0,
    1.0,
    1.0
  ],
  "proxy_improvements": [
    -0.34840327501296997,
    -0.45094525814056396,
    -0.6394636034965515,
    -0.6163119077682495
  ],
  "floor_reward_flags": [
    0.0,
    0.0,
    0.0,
    0.0
  ],
  "step_reward_std": [
    0.0,
    0.0,
    0.0,
    0.0
  ],
  "step_improvement_std": [
    0.0,
    0.0,
    0.0,
    0.0
  ],
  "same_mask_repeat_std": [
    0.012394445016980171,
    0.0338423028588295,
    0.010711798444390297,
    0.022006407380104065
  ],
  "proxy_actual_gain_corr": -0.9281268349951567,
  "surrogate_train_times_sec": [
    0.018931541591882706,
    0.017946500331163406,
    0.018139749765396118,
    0.03197808191180229
  ],
  "gfn_train_times_sec": [
    0.0,
    0.0,
    0.0,
    0.0
  ],
  "proposal_times_sec": [
    0.0007792080286890268,
    0.0007909999694675207,
    0.00067258405033499,
    0.0008307920070365071
  ],
  "iteration_times_sec": [
    0.024013333022594452,
    0.022918540984392166,
    0.022538749501109123,
    0.03715245798230171
  ],
  "total_wall_time_sec": 0.1068435839843005
}
