{
  "seed": 4,
  "method": "random",
  "benchmark": "ackley10",
  "spec_name": "plain_random_v2",
  "regrets": [
    20.151203155517578,
    20.151203155517578,
    20.151203155517578,
    20.151203155517578
  ],
  "best_values": [
    -20.151203155517578,
    -20.151203155517578,
    -20.151203155517578,
    -20.151203155517578
  ],
  "queried_values": [
    -21.20895767211914,
    -21.337112426757812,
    -20.885147094726562,
    -21.493640899658203
  ],
  "actual_gains": [
    -1.0577545166015625,
    -1.1859092712402344,
    -0.7339439392089844,
    -1.342437744140625
  ],
  "proxy_rewards": [
    1.0,
    1.0,
    1.0,
    1.0
  ],
  "proxy_improvements": [
    -0.5558589100837708,
    -0.7377750873565674,
    -0.7223169207572937,
    -0.7072182297706604
  ],
  "floor_reward_flags": [
    0.0,
    0.0,
    0.0,
    0.0
  ],
  "step_reward_std": [
    0.0,
    0.0,
    0.0,
    0.0
  ],
  "step_improvement_std": [
    0.0,
    0.0,
    0.0,
    0.0
  ],
  "same_mask_repeat_std": [
    0.03591416776180267,
    0.0436570830643177,
    0.048847559839487076,
    0.030024487525224686
  ],
  "proxy_actual_gain_corr": 0.021129043218789837,
  "surrogate_train_times_sec": [
    0.019451875239610672,
    0.017956124618649483,
    0.020128250122070312,
    0.02000708319246769
  ],
  "gfn_train_times_sec": [
    0.0,
    0.0,
    0.0,
    0.0
  ],
  "proposal_times_sec": [
    0.0007584170671179891,
    0.0009412500075995922,
    0.0007528329733759165,
    0.000684124999679625
  ],
  "iteration_times_sec": [
    0.024834083393216133,
    0.023238375782966614,
    0.024990417063236237,
    0.02446083351969719
  ],
  "total_wall_time_sec": 0.09773558401502669
}
