{
  "seed": 2,
  "method": "random",
  "benchmark": "ackley10",
  "spec_name": "plain_random_v2",
  "regrets": [
    20.21505355834961,
    20.21505355834961,
    20.21505355834961,
    20.21505355834961
  ],
  "best_values": [
    -20.21505355834961,
    -20.21505355834961,
    -20.21505355834961,
    -20.21505355834961
  ],
  "queried_values": [
    -21.460983276367188,
    -21.453475952148438,
    -21.884410858154297,
    -20.797199249267578
  ],
  "actual_gains": [
    -1.2459297180175781,
    -1.2384223937988281,
    -1.6693572998046875,
    -0.5821456909179688
  ],
  "proxy_rewards": [
    1.0,
    1.0,
    1.0,
    1.0
  ],
  "proxy_improvements": [
    -0.4755619764328003,
    -0.6274376511573792,
    -0.6970086693763733,
    -0.65654456615448
  ],
  "floor_reward_flags": [
    0.0,
    0.0,
    0.0,
    0.0
  ],
  "step_reward_std": [
    0.0,
    0.0,
    0.0,
    0.0
  ],
  "step_improvement_std": [
    0.0,
    0.0,
    0.0,
    0.0
  ],
  "same_mask_repeat_std": [
    0.034405022859573364,
    0.016452262178063393,
    0.017339855432510376,
    0.02684977278113365
  ],
  "proxy_actual_gain_corr": 0.05253624983951583,
  "surrogate_train_times_sec": [
    0.020653624087572098,
    0.018888041377067566,
    0.017249207943677902,
    0.0187389999628067
  ],
  "gfn_train_times_sec": [
    0.0,
    0.0,
    0.0,
    0.0
  ],
  "proposal_times_sec": [
    0.0007406249642372131,
    0.0008148340275511146,
    0.0007492079166695476,
    0.0007792080286890268
  ],
  "iteration_times_sec": [
    0.025493832305073738,
    0.023861665278673172,
    0.021768957376480103,
    0.02333829179406166
  ],
  "total_wall_time_sec": 0.09467320796102285
}
