{
  "seed": 3,
  "method": "random",
  "benchmark": "ackley10",
  "spec_name": "plain_random_v2",
  "regrets": [
    20.327327728271484,
    20.327327728271484,
    20.327327728271484,
    20.327327728271484
  ],
  "best_values": [
    -20.327327728271484,
    -20.327327728271484,
    -20.327327728271484,
    -20.327327728271484
  ],
  "queried_values": [
    -20.90850067138672,
    -21.145153045654297,
    -21.739795684814453,
    -21.45771026611328
  ],
  "actual_gains": [
    -0.5811729431152344,
    -0.8178253173828125,
    -1.4124679565429688,
    -1.1303825378417969
  ],
  "proxy_rewards": [
    1.0,
    1.0,
    1.0,
    1.0
  ],
  "proxy_improvements": [
    -0.5847474932670593,
    -0.4702592194080353,
    -0.4952455759048462,
    -0.6062967777252197
  ],
  "floor_reward_flags": [
    0.0,
    0.0,
    0.0,
    0.0
  ],
  "step_reward_std": [
    0.0,
    0.0,
    0.0,
    0.0
  ],
  "step_improvement_std": [
    0.0,
    0.0,
    0.0,
    0.0
  ],
  "same_mask_repeat_std": [
    0.018725311383605003,
    0.02317316085100174,
    0.01545899547636509,
    0.02921377122402191
  ],
  "proxy_actual_gain_corr": -0.21975217105691208,
  "surrogate_train_times_sec": [
    0.02021462470293045,
    0.01954987458884716,
    0.018634958192706108,
    0.018330082297325134
  ],
  "gfn_train_times_sec": [
    0.0,
    0.0,
    0.0,
    0.0
  ],
  "proposal_times_sec": [
    0.0007486250251531601,
    0.000663875020109117,
    0.0007488749688491225,
    0.0013561249943450093
  ],
  "iteration_times_sec": [
    0.02537495829164982,
    0.024361541494727135,
    0.02372816763818264,
    0.02623712457716465
  ],
  "total_wall_time_sec": 0.09993887494783849
}
